route,origin,destination,distance_km,time_h,tax_eur,toll_method,toll_status,toll_roads,toll_source,toll_notes,fuel_litres,fuel_price_eur_l,gas_eur,vehicle_model,consumption_L_100km,fuel_type,fuel_date
R0001,A Coruña,Albacete,863.547,7.440833,0.0,official_inventory_reference_B,no_toll_expected_official_network,,tabla_peajes_2026.csv + fuentes.csv (MITMA/BOE/concesionarias),Red de referencia gratuita post-liberalizaciones (AP-1/AP-2/AP-4/AP-7 liberadas); ver tabla_peajes_2026.csv.,38.86,1.785,69.36,Toyota Corolla 140H e-CVT 1.8,4.5,Gasolina 95 E5,2026-10-09
R0002,A Coruña,Alicante,1027.716,8.839444,0.0,official_inventory_reference_B,no_toll_expected_official_network,,tabla_peajes_2026.csv + fuentes.csv (MITMA/BOE/concesionarias),Red de referencia gratuita post-liberalizaciones (AP-1/AP-2/AP-4/AP-7 liberadas); ver tabla_peajes_2026.csv.,46.247,1.785,82.55,Toyota Corolla 140H e-CVT 1.8,4.5,Gasolina 95 E5,2026-10-09
R0003,A Coruña,Almería,1134.12,10.000278,0.0,official_inventory_reference_B,no_toll_expected_official_network,,tabla_peajes_2026.csv + fuentes.csv (MITMA/BOE/concesionarias),Red de referencia gratuita post-liberalizaciones (AP-1/AP-2/AP-4/AP-7 liberadas); ver tabla_peajes_2026.csv.,51.035,1.785,91.1,Toyota Corolla 140H e-CVT 1.8,4.5,Gasolina 95 E5,2026-10-09
R0004,A Coruña,Ávila,521.05,4.577222,0.0,official_inventory_reference_B,no_toll_expected_official_network,,tabla_peajes_2026.csv + fuentes.csv (MITMA/BOE/concesionarias),Red de referencia gratuita post-liberalizaciones (AP-1/AP-2/AP-4/AP-7 liberadas); ver tabla_peajes_2026.csv.,23.447,1.785,41.85,Toyota Corolla 140H e-CVT 1.8,4.5,Gasolina 95 E5,2026-10-09
R0005,A Coruña,Badajoz,653.062,6.429167,0.0,official_inventory_reference_B,no_toll_expected_official_network,,tabla_peajes_2026.csv + fuentes.csv (MITMA/BOE/concesionarias),Red de referencia gratuita post-liberalizaciones (AP-1/AP-2/AP-4/AP-7 liberadas); ver tabla_peajes_2026.csv.,29.388,1.785,52.46,Toyota Corolla 140H e-CVT 1.8,4.5,Gasolina 95 E5,2026-10-09
R0006,A Coruña,Barcelona,1088.998,9.458611,0.0,official_inventory_reference_B,no_toll_expected_official_network,,tabla_peajes_2026.csv + fuentes.csv (MITMA/BOE/concesionarias),Red de referencia gratuita post-liberalizaciones (AP-1/AP-2/AP-4/AP-7 liberadas); ver tabla_peajes_2026.csv.,49.005,1.785,87.47,Toyota Corolla 140H e-CVT 1.8,4.5,Gasolina 95 E5,2026-10-09
R0007,A Coruña,Bilbao,544.55,4.878056,0.0,official_inventory_reference_B,no_toll_expected_official_network,,tabla_peajes_2026.csv + fuentes.csv (MITMA/BOE/concesionarias),Red de referencia gratuita post-liberalizaciones (AP-1/AP-2/AP-4/AP-7 liberadas); ver tabla_peajes_2026.csv.,24.505,1.785,43.74,Toyota Corolla 140H e-CVT 1.8,4.5,Gasolina 95 E5,2026-10-09
R0008,A Coruña,Burgos,486.422,4.214444,0.0,official_inventory_reference_B,no_toll_expected_official_network,,tabla_peajes_2026.csv + fuentes.csv (MITMA/BOE/concesionarias),Red de referencia gratuita post-liberalizaciones (AP-1/AP-2/AP-4/AP-7 liberadas); ver tabla_peajes_2026.csv.,21.889,1.785,39.07,Toyota Corolla 140H e-CVT 1.8,4.5,Gasolina 95 E5,2026-10-09
R0009,A Coruña,Cáceres,664.485,5.779444,0.0,official_inventory_reference_B,no_toll_expected_official_network,,tabla_peajes_2026.csv + fuentes.csv (MITMA/BOE/concesionarias),Red de referencia gratuita post-liberalizaciones (AP-1/AP-2/AP-4/AP-7 liberadas); ver tabla_peajes_2026.csv.,29.902,1.785,53.37,Toyota Corolla 140H e-CVT 1.8,4.5,Gasolina 95 E5,2026-10-09
R0010,A Coruña,Cádiz,1039.998,8.979722,0.0,official_inventory_reference_B,no_toll_expected_official_network,,tabla_peajes_2026.csv + fuentes.csv (MITMA/BOE/concesionarias),Red de referencia gratuita post-liberalizaciones (AP-1/AP-2/AP-4/AP-7 liberadas); ver tabla_peajes_2026.csv.,46.8,1.785,83.54,Toyota Corolla 140H e-CVT 1.8,4.5,Gasolina 95 E5,2026-10-09
R0011,A Coruña,Castellón de la Plana,1036.48,8.984167,0.0,official_inventory_reference_B,no_toll_expected_official_network,,tabla_peajes_2026.csv + fuentes.csv (MITMA/BOE/concesionarias),Red de referencia gratuita post-liberalizaciones (AP-1/AP-2/AP-4/AP-7 liberadas); ver tabla_peajes_2026.csv.,46.642,1.785,83.26,Toyota Corolla 140H e-CVT 1.8,4.5,Gasolina 95 E5,2026-10-09
R0012,A Coruña,Ciudad Real,776.008,6.938333,0.0,official_inventory_reference_B,no_toll_expected_official_network,,tabla_peajes_2026.csv + fuentes.csv (MITMA/BOE/concesionarias),Red de referencia gratuita post-liberalizaciones (AP-1/AP-2/AP-4/AP-7 liberadas); ver tabla_peajes_2026.csv.,34.92,1.785,62.33,Toyota Corolla 140H e-CVT 1.8,4.5,Gasolina 95 E5,2026-10-09
R0013,A Coruña,Córdoba,984.94,8.683611,0.0,official_inventory_reference_B,no_toll_expected_official_network,,tabla_peajes_2026.csv + fuentes.csv (MITMA/BOE/concesionarias),Red de referencia gratuita post-liberalizaciones (AP-1/AP-2/AP-4/AP-7 liberadas); ver tabla_peajes_2026.csv.,44.322,1.785,79.12,Toyota Corolla 140H e-CVT 1.8,4.5,Gasolina 95 E5,2026-10-09
R0014,A Coruña,Cuenca,775.113,6.758056,0.0,official_inventory_reference_B,no_toll_expected_official_network,,tabla_peajes_2026.csv + fuentes.csv (MITMA/BOE/concesionarias),Red de referencia gratuita post-liberalizaciones (AP-1/AP-2/AP-4/AP-7 liberadas); ver tabla_peajes_2026.csv.,34.88,1.785,62.26,Toyota Corolla 140H e-CVT 1.8,4.5,Gasolina 95 E5,2026-10-09
R0015,A Coruña,Girona,1154.739,10.043889,0.0,official_inventory_reference_B,no_toll_expected_official_network,,tabla_peajes_2026.csv + fuentes.csv (MITMA/BOE/concesionarias),Red de referencia gratuita post-liberalizaciones (AP-1/AP-2/AP-4/AP-7 liberadas); ver tabla_peajes_2026.csv.,51.963,1.785,92.75,Toyota Corolla 140H e-CVT 1.8,4.5,Gasolina 95 E5,2026-10-09
R0016,A Coruña,Granada,1009.335,8.785556,0.0,official_inventory_reference_B,no_toll_expected_official_network,,tabla_peajes_2026.csv + fuentes.csv (MITMA/BOE/concesionarias),Red de referencia gratuita post-liberalizaciones (AP-1/AP-2/AP-4/AP-7 liberadas); ver tabla_peajes_2026.csv.,45.42,1.785,81.07,Toyota Corolla 140H e-CVT 1.8,4.5,Gasolina 95 E5,2026-10-09
R0017,A Coruña,Guadalajara,651.573,5.765278,0.0,official_inventory_reference_B,no_toll_expected_official_network,,tabla_peajes_2026.csv + fuentes.csv (MITMA/BOE/concesionarias),Red de referencia gratuita post-liberalizaciones (AP-1/AP-2/AP-4/AP-7 liberadas); ver tabla_peajes_2026.csv.,29.321,1.785,52.34,Toyota Corolla 140H e-CVT 1.8,4.5,Gasolina 95 E5,2026-10-09
R0018,A Coruña,Huelva,947.26,8.280278,0.0,official_inventory_reference_B,no_toll_expected_official_network,,tabla_peajes_2026.csv + fuentes.csv (MITMA/BOE/concesionarias),Red de referencia gratuita post-liberalizaciones (AP-1/AP-2/AP-4/AP-7 liberadas); ver tabla_peajes_2026.csv.,42.627,1.785,76.09,Toyota Corolla 140H e-CVT 1.8,4.5,Gasolina 95 E5,2026-10-09
R0019,A Coruña,Huesca,855.729,7.459444,0.0,official_inventory_reference_B,no_toll_expected_official_network,,tabla_peajes_2026.csv + fuentes.csv (MITMA/BOE/concesionarias),Red de referencia gratuita post-liberalizaciones (AP-1/AP-2/AP-4/AP-7 liberadas); ver tabla_peajes_2026.csv.,38.508,1.785,68.74,Toyota Corolla 140H e-CVT 1.8,4.5,Gasolina 95 E5,2026-10-09
R0020,A Coruña,Jaén,921.664,8.032778,0.0,official_inventory_reference_B,no_toll_expected_official_network,,tabla_peajes_2026.csv + fuentes.csv (MITMA/BOE/concesionarias),Red de referencia gratuita post-liberalizaciones (AP-1/AP-2/AP-4/AP-7 liberadas); ver tabla_peajes_2026.csv.,41.475,1.785,74.03,Toyota Corolla 140H e-CVT 1.8,4.5,Gasolina 95 E5,2026-10-09
R0021,A Coruña,León,317.154,2.793056,0.0,official_inventory_reference_B,no_toll_expected_official_network,,tabla_peajes_2026.csv + fuentes.csv (MITMA/BOE/concesionarias),Red de referencia gratuita post-liberalizaciones (AP-1/AP-2/AP-4/AP-7 liberadas); ver tabla_peajes_2026.csv.,14.272,1.785,25.48,Toyota Corolla 140H e-CVT 1.8,4.5,Gasolina 95 E5,2026-10-09
R0022,A Coruña,Lleida,928.088,8.033333,0.0,official_inventory_reference_B,no_toll_expected_official_network,,tabla_peajes_2026.csv + fuentes.csv (MITMA/BOE/concesionarias),Red de referencia gratuita post-liberalizaciones (AP-1/AP-2/AP-4/AP-7 liberadas); ver tabla_peajes_2026.csv.,41.764,1.785,74.55,Toyota Corolla 140H e-CVT 1.8,4.5,Gasolina 95 E5,2026-10-09
R0023,A Coruña,Logroño,677.717,6.027778,0.0,official_inventory_reference_B,no_toll_expected_official_network,,tabla_peajes_2026.csv + fuentes.csv (MITMA/BOE/concesionarias),Red de referencia gratuita post-liberalizaciones (AP-1/AP-2/AP-4/AP-7 liberadas); ver tabla_peajes_2026.csv.,30.497,1.785,54.44,Toyota Corolla 140H e-CVT 1.8,4.5,Gasolina 95 E5,2026-10-09
R0024,A Coruña,Lugo,96.532,0.934444,0.0,official_inventory_reference_B,no_toll_expected_official_network,,tabla_peajes_2026.csv + fuentes.csv (MITMA/BOE/concesionarias),Red de referencia gratuita post-liberalizaciones (AP-1/AP-2/AP-4/AP-7 liberadas); ver tabla_peajes_2026.csv.,4.344,1.785,7.75,Toyota Corolla 140H e-CVT 1.8,4.5,Gasolina 95 E5,2026-10-09
R0025,A Coruña,Madrid,593.399,5.218056,0.0,official_inventory_reference_B,no_toll_expected_official_network,,tabla_peajes_2026.csv + fuentes.csv (MITMA/BOE/concesionarias),Red de referencia gratuita post-liberalizaciones (AP-1/AP-2/AP-4/AP-7 liberadas); ver tabla_peajes_2026.csv.,26.703,1.785,47.66,Toyota Corolla 140H e-CVT 1.8,4.5,Gasolina 95 E5,2026-10-09
R0026,A Coruña,Málaga,1137.924,10.637222,0.0,official_inventory_reference_B,no_toll_expected_official_network,,tabla_peajes_2026.csv + fuentes.csv (MITMA/BOE/concesionarias),Red de referencia gratuita post-liberalizaciones (AP-1/AP-2/AP-4/AP-7 liberadas); ver tabla_peajes_2026.csv.,51.207,1.785,91.4,Toyota Corolla 140H e-CVT 1.8,4.5,Gasolina 95 E5,2026-10-09
R0027,A Coruña,Murcia,1006.011,8.693056,0.0,official_inventory_reference_B,no_toll_expected_official_network,,tabla_peajes_2026.csv + fuentes.csv (MITMA/BOE/concesionarias),Red de referencia gratuita post-liberalizaciones (AP-1/AP-2/AP-4/AP-7 liberadas); ver tabla_peajes_2026.csv.,45.27,1.785,80.81,Toyota Corolla 140H e-CVT 1.8,4.5,Gasolina 95 E5,2026-10-09
R0028,A Coruña,Ourense,173.33,1.589444,0.0,official_inventory_reference_B,no_toll_expected_official_network,,tabla_peajes_2026.csv + fuentes.csv (MITMA/BOE/concesionarias),Red de referencia gratuita post-liberalizaciones (AP-1/AP-2/AP-4/AP-7 liberadas); ver tabla_peajes_2026.csv.,7.8,1.785,13.92,Toyota Corolla 140H e-CVT 1.8,4.5,Gasolina 95 E5,2026-10-09
R0029,A Coruña,Oviedo,292.657,2.568889,0.0,official_inventory_reference_B,no_toll_expected_official_network,,tabla_peajes_2026.csv + fuentes.csv (MITMA/BOE/concesionarias),Corredor cantábrico/pirenaico sin AP-66 en la referencia.,13.17,1.785,23.51,Toyota Corolla 140H e-CVT 1.8,4.5,Gasolina 95 E5,2026-10-09
R0030,A Coruña,Palencia,440.385,3.978333,0.0,official_inventory_reference_B,no_toll_expected_official_network,,tabla_peajes_2026.csv + fuentes.csv (MITMA/BOE/concesionarias),Red de referencia gratuita post-liberalizaciones (AP-1/AP-2/AP-4/AP-7 liberadas); ver tabla_peajes_2026.csv.,19.817,1.785,35.37,Toyota Corolla 140H e-CVT 1.8,4.5,Gasolina 95 E5,2026-10-09
R0031,A Coruña,Pamplona,691.546,6.022778,0.0,official_inventory_reference_B,no_toll_expected_official_network,,tabla_peajes_2026.csv + fuentes.csv (MITMA/BOE/concesionarias),Red de referencia gratuita post-liberalizaciones (AP-1/AP-2/AP-4/AP-7 liberadas); ver tabla_peajes_2026.csv.,31.12,1.785,55.55,Toyota Corolla 140H e-CVT 1.8,4.5,Gasolina 95 E5,2026-10-09
R0032,A Coruña,Pontevedra,139.27,1.485833,16.35,official_inventory_reference_B,valued_official_2026,AP-9 A Coruña-Pontevedra,tabla_peajes_2026.csv + fuentes.csv (MITMA/BOE/concesionarias),Suma de tramos oficiales Audasa 2026: 8.80+7.55.,6.267,1.785,11.19,Toyota Corolla 140H e-CVT 1.8,4.5,Gasolina 95 E5,2026-10-09
R0033,A Coruña,Salamanca,460.601,4.0125,0.0,official_inventory_reference_B,no_toll_expected_official_network,,tabla_peajes_2026.csv + fuentes.csv (MITMA/BOE/concesionarias),Red de referencia gratuita post-liberalizaciones (AP-1/AP-2/AP-4/AP-7 liberadas); ver tabla_peajes_2026.csv.,20.727,1.785,37.0,Toyota Corolla 140H e-CVT 1.8,4.5,Gasolina 95 E5,2026-10-09
R0034,A Coruña,San Sebastián,640.304,5.806667,0.0,official_inventory_reference_B,no_toll_expected_official_network,,tabla_peajes_2026.csv + fuentes.csv (MITMA/BOE/concesionarias),Red de referencia gratuita post-liberalizaciones (AP-1/AP-2/AP-4/AP-7 liberadas); ver tabla_peajes_2026.csv.,28.814,1.785,51.43,Toyota Corolla 140H e-CVT 1.8,4.5,Gasolina 95 E5,2026-10-09
R0035,A Coruña,Santander,453.462,4.031111,0.0,official_inventory_reference_B,no_toll_expected_official_network,,tabla_peajes_2026.csv + fuentes.csv (MITMA/BOE/concesionarias),Red de referencia gratuita post-liberalizaciones (AP-1/AP-2/AP-4/AP-7 liberadas); ver tabla_peajes_2026.csv.,20.406,1.785,36.42,Toyota Corolla 140H e-CVT 1.8,4.5,Gasolina 95 E5,2026-10-09
R0036,A Coruña,Segovia,547.384,4.753889,0.0,official_inventory_reference_B,no_toll_expected_official_network,,tabla_peajes_2026.csv + fuentes.csv (MITMA/BOE/concesionarias),Red de referencia gratuita post-liberalizaciones (AP-1/AP-2/AP-4/AP-7 liberadas); ver tabla_peajes_2026.csv.,24.632,1.785,43.97,Toyota Corolla 140H e-CVT 1.8,4.5,Gasolina 95 E5,2026-10-09
R0037,A Coruña,Sevilla,920.784,7.890556,0.0,official_inventory_reference_B,no_toll_expected_official_network,,tabla_peajes_2026.csv + fuentes.csv (MITMA/BOE/concesionarias),Red de referencia gratuita post-liberalizaciones (AP-1/AP-2/AP-4/AP-7 liberadas); ver tabla_peajes_2026.csv.,41.435,1.785,73.96,Toyota Corolla 140H e-CVT 1.8,4.5,Gasolina 95 E5,2026-10-09
R0038,A Coruña,Soria,620.789,5.836667,0.0,official_inventory_reference_B,no_toll_expected_official_network,,tabla_peajes_2026.csv + fuentes.csv (MITMA/BOE/concesionarias),Red de referencia gratuita post-liberalizaciones (AP-1/AP-2/AP-4/AP-7 liberadas); ver tabla_peajes_2026.csv.,27.936,1.785,49.86,Toyota Corolla 140H e-CVT 1.8,4.5,Gasolina 95 E5,2026-10-09
R0039,A Coruña,Tarragona,1010.803,8.831389,0.0,official_inventory_reference_B,no_toll_expected_official_network,,tabla_peajes_2026.csv + fuentes.csv (MITMA/BOE/concesionarias),Red de referencia gratuita post-liberalizaciones (AP-1/AP-2/AP-4/AP-7 liberadas); ver tabla_peajes_2026.csv.,45.486,1.785,81.19,Toyota Corolla 140H e-CVT 1.8,4.5,Gasolina 95 E5,2026-10-09
R0040,A Coruña,Teruel,848.799,8.299722,0.0,official_inventory_reference_B,no_toll_expected_official_network,,tabla_peajes_2026.csv + fuentes.csv (MITMA/BOE/concesionarias),Red de referencia gratuita post-liberalizaciones (AP-1/AP-2/AP-4/AP-7 liberadas); ver tabla_peajes_2026.csv.,38.196,1.785,68.18,Toyota Corolla 140H e-CVT 1.8,4.5,Gasolina 95 E5,2026-10-09
R0041,A Coruña,Toledo,659.581,5.729444,0.0,official_inventory_reference_B,no_toll_expected_official_network,,tabla_peajes_2026.csv + fuentes.csv (MITMA/BOE/concesionarias),Red de referencia gratuita post-liberalizaciones (AP-1/AP-2/AP-4/AP-7 liberadas); ver tabla_peajes_2026.csv.,29.681,1.785,52.98,Toyota Corolla 140H e-CVT 1.8,4.5,Gasolina 95 E5,2026-10-09
R0042,A Coruña,Valencia,963.36,8.338611,0.0,official_inventory_reference_B,no_toll_expected_official_network,,tabla_peajes_2026.csv + fuentes.csv (MITMA/BOE/concesionarias),Red de referencia gratuita post-liberalizaciones (AP-1/AP-2/AP-4/AP-7 liberadas); ver tabla_peajes_2026.csv.,43.351,1.785,77.38,Toyota Corolla 140H e-CVT 1.8,4.5,Gasolina 95 E5,2026-10-09
R0043,A Coruña,Valladolid,437.812,3.801667,0.0,official_inventory_reference_B,no_toll_expected_official_network,,tabla_peajes_2026.csv + fuentes.csv (MITMA/BOE/concesionarias),Red de referencia gratuita post-liberalizaciones (AP-1/AP-2/AP-4/AP-7 liberadas); ver tabla_peajes_2026.csv.,19.702,1.785,35.17,Toyota Corolla 140H e-CVT 1.8,4.5,Gasolina 95 E5,2026-10-09
R0044,A Coruña,Vitoria-Gasteiz,595.524,5.200556,0.0,official_inventory_reference_B,no_toll_expected_official_network,,tabla_peajes_2026.csv + fuentes.csv (MITMA/BOE/concesionarias),Red de referencia gratuita post-liberalizaciones (AP-1/AP-2/AP-4/AP-7 liberadas); ver tabla_peajes_2026.csv.,26.799,1.785,47.84,Toyota Corolla 140H e-CVT 1.8,4.5,Gasolina 95 E5,2026-10-09
R0045,A Coruña,Zamora,397.097,3.588333,0.0,official_inventory_reference_B,no_toll_expected_official_network,,tabla_peajes_2026.csv + fuentes.csv (MITMA/BOE/concesionarias),Red de referencia gratuita post-liberalizaciones (AP-1/AP-2/AP-4/AP-7 liberadas); ver tabla_peajes_2026.csv.,17.869,1.785,31.9,Toyota Corolla 140H e-CVT 1.8,4.5,Gasolina 95 E5,2026-10-09
R0046,A Coruña,Zaragoza,782.494,6.851944,0.0,official_inventory_reference_B,no_toll_expected_official_network,,tabla_peajes_2026.csv + fuentes.csv (MITMA/BOE/concesionarias),Red de referencia gratuita post-liberalizaciones (AP-1/AP-2/AP-4/AP-7 liberadas); ver tabla_peajes_2026.csv.,35.212,1.785,62.85,Toyota Corolla 140H e-CVT 1.8,4.5,Gasolina 95 E5,2026-10-09
R0047,Albacete,A Coruña,867.528,7.533333,0.0,official_inventory_reference_B,no_toll_expected_official_network,,tabla_peajes_2026.csv + fuentes.csv (MITMA/BOE/concesionarias),Red de referencia gratuita post-liberalizaciones (AP-1/AP-2/AP-4/AP-7 liberadas); ver tabla_peajes_2026.csv.,39.039,1.785,69.68,Toyota Corolla 140H e-CVT 1.8,4.5,Gasolina 95 E5,2026-10-09
R0048,Albacete,Alicante,168.049,1.544722,0.0,official_inventory_reference_B,no_toll_expected_official_network,,tabla_peajes_2026.csv + fuentes.csv (MITMA/BOE/concesionarias),Red de referencia gratuita post-liberalizaciones (AP-1/AP-2/AP-4/AP-7 liberadas); ver tabla_peajes_2026.csv.,7.562,1.785,13.5,Toyota Corolla 140H e-CVT 1.8,4.5,Gasolina 95 E5,2026-10-09
R0049,Albacete,Almería,338.267,2.959444,0.0,official_inventory_reference_B,no_toll_expected_official_network,,tabla_peajes_2026.csv + fuentes.csv (MITMA/BOE/concesionarias),Red de referencia gratuita post-liberalizaciones (AP-1/AP-2/AP-4/AP-7 liberadas); ver tabla_peajes_2026.csv.,15.222,1.785,27.17,Toyota Corolla 140H e-CVT 1.8,4.5,Gasolina 95 E5,2026-10-09
R0050,Albacete,Ávila,389.158,3.533889,0.0,official_inventory_reference_B,no_toll_expected_official_network,,tabla_peajes_2026.csv + fuentes.csv (MITMA/BOE/concesionarias),Red de referencia gratuita post-liberalizaciones (AP-1/AP-2/AP-4/AP-7 liberadas); ver tabla_peajes_2026.csv.,17.512,1.785,31.26,Toyota Corolla 140H e-CVT 1.8,4.5,Gasolina 95 E5,2026-10-09
R0051,Albacete,Badajoz,529.31,5.152778,0.0,official_inventory_reference_B,no_toll_expected_official_network,,tabla_peajes_2026.csv + fuentes.csv (MITMA/BOE/concesionarias),Red de referencia gratuita post-liberalizaciones (AP-1/AP-2/AP-4/AP-7 liberadas); ver tabla_peajes_2026.csv.,23.819,1.785,42.52,Toyota Corolla 140H e-CVT 1.8,4.5,Gasolina 95 E5,2026-10-09
R0052,Albacete,Barcelona,511.285,4.841944,0.0,official_inventory_reference_B,no_toll_expected_official_network,,tabla_peajes_2026.csv + fuentes.csv (MITMA/BOE/concesionarias),Red de referencia gratuita post-liberalizaciones (AP-1/AP-2/AP-4/AP-7 liberadas); ver tabla_peajes_2026.csv.,23.008,1.785,41.07,Toyota Corolla 140H e-CVT 1.8,4.5,Gasolina 95 E5,2026-10-09
R0053,Albacete,Bilbao,646.911,5.671111,0.0,official_inventory_reference_B,no_toll_expected_official_network,,tabla_peajes_2026.csv + fuentes.csv (MITMA/BOE/concesionarias),Red de referencia gratuita post-liberalizaciones (AP-1/AP-2/AP-4/AP-7 liberadas); ver tabla_peajes_2026.csv.,29.111,1.785,51.96,Toyota Corolla 140H e-CVT 1.8,4.5,Gasolina 95 E5,2026-10-09
R0054,Albacete,Burgos,492.799,4.303056,0.0,official_inventory_reference_B,no_toll_expected_official_network,,tabla_peajes_2026.csv + fuentes.csv (MITMA/BOE/concesionarias),Red de referencia gratuita post-liberalizaciones (AP-1/AP-2/AP-4/AP-7 liberadas); ver tabla_peajes_2026.csv.,22.176,1.785,39.58,Toyota Corolla 140H e-CVT 1.8,4.5,Gasolina 95 E5,2026-10-09
R0055,Albacete,Cáceres,519.479,4.608611,0.0,official_inventory_reference_B,no_toll_expected_official_network,,tabla_peajes_2026.csv + fuentes.csv (MITMA/BOE/concesionarias),Red de referencia gratuita post-liberalizaciones (AP-1/AP-2/AP-4/AP-7 liberadas); ver tabla_peajes_2026.csv.,23.377,1.785,41.73,Toyota Corolla 140H e-CVT 1.8,4.5,Gasolina 95 E5,2026-10-09
R0056,Albacete,Cádiz,642.688,5.764722,0.0,official_inventory_reference_B,no_toll_expected_official_network,,tabla_peajes_2026.csv + fuentes.csv (MITMA/BOE/concesionarias),Red de referencia gratuita post-liberalizaciones (AP-1/AP-2/AP-4/AP-7 liberadas); ver tabla_peajes_2026.csv.,28.921,1.785,51.62,Toyota Corolla 140H e-CVT 1.8,4.5,Gasolina 95 E5,2026-10-09
R0057,Albacete,Castellón de la Plana,277.339,2.539444,0.0,official_inventory_reference_B,no_toll_expected_official_network,,tabla_peajes_2026.csv + fuentes.csv (MITMA/BOE/concesionarias),Red de referencia gratuita post-liberalizaciones (AP-1/AP-2/AP-4/AP-7 liberadas); ver tabla_peajes_2026.csv.,12.48,1.785,22.28,Toyota Corolla 140H e-CVT 1.8,4.5,Gasolina 95 E5,2026-10-09
R0058,Albacete,Ciudad Real,221.664,2.008056,0.0,official_inventory_reference_B,no_toll_expected_official_network,,tabla_peajes_2026.csv + fuentes.csv (MITMA/BOE/concesionarias),Red de referencia gratuita post-liberalizaciones (AP-1/AP-2/AP-4/AP-7 liberadas); ver tabla_peajes_2026.csv.,9.975,1.785,17.81,Toyota Corolla 140H e-CVT 1.8,4.5,Gasolina 95 E5,2026-10-09
R0059,Albacete,Córdoba,391.399,3.614444,0.0,official_inventory_reference_B,no_toll_expected_official_network,,tabla_peajes_2026.csv + fuentes.csv (MITMA/BOE/concesionarias),Red de referencia gratuita post-liberalizaciones (AP-1/AP-2/AP-4/AP-7 liberadas); ver tabla_peajes_2026.csv.,17.613,1.785,31.44,Toyota Corolla 140H e-CVT 1.8,4.5,Gasolina 95 E5,2026-10-09
R0060,Albacete,Cuenca,164.199,1.685833,0.0,official_inventory_reference_B,no_toll_expected_official_network,,tabla_peajes_2026.csv + fuentes.csv (MITMA/BOE/concesionarias),Red de referencia gratuita post-liberalizaciones (AP-1/AP-2/AP-4/AP-7 liberadas); ver tabla_peajes_2026.csv.,7.389,1.785,13.19,Toyota Corolla 140H e-CVT 1.8,4.5,Gasolina 95 E5,2026-10-09
R0061,Albacete,Girona,603.816,5.56,0.0,official_inventory_reference_B,no_toll_expected_official_network,,tabla_peajes_2026.csv + fuentes.csv (MITMA/BOE/concesionarias),Red de referencia gratuita post-liberalizaciones (AP-1/AP-2/AP-4/AP-7 liberadas); ver tabla_peajes_2026.csv.,27.172,1.785,48.5,Toyota Corolla 140H e-CVT 1.8,4.5,Gasolina 95 E5,2026-10-09
R0062,Albacete,Granada,349.527,3.576667,0.0,official_inventory_reference_B,no_toll_expected_official_network,,tabla_peajes_2026.csv + fuentes.csv (MITMA/BOE/concesionarias),Red de referencia gratuita post-liberalizaciones (AP-1/AP-2/AP-4/AP-7 liberadas); ver tabla_peajes_2026.csv.,15.729,1.785,28.08,Toyota Corolla 140H e-CVT 1.8,4.5,Gasolina 95 E5,2026-10-09
R0063,Albacete,Guadalajara,286.216,2.649722,0.0,official_inventory_reference_B,no_toll_expected_official_network,,tabla_peajes_2026.csv + fuentes.csv (MITMA/BOE/concesionarias),Red de referencia gratuita post-liberalizaciones (AP-1/AP-2/AP-4/AP-7 liberadas); ver tabla_peajes_2026.csv.,12.88,1.785,22.99,Toyota Corolla 140H e-CVT 1.8,4.5,Gasolina 95 E5,2026-10-09
R0064,Albacete,Huelva,620.783,5.5775,0.0,official_inventory_reference_B,no_toll_expected_official_network,,tabla_peajes_2026.csv + fuentes.csv (MITMA/BOE/concesionarias),Red de referencia gratuita post-liberalizaciones (AP-1/AP-2/AP-4/AP-7 liberadas); ver tabla_peajes_2026.csv.,27.935,1.785,49.86,Toyota Corolla 140H e-CVT 1.8,4.5,Gasolina 95 E5,2026-10-09
R0065,Albacete,Huesca,478.533,4.799722,0.0,official_inventory_reference_B,no_toll_expected_official_network,,tabla_peajes_2026.csv + fuentes.csv (MITMA/BOE/concesionarias),Red de referencia gratuita post-liberalizaciones (AP-1/AP-2/AP-4/AP-7 liberadas); ver tabla_peajes_2026.csv.,21.534,1.785,38.44,Toyota Corolla 140H e-CVT 1.8,4.5,Gasolina 95 E5,2026-10-09
R0066,Albacete,Jaén,261.458,2.810833,0.0,official_inventory_reference_B,no_toll_expected_official_network,,tabla_peajes_2026.csv + fuentes.csv (MITMA/BOE/concesionarias),Red de referencia gratuita post-liberalizaciones (AP-1/AP-2/AP-4/AP-7 liberadas); ver tabla_peajes_2026.csv.,11.766,1.785,21.0,Toyota Corolla 140H e-CVT 1.8,4.5,Gasolina 95 E5,2026-10-09
R0067,Albacete,León,613.991,5.410556,0.0,official_inventory_reference_B,no_toll_expected_official_network,,tabla_peajes_2026.csv + fuentes.csv (MITMA/BOE/concesionarias),Red de referencia gratuita post-liberalizaciones (AP-1/AP-2/AP-4/AP-7 liberadas); ver tabla_peajes_2026.csv.,27.63,1.785,49.32,Toyota Corolla 140H e-CVT 1.8,4.5,Gasolina 95 E5,2026-10-09
R0068,Albacete,Lleida,503.628,4.748889,0.0,official_inventory_reference_B,no_toll_expected_official_network,,tabla_peajes_2026.csv + fuentes.csv (MITMA/BOE/concesionarias),Red de referencia gratuita post-liberalizaciones (AP-1/AP-2/AP-4/AP-7 liberadas); ver tabla_peajes_2026.csv.,22.663,1.785,40.45,Toyota Corolla 140H e-CVT 1.8,4.5,Gasolina 95 E5,2026-10-09
R0069,Albacete,Logroño,554.172,5.215278,0.0,official_inventory_reference_B,no_toll_expected_official_network,,tabla_peajes_2026.csv + fuentes.csv (MITMA/BOE/concesionarias),Red de referencia gratuita post-liberalizaciones (AP-1/AP-2/AP-4/AP-7 liberadas); ver tabla_peajes_2026.csv.,24.938,1.785,44.51,Toyota Corolla 140H e-CVT 1.8,4.5,Gasolina 95 E5,2026-10-09
R0070,Albacete,Lugo,762.22,6.675,0.0,official_inventory_reference_B,no_toll_expected_official_network,,tabla_peajes_2026.csv + fuentes.csv (MITMA/BOE/concesionarias),Red de referencia gratuita post-liberalizaciones (AP-1/AP-2/AP-4/AP-7 liberadas); ver tabla_peajes_2026.csv.,34.3,1.785,61.23,Toyota Corolla 140H e-CVT 1.8,4.5,Gasolina 95 E5,2026-10-09
R0071,Albacete,Madrid,258.622,2.355833,0.0,official_inventory_reference_B,no_toll_expected_official_network,,tabla_peajes_2026.csv + fuentes.csv (MITMA/BOE/concesionarias),Red de referencia gratuita post-liberalizaciones (AP-1/AP-2/AP-4/AP-7 liberadas); ver tabla_peajes_2026.csv.,11.638,1.785,20.77,Toyota Corolla 140H e-CVT 1.8,4.5,Gasolina 95 E5,2026-10-09
R0072,Albacete,Málaga,458.962,5.318333,0.0,official_inventory_reference_B,no_toll_expected_official_network,,tabla_peajes_2026.csv + fuentes.csv (MITMA/BOE/concesionarias),Red de referencia gratuita post-liberalizaciones (AP-1/AP-2/AP-4/AP-7 liberadas); ver tabla_peajes_2026.csv.,20.653,1.785,36.87,Toyota Corolla 140H e-CVT 1.8,4.5,Gasolina 95 E5,2026-10-09
R0073,Albacete,Murcia,146.342,1.397778,0.0,official_inventory_reference_B,no_toll_expected_official_network,,tabla_peajes_2026.csv + fuentes.csv (MITMA/BOE/concesionarias),Red de referencia gratuita post-liberalizaciones (AP-1/AP-2/AP-4/AP-7 liberadas); ver tabla_peajes_2026.csv.,6.585,1.785,11.75,Toyota Corolla 140H e-CVT 1.8,4.5,Gasolina 95 E5,2026-10-09
R0074,Albacete,Ourense,777.392,6.903333,0.0,official_inventory_reference_B,no_toll_expected_official_network,,tabla_peajes_2026.csv + fuentes.csv (MITMA/BOE/concesionarias),Red de referencia gratuita post-liberalizaciones (AP-1/AP-2/AP-4/AP-7 liberadas); ver tabla_peajes_2026.csv.,34.983,1.785,62.44,Toyota Corolla 140H e-CVT 1.8,4.5,Gasolina 95 E5,2026-10-09
R0075,Albacete,Oviedo,723.378,6.395556,16.2,official_inventory_reference_B,valued_official_2026,AP-66 Campomanes-León,tabla_peajes_2026.csv + fuentes.csv (MITMA/BOE/concesionarias),Paso del Huerna hacia la Meseta/sur; sin alternativa rápida equivalente.,32.552,1.785,58.11,Toyota Corolla 140H e-CVT 1.8,4.5,Gasolina 95 E5,2026-10-09
R0076,Albacete,Palencia,495.879,4.657778,0.0,official_inventory_reference_B,no_toll_expected_official_network,,tabla_peajes_2026.csv + fuentes.csv (MITMA/BOE/concesionarias),Red de referencia gratuita post-liberalizaciones (AP-1/AP-2/AP-4/AP-7 liberadas); ver tabla_peajes_2026.csv.,22.315,1.785,39.83,Toyota Corolla 140H e-CVT 1.8,4.5,Gasolina 95 E5,2026-10-09
R0077,Albacete,Pamplona,579.6,5.727778,0.0,official_inventory_reference_B,no_toll_expected_official_network,,tabla_peajes_2026.csv + fuentes.csv (MITMA/BOE/concesionarias),Red de referencia gratuita post-liberalizaciones (AP-1/AP-2/AP-4/AP-7 liberadas); ver tabla_peajes_2026.csv.,26.082,1.785,46.56,Toyota Corolla 140H e-CVT 1.8,4.5,Gasolina 95 E5,2026-10-09
R0078,Albacete,Pontevedra,864.674,7.986944,0.0,official_inventory_reference_B,no_toll_expected_official_network,,tabla_peajes_2026.csv + fuentes.csv (MITMA/BOE/concesionarias),Red de referencia gratuita post-liberalizaciones (AP-1/AP-2/AP-4/AP-7 liberadas); ver tabla_peajes_2026.csv.,38.91,1.785,69.45,Toyota Corolla 140H e-CVT 1.8,4.5,Gasolina 95 E5,2026-10-09
R0079,Albacete,Salamanca,487.918,4.352222,0.0,official_inventory_reference_B,no_toll_expected_official_network,,tabla_peajes_2026.csv + fuentes.csv (MITMA/BOE/concesionarias),Red de referencia gratuita post-liberalizaciones (AP-1/AP-2/AP-4/AP-7 liberadas); ver tabla_peajes_2026.csv.,21.956,1.785,39.19,Toyota Corolla 140H e-CVT 1.8,4.5,Gasolina 95 E5,2026-10-09
R0080,Albacete,San Sebastián,702.06,6.188333,0.0,official_inventory_reference_B,no_toll_expected_official_network,,tabla_peajes_2026.csv + fuentes.csv (MITMA/BOE/concesionarias),Red de referencia gratuita post-liberalizaciones (AP-1/AP-2/AP-4/AP-7 liberadas); ver tabla_peajes_2026.csv.,31.593,1.785,56.39,Toyota Corolla 140H e-CVT 1.8,4.5,Gasolina 95 E5,2026-10-09
R0081,Albacete,Santander,703.055,6.164167,0.0,official_inventory_reference_B,no_toll_expected_official_network,,tabla_peajes_2026.csv + fuentes.csv (MITMA/BOE/concesionarias),Red de referencia gratuita post-liberalizaciones (AP-1/AP-2/AP-4/AP-7 liberadas); ver tabla_peajes_2026.csv.,31.637,1.785,56.47,Toyota Corolla 140H e-CVT 1.8,4.5,Gasolina 95 E5,2026-10-09
R0082,Albacete,Segovia,366.929,3.346944,0.0,official_inventory_reference_B,no_toll_expected_official_network,,tabla_peajes_2026.csv + fuentes.csv (MITMA/BOE/concesionarias),Red de referencia gratuita post-liberalizaciones (AP-1/AP-2/AP-4/AP-7 liberadas); ver tabla_peajes_2026.csv.,16.512,1.785,29.47,Toyota Corolla 140H e-CVT 1.8,4.5,Gasolina 95 E5,2026-10-09
R0083,Albacete,Sevilla,528.365,4.806389,0.0,official_inventory_reference_B,no_toll_expected_official_network,,tabla_peajes_2026.csv + fuentes.csv (MITMA/BOE/concesionarias),Red de referencia gratuita post-liberalizaciones (AP-1/AP-2/AP-4/AP-7 liberadas); ver tabla_peajes_2026.csv.,23.776,1.785,42.44,Toyota Corolla 140H e-CVT 1.8,4.5,Gasolina 95 E5,2026-10-09
R0084,Albacete,Soria,455.551,4.0975,0.0,official_inventory_reference_B,no_toll_expected_official_network,,tabla_peajes_2026.csv + fuentes.csv (MITMA/BOE/concesionarias),Red de referencia gratuita post-liberalizaciones (AP-1/AP-2/AP-4/AP-7 liberadas); ver tabla_peajes_2026.csv.,20.5,1.785,36.59,Toyota Corolla 140H e-CVT 1.8,4.5,Gasolina 95 E5,2026-10-09
R0085,Albacete,Tarragona,434.624,4.113056,0.0,official_inventory_reference_B,no_toll_expected_official_network,,tabla_peajes_2026.csv + fuentes.csv (MITMA/BOE/concesionarias),Red de referencia gratuita post-liberalizaciones (AP-1/AP-2/AP-4/AP-7 liberadas); ver tabla_peajes_2026.csv.,19.558,1.785,34.91,Toyota Corolla 140H e-CVT 1.8,4.5,Gasolina 95 E5,2026-10-09
R0086,Albacete,Teruel,216.474,2.6575,0.0,official_inventory_reference_B,no_toll_expected_official_network,,tabla_peajes_2026.csv + fuentes.csv (MITMA/BOE/concesionarias),Red de referencia gratuita post-liberalizaciones (AP-1/AP-2/AP-4/AP-7 liberadas); ver tabla_peajes_2026.csv.,9.741,1.785,17.39,Toyota Corolla 140H e-CVT 1.8,4.5,Gasolina 95 E5,2026-10-09
R0087,Albacete,Toledo,261.068,2.363333,0.0,official_inventory_reference_B,no_toll_expected_official_network,,tabla_peajes_2026.csv + fuentes.csv (MITMA/BOE/concesionarias),Red de referencia gratuita post-liberalizaciones (AP-1/AP-2/AP-4/AP-7 liberadas); ver tabla_peajes_2026.csv.,11.748,1.785,20.97,Toyota Corolla 140H e-CVT 1.8,4.5,Gasolina 95 E5,2026-10-09
R0088,Albacete,Valencia,187.033,1.763333,0.0,official_inventory_reference_B,no_toll_expected_official_network,,tabla_peajes_2026.csv + fuentes.csv (MITMA/BOE/concesionarias),Red de referencia gratuita post-liberalizaciones (AP-1/AP-2/AP-4/AP-7 liberadas); ver tabla_peajes_2026.csv.,8.416,1.785,15.02,Toyota Corolla 140H e-CVT 1.8,4.5,Gasolina 95 E5,2026-10-09
R0089,Albacete,Valladolid,485.654,4.343333,0.0,official_inventory_reference_B,no_toll_expected_official_network,,tabla_peajes_2026.csv + fuentes.csv (MITMA/BOE/concesionarias),Red de referencia gratuita post-liberalizaciones (AP-1/AP-2/AP-4/AP-7 liberadas); ver tabla_peajes_2026.csv.,21.854,1.785,39.01,Toyota Corolla 140H e-CVT 1.8,4.5,Gasolina 95 E5,2026-10-09
R0090,Albacete,Vitoria-Gasteiz,602.091,5.296667,0.0,official_inventory_reference_B,no_toll_expected_official_network,,tabla_peajes_2026.csv + fuentes.csv (MITMA/BOE/concesionarias),Red de referencia gratuita post-liberalizaciones (AP-1/AP-2/AP-4/AP-7 liberadas); ver tabla_peajes_2026.csv.,27.094,1.785,48.36,Toyota Corolla 140H e-CVT 1.8,4.5,Gasolina 95 E5,2026-10-09
R0091,Albacete,Zamora,537.473,4.914722,0.0,official_inventory_reference_B,no_toll_expected_official_network,,tabla_peajes_2026.csv + fuentes.csv (MITMA/BOE/concesionarias),Red de referencia gratuita post-liberalizaciones (AP-1/AP-2/AP-4/AP-7 liberadas); ver tabla_peajes_2026.csv.,24.186,1.785,43.17,Toyota Corolla 140H e-CVT 1.8,4.5,Gasolina 95 E5,2026-10-09
R0092,Albacete,Zaragoza,405.852,4.210556,0.0,official_inventory_reference_B,no_toll_expected_official_network,,tabla_peajes_2026.csv + fuentes.csv (MITMA/BOE/concesionarias),Red de referencia gratuita post-liberalizaciones (AP-1/AP-2/AP-4/AP-7 liberadas); ver tabla_peajes_2026.csv.,18.263,1.785,32.6,Toyota Corolla 140H e-CVT 1.8,4.5,Gasolina 95 E5,2026-10-09
R0093,Alicante,A Coruña,1020.467,8.846111,0.0,official_inventory_reference_B,no_toll_expected_official_network,,tabla_peajes_2026.csv + fuentes.csv (MITMA/BOE/concesionarias),Red de referencia gratuita post-liberalizaciones (AP-1/AP-2/AP-4/AP-7 liberadas); ver tabla_peajes_2026.csv.,45.921,1.785,81.97,Toyota Corolla 140H e-CVT 1.8,4.5,Gasolina 95 E5,2026-10-09
R0094,Alicante,Albacete,167.601,1.535,0.0,official_inventory_reference_B,no_toll_expected_official_network,,tabla_peajes_2026.csv + fuentes.csv (MITMA/BOE/concesionarias),Red de referencia gratuita post-liberalizaciones (AP-1/AP-2/AP-4/AP-7 liberadas); ver tabla_peajes_2026.csv.,7.542,1.785,13.46,Toyota Corolla 140H e-CVT 1.8,4.5,Gasolina 95 E5,2026-10-09
R0095,Alicante,Almería,282.128,2.526111,0.0,official_inventory_reference_B,no_toll_expected_official_network,,tabla_peajes_2026.csv + fuentes.csv (MITMA/BOE/concesionarias),Red de referencia gratuita post-liberalizaciones (AP-1/AP-2/AP-4/AP-7 liberadas); ver tabla_peajes_2026.csv.,12.696,1.785,22.66,Toyota Corolla 140H e-CVT 1.8,4.5,Gasolina 95 E5,2026-10-09
R0096,Alicante,Ávila,551.499,4.890556,0.0,official_inventory_reference_B,no_toll_expected_official_network,,tabla_peajes_2026.csv + fuentes.csv (MITMA/BOE/concesionarias),Red de referencia gratuita post-liberalizaciones (AP-1/AP-2/AP-4/AP-7 liberadas); ver tabla_peajes_2026.csv.,24.817,1.785,44.3,Toyota Corolla 140H e-CVT 1.8,4.5,Gasolina 95 E5,2026-10-09
R0097,Alicante,Badajoz,691.653,6.509444,0.0,official_inventory_reference_B,no_toll_expected_official_network,,tabla_peajes_2026.csv + fuentes.csv (MITMA/BOE/concesionarias),Red de referencia gratuita post-liberalizaciones (AP-1/AP-2/AP-4/AP-7 liberadas); ver tabla_peajes_2026.csv.,31.124,1.785,55.56,Toyota Corolla 140H e-CVT 1.8,4.5,Gasolina 95 E5,2026-10-09
R0098,Alicante,Barcelona,535.855,4.776111,0.0,official_inventory_reference_B,no_toll_expected_official_network,,tabla_peajes_2026.csv + fuentes.csv (MITMA/BOE/concesionarias),Red de referencia gratuita post-liberalizaciones (AP-1/AP-2/AP-4/AP-7 liberadas); ver tabla_peajes_2026.csv.,24.113,1.785,43.04,Toyota Corolla 140H e-CVT 1.8,4.5,Gasolina 95 E5,2026-10-09
R0099,Alicante,Bilbao,798.707,6.984167,0.0,official_inventory_reference_B,no_toll_expected_official_network,,tabla_peajes_2026.csv + fuentes.csv (MITMA/BOE/concesionarias),Red de referencia gratuita post-liberalizaciones (AP-1/AP-2/AP-4/AP-7 liberadas); ver tabla_peajes_2026.csv.,35.942,1.785,64.16,Toyota Corolla 140H e-CVT 1.8,4.5,Gasolina 95 E5,2026-10-09
R0100,Alicante,Burgos,655.14,5.659722,0.0,official_inventory_reference_B,no_toll_expected_official_network,,tabla_peajes_2026.csv + fuentes.csv (MITMA/BOE/concesionarias),Red de referencia gratuita post-liberalizaciones (AP-1/AP-2/AP-4/AP-7 liberadas); ver tabla_peajes_2026.csv.,29.481,1.785,52.62,Toyota Corolla 140H e-CVT 1.8,4.5,Gasolina 95 E5,2026-10-09
R0101,Alicante,Cáceres,681.822,5.965278,0.0,official_inventory_reference_B,no_toll_expected_official_network,,tabla_peajes_2026.csv + fuentes.csv (MITMA/BOE/concesionarias),Red de referencia gratuita post-liberalizaciones (AP-1/AP-2/AP-4/AP-7 liberadas); ver tabla_peajes_2026.csv.,30.682,1.785,54.77,Toyota Corolla 140H e-CVT 1.8,4.5,Gasolina 95 E5,2026-10-09
R0102,Alicante,Cádiz,640.203,6.376667,0.0,official_inventory_reference_B,no_toll_expected_official_network,,tabla_peajes_2026.csv + fuentes.csv (MITMA/BOE/concesionarias),Red de referencia gratuita post-liberalizaciones (AP-1/AP-2/AP-4/AP-7 liberadas); ver tabla_peajes_2026.csv.,28.809,1.785,51.42,Toyota Corolla 140H e-CVT 1.8,4.5,Gasolina 95 E5,2026-10-09
R0103,Alicante,Castellón de la Plana,266.949,2.457222,0.0,official_inventory_reference_B,no_toll_expected_official_network,,tabla_peajes_2026.csv + fuentes.csv (MITMA/BOE/concesionarias),Red de referencia gratuita post-liberalizaciones (AP-1/AP-2/AP-4/AP-7 liberadas); ver tabla_peajes_2026.csv.,12.013,1.785,21.44,Toyota Corolla 140H e-CVT 1.8,4.5,Gasolina 95 E5,2026-10-09
R0104,Alicante,Ciudad Real,384.008,3.364722,0.0,official_inventory_reference_B,no_toll_expected_official_network,,tabla_peajes_2026.csv + fuentes.csv (MITMA/BOE/concesionarias),Red de referencia gratuita post-liberalizaciones (AP-1/AP-2/AP-4/AP-7 liberadas); ver tabla_peajes_2026.csv.,17.28,1.785,30.85,Toyota Corolla 140H e-CVT 1.8,4.5,Gasolina 95 E5,2026-10-09
R0105,Alicante,Córdoba,553.742,4.970833,0.0,official_inventory_reference_B,no_toll_expected_official_network,,tabla_peajes_2026.csv + fuentes.csv (MITMA/BOE/concesionarias),Red de referencia gratuita post-liberalizaciones (AP-1/AP-2/AP-4/AP-7 liberadas); ver tabla_peajes_2026.csv.,24.918,1.785,44.48,Toyota Corolla 140H e-CVT 1.8,4.5,Gasolina 95 E5,2026-10-09
R0106,Alicante,Cuenca,327.326,3.043056,0.0,official_inventory_reference_B,no_toll_expected_official_network,,tabla_peajes_2026.csv + fuentes.csv (MITMA/BOE/concesionarias),Red de referencia gratuita post-liberalizaciones (AP-1/AP-2/AP-4/AP-7 liberadas); ver tabla_peajes_2026.csv.,14.73,1.785,26.29,Toyota Corolla 140H e-CVT 1.8,4.5,Gasolina 95 E5,2026-10-09
R0107,Alicante,Girona,628.386,5.494167,0.0,official_inventory_reference_B,no_toll_expected_official_network,,tabla_peajes_2026.csv + fuentes.csv (MITMA/BOE/concesionarias),Red de referencia gratuita post-liberalizaciones (AP-1/AP-2/AP-4/AP-7 liberadas); ver tabla_peajes_2026.csv.,28.277,1.785,50.48,Toyota Corolla 140H e-CVT 1.8,4.5,Gasolina 95 E5,2026-10-09
R0108,Alicante,Granada,349.607,3.261111,0.0,official_inventory_reference_B,no_toll_expected_official_network,,tabla_peajes_2026.csv + fuentes.csv (MITMA/BOE/concesionarias),Red de referencia gratuita post-liberalizaciones (AP-1/AP-2/AP-4/AP-7 liberadas); ver tabla_peajes_2026.csv.,15.732,1.785,28.08,Toyota Corolla 140H e-CVT 1.8,4.5,Gasolina 95 E5,2026-10-09
R0109,Alicante,Guadalajara,448.564,4.006389,0.0,official_inventory_reference_B,no_toll_expected_official_network,,tabla_peajes_2026.csv + fuentes.csv (MITMA/BOE/concesionarias),Red de referencia gratuita post-liberalizaciones (AP-1/AP-2/AP-4/AP-7 liberadas); ver tabla_peajes_2026.csv.,20.185,1.785,36.03,Toyota Corolla 140H e-CVT 1.8,4.5,Gasolina 95 E5,2026-10-09
R0110,Alicante,Huelva,700.228,6.395278,0.0,official_inventory_reference_B,no_toll_expected_official_network,,tabla_peajes_2026.csv + fuentes.csv (MITMA/BOE/concesionarias),Red de referencia gratuita post-liberalizaciones (AP-1/AP-2/AP-4/AP-7 liberadas); ver tabla_peajes_2026.csv.,31.51,1.785,56.25,Toyota Corolla 140H e-CVT 1.8,4.5,Gasolina 95 E5,2026-10-09
R0111,Alicante,Huesca,549.734,5.366667,0.0,official_inventory_reference_B,no_toll_expected_official_network,,tabla_peajes_2026.csv + fuentes.csv (MITMA/BOE/concesionarias),Red de referencia gratuita post-liberalizaciones (AP-1/AP-2/AP-4/AP-7 liberadas); ver tabla_peajes_2026.csv.,24.738,1.785,44.16,Toyota Corolla 140H e-CVT 1.8,4.5,Gasolina 95 E5,2026-10-09
R0112,Alicante,Jaén,426.596,4.215833,0.0,official_inventory_reference_B,no_toll_expected_official_network,,tabla_peajes_2026.csv + fuentes.csv (MITMA/BOE/concesionarias),Red de referencia gratuita post-liberalizaciones (AP-1/AP-2/AP-4/AP-7 liberadas); ver tabla_peajes_2026.csv.,19.197,1.785,34.27,Toyota Corolla 140H e-CVT 1.8,4.5,Gasolina 95 E5,2026-10-09
R0113,Alicante,León,776.332,6.767222,0.0,official_inventory_reference_B,no_toll_expected_official_network,,tabla_peajes_2026.csv + fuentes.csv (MITMA/BOE/concesionarias),Red de referencia gratuita post-liberalizaciones (AP-1/AP-2/AP-4/AP-7 liberadas); ver tabla_peajes_2026.csv.,34.935,1.785,62.36,Toyota Corolla 140H e-CVT 1.8,4.5,Gasolina 95 E5,2026-10-09
R0114,Alicante,Lleida,528.198,4.683056,0.0,official_inventory_reference_B,no_toll_expected_official_network,,tabla_peajes_2026.csv + fuentes.csv (MITMA/BOE/concesionarias),Red de referencia gratuita post-liberalizaciones (AP-1/AP-2/AP-4/AP-7 liberadas); ver tabla_peajes_2026.csv.,23.769,1.785,42.43,Toyota Corolla 140H e-CVT 1.8,4.5,Gasolina 95 E5,2026-10-09
R0115,Alicante,Logroño,665.717,5.849444,0.0,official_inventory_reference_B,no_toll_expected_official_network,,tabla_peajes_2026.csv + fuentes.csv (MITMA/BOE/concesionarias),Red de referencia gratuita post-liberalizaciones (AP-1/AP-2/AP-4/AP-7 liberadas); ver tabla_peajes_2026.csv.,29.957,1.785,53.47,Toyota Corolla 140H e-CVT 1.8,4.5,Gasolina 95 E5,2026-10-09
R0116,Alicante,Lugo,939.326,8.083889,0.0,official_inventory_reference_B,no_toll_expected_official_network,,tabla_peajes_2026.csv + fuentes.csv (MITMA/BOE/concesionarias),Red de referencia gratuita post-liberalizaciones (AP-1/AP-2/AP-4/AP-7 liberadas); ver tabla_peajes_2026.csv.,42.27,1.785,75.45,Toyota Corolla 140H e-CVT 1.8,4.5,Gasolina 95 E5,2026-10-09
R0117,Alicante,Madrid,420.974,3.712222,0.0,official_inventory_reference_B,no_toll_expected_official_network,,tabla_peajes_2026.csv + fuentes.csv (MITMA/BOE/concesionarias),Red de referencia gratuita post-liberalizaciones (AP-1/AP-2/AP-4/AP-7 liberadas); ver tabla_peajes_2026.csv.,18.944,1.785,33.81,Toyota Corolla 140H e-CVT 1.8,4.5,Gasolina 95 E5,2026-10-09
R0118,Alicante,Málaga,472.313,5.042222,0.0,official_inventory_reference_B,no_toll_expected_official_network,,tabla_peajes_2026.csv + fuentes.csv (MITMA/BOE/concesionarias),Red de referencia gratuita post-liberalizaciones (AP-1/AP-2/AP-4/AP-7 liberadas); ver tabla_peajes_2026.csv.,21.254,1.785,37.94,Toyota Corolla 140H e-CVT 1.8,4.5,Gasolina 95 E5,2026-10-09
R0119,Alicante,Murcia,81.779,0.863889,0.0,official_inventory_reference_B,no_toll_expected_official_network,,tabla_peajes_2026.csv + fuentes.csv (MITMA/BOE/concesionarias),Red de referencia gratuita post-liberalizaciones (AP-1/AP-2/AP-4/AP-7 liberadas); ver tabla_peajes_2026.csv.,3.68,1.785,6.57,Toyota Corolla 140H e-CVT 1.8,4.5,Gasolina 95 E5,2026-10-09
R0120,Alicante,Ourense,924.968,8.207778,0.0,official_inventory_reference_B,no_toll_expected_official_network,,tabla_peajes_2026.csv + fuentes.csv (MITMA/BOE/concesionarias),Red de referencia gratuita post-liberalizaciones (AP-1/AP-2/AP-4/AP-7 liberadas); ver tabla_peajes_2026.csv.,41.624,1.785,74.3,Toyota Corolla 140H e-CVT 1.8,4.5,Gasolina 95 E5,2026-10-09
R0121,Alicante,Oviedo,870.954,7.7,16.2,official_inventory_reference_B,valued_official_2026,AP-66 Campomanes-León,tabla_peajes_2026.csv + fuentes.csv (MITMA/BOE/concesionarias),Paso del Huerna hacia la Meseta/sur; sin alternativa rápida equivalente.,39.193,1.785,69.96,Toyota Corolla 140H e-CVT 1.8,4.5,Gasolina 95 E5,2026-10-09
R0122,Alicante,Palencia,658.22,6.014444,0.0,official_inventory_reference_B,no_toll_expected_official_network,,tabla_peajes_2026.csv + fuentes.csv (MITMA/BOE/concesionarias),Red de referencia gratuita post-liberalizaciones (AP-1/AP-2/AP-4/AP-7 liberadas); ver tabla_peajes_2026.csv.,29.62,1.785,52.87,Toyota Corolla 140H e-CVT 1.8,4.5,Gasolina 95 E5,2026-10-09
R0123,Alicante,Pamplona,675.365,5.988333,0.0,official_inventory_reference_B,no_toll_expected_official_network,,tabla_peajes_2026.csv + fuentes.csv (MITMA/BOE/concesionarias),Red de referencia gratuita post-liberalizaciones (AP-1/AP-2/AP-4/AP-7 liberadas); ver tabla_peajes_2026.csv.,30.391,1.785,54.25,Toyota Corolla 140H e-CVT 1.8,4.5,Gasolina 95 E5,2026-10-09
R0124,Alicante,Pontevedra,1027.015,9.343333,0.0,official_inventory_reference_B,no_toll_expected_official_network,,tabla_peajes_2026.csv + fuentes.csv (MITMA/BOE/concesionarias),Red de referencia gratuita post-liberalizaciones (AP-1/AP-2/AP-4/AP-7 liberadas); ver tabla_peajes_2026.csv.,46.216,1.785,82.49,Toyota Corolla 140H e-CVT 1.8,4.5,Gasolina 95 E5,2026-10-09
R0125,Alicante,Salamanca,650.259,5.708889,0.0,official_inventory_reference_B,no_toll_expected_official_network,,tabla_peajes_2026.csv + fuentes.csv (MITMA/BOE/concesionarias),Red de referencia gratuita post-liberalizaciones (AP-1/AP-2/AP-4/AP-7 liberadas); ver tabla_peajes_2026.csv.,29.262,1.785,52.23,Toyota Corolla 140H e-CVT 1.8,4.5,Gasolina 95 E5,2026-10-09
R0126,Alicante,San Sebastián,759.913,6.779722,0.0,official_inventory_reference_B,no_toll_expected_official_network,,tabla_peajes_2026.csv + fuentes.csv (MITMA/BOE/concesionarias),Red de referencia gratuita post-liberalizaciones (AP-1/AP-2/AP-4/AP-7 liberadas); ver tabla_peajes_2026.csv.,34.196,1.785,61.04,Toyota Corolla 140H e-CVT 1.8,4.5,Gasolina 95 E5,2026-10-09
R0127,Alicante,Santander,865.396,7.520833,0.0,official_inventory_reference_B,no_toll_expected_official_network,,tabla_peajes_2026.csv + fuentes.csv (MITMA/BOE/concesionarias),Red de referencia gratuita post-liberalizaciones (AP-1/AP-2/AP-4/AP-7 liberadas); ver tabla_peajes_2026.csv.,38.943,1.785,69.51,Toyota Corolla 140H e-CVT 1.8,4.5,Gasolina 95 E5,2026-10-09
R0128,Alicante,Segovia,529.27,4.703611,0.0,official_inventory_reference_B,no_toll_expected_official_network,,tabla_peajes_2026.csv + fuentes.csv (MITMA/BOE/concesionarias),Red de referencia gratuita post-liberalizaciones (AP-1/AP-2/AP-4/AP-7 liberadas); ver tabla_peajes_2026.csv.,23.817,1.785,42.51,Toyota Corolla 140H e-CVT 1.8,4.5,Gasolina 95 E5,2026-10-09
R0129,Alicante,Sevilla,602.787,5.589444,0.0,official_inventory_reference_B,no_toll_expected_official_network,,tabla_peajes_2026.csv + fuentes.csv (MITMA/BOE/concesionarias),Red de referencia gratuita post-liberalizaciones (AP-1/AP-2/AP-4/AP-7 liberadas); ver tabla_peajes_2026.csv.,27.125,1.785,48.42,Toyota Corolla 140H e-CVT 1.8,4.5,Gasolina 95 E5,2026-10-09
R0130,Alicante,Soria,617.892,5.454167,0.0,official_inventory_reference_B,no_toll_expected_official_network,,tabla_peajes_2026.csv + fuentes.csv (MITMA/BOE/concesionarias),Red de referencia gratuita post-liberalizaciones (AP-1/AP-2/AP-4/AP-7 liberadas); ver tabla_peajes_2026.csv.,27.805,1.785,49.63,Toyota Corolla 140H e-CVT 1.8,4.5,Gasolina 95 E5,2026-10-09
R0131,Alicante,Tarragona,444.807,3.921111,0.0,official_inventory_reference_B,no_toll_expected_official_network,,tabla_peajes_2026.csv + fuentes.csv (MITMA/BOE/concesionarias),Red de referencia gratuita post-liberalizaciones (AP-1/AP-2/AP-4/AP-7 liberadas); ver tabla_peajes_2026.csv.,20.016,1.785,35.73,Toyota Corolla 140H e-CVT 1.8,4.5,Gasolina 95 E5,2026-10-09
R0132,Alicante,Teruel,330.783,3.000556,0.0,official_inventory_reference_B,no_toll_expected_official_network,,tabla_peajes_2026.csv + fuentes.csv (MITMA/BOE/concesionarias),Red de referencia gratuita post-liberalizaciones (AP-1/AP-2/AP-4/AP-7 liberadas); ver tabla_peajes_2026.csv.,14.885,1.785,26.57,Toyota Corolla 140H e-CVT 1.8,4.5,Gasolina 95 E5,2026-10-09
R0133,Alicante,Toledo,423.412,3.720278,0.0,official_inventory_reference_B,no_toll_expected_official_network,,tabla_peajes_2026.csv + fuentes.csv (MITMA/BOE/concesionarias),Red de referencia gratuita post-liberalizaciones (AP-1/AP-2/AP-4/AP-7 liberadas); ver tabla_peajes_2026.csv.,19.054,1.785,34.01,Toyota Corolla 140H e-CVT 1.8,4.5,Gasolina 95 E5,2026-10-09
R0134,Alicante,Valencia,176.646,1.681667,0.0,official_inventory_reference_B,no_toll_expected_official_network,,tabla_peajes_2026.csv + fuentes.csv (MITMA/BOE/concesionarias),Red de referencia gratuita post-liberalizaciones (AP-1/AP-2/AP-4/AP-7 liberadas); ver tabla_peajes_2026.csv.,7.949,1.785,14.19,Toyota Corolla 140H e-CVT 1.8,4.5,Gasolina 95 E5,2026-10-09
R0135,Alicante,Valladolid,647.995,5.699722,0.0,official_inventory_reference_B,no_toll_expected_official_network,,tabla_peajes_2026.csv + fuentes.csv (MITMA/BOE/concesionarias),Red de referencia gratuita post-liberalizaciones (AP-1/AP-2/AP-4/AP-7 liberadas); ver tabla_peajes_2026.csv.,29.16,1.785,52.05,Toyota Corolla 140H e-CVT 1.8,4.5,Gasolina 95 E5,2026-10-09
R0136,Alicante,Vitoria-Gasteiz,764.432,6.653333,0.0,official_inventory_reference_B,no_toll_expected_official_network,,tabla_peajes_2026.csv + fuentes.csv (MITMA/BOE/concesionarias),Red de referencia gratuita post-liberalizaciones (AP-1/AP-2/AP-4/AP-7 liberadas); ver tabla_peajes_2026.csv.,34.399,1.785,61.4,Toyota Corolla 140H e-CVT 1.8,4.5,Gasolina 95 E5,2026-10-09
R0137,Alicante,Zamora,699.814,6.271111,0.0,official_inventory_reference_B,no_toll_expected_official_network,,tabla_peajes_2026.csv + fuentes.csv (MITMA/BOE/concesionarias),Red de referencia gratuita post-liberalizaciones (AP-1/AP-2/AP-4/AP-7 liberadas); ver tabla_peajes_2026.csv.,31.492,1.785,56.21,Toyota Corolla 140H e-CVT 1.8,4.5,Gasolina 95 E5,2026-10-09
R0138,Alicante,Zaragoza,477.053,4.777778,0.0,official_inventory_reference_B,no_toll_expected_official_network,,tabla_peajes_2026.csv + fuentes.csv (MITMA/BOE/concesionarias),Red de referencia gratuita post-liberalizaciones (AP-1/AP-2/AP-4/AP-7 liberadas); ver tabla_peajes_2026.csv.,21.467,1.785,38.32,Toyota Corolla 140H e-CVT 1.8,4.5,Gasolina 95 E5,2026-10-09
R0139,Almería,A Coruña,1150.958,10.218056,0.0,official_inventory_reference_B,no_toll_expected_official_network,,tabla_peajes_2026.csv + fuentes.csv (MITMA/BOE/concesionarias),Red de referencia gratuita post-liberalizaciones (AP-1/AP-2/AP-4/AP-7 liberadas); ver tabla_peajes_2026.csv.,51.793,1.785,92.45,Toyota Corolla 140H e-CVT 1.8,4.5,Gasolina 95 E5,2026-10-09
R0140,Almería,Albacete,333.698,2.889722,0.0,official_inventory_reference_B,no_toll_expected_official_network,,tabla_peajes_2026.csv + fuentes.csv (MITMA/BOE/concesionarias),Red de referencia gratuita post-liberalizaciones (AP-1/AP-2/AP-4/AP-7 liberadas); ver tabla_peajes_2026.csv.,15.016,1.785,26.8,Toyota Corolla 140H e-CVT 1.8,4.5,Gasolina 95 E5,2026-10-09
R0141,Almería,Alicante,274.462,2.412222,0.0,official_inventory_reference_B,no_toll_expected_official_network,,tabla_peajes_2026.csv + fuentes.csv (MITMA/BOE/concesionarias),Red de referencia gratuita post-liberalizaciones (AP-1/AP-2/AP-4/AP-7 liberadas); ver tabla_peajes_2026.csv.,12.351,1.785,22.05,Toyota Corolla 140H e-CVT 1.8,4.5,Gasolina 95 E5,2026-10-09
R0142,Almería,Ávila,630.983,6.165278,0.0,official_inventory_reference_B,no_toll_expected_official_network,,tabla_peajes_2026.csv + fuentes.csv (MITMA/BOE/concesionarias),Red de referencia gratuita post-liberalizaciones (AP-1/AP-2/AP-4/AP-7 liberadas); ver tabla_peajes_2026.csv.,28.394,1.785,50.68,Toyota Corolla 140H e-CVT 1.8,4.5,Gasolina 95 E5,2026-10-09
R0143,Almería,Badajoz,785.538,7.595278,0.0,official_inventory_reference_B,no_toll_expected_official_network,,tabla_peajes_2026.csv + fuentes.csv (MITMA/BOE/concesionarias),Red de referencia gratuita post-liberalizaciones (AP-1/AP-2/AP-4/AP-7 liberadas); ver tabla_peajes_2026.csv.,35.349,1.785,63.1,Toyota Corolla 140H e-CVT 1.8,4.5,Gasolina 95 E5,2026-10-09
R0144,Almería,Barcelona,762.746,6.671111,0.0,official_inventory_reference_B,no_toll_expected_official_network,,tabla_peajes_2026.csv + fuentes.csv (MITMA/BOE/concesionarias),Red de referencia gratuita post-liberalizaciones (AP-1/AP-2/AP-4/AP-7 liberadas); ver tabla_peajes_2026.csv.,34.324,1.785,61.27,Toyota Corolla 140H e-CVT 1.8,4.5,Gasolina 95 E5,2026-10-09
R0145,Almería,Bilbao,975.345,8.384444,0.0,official_inventory_reference_B,no_toll_expected_official_network,,tabla_peajes_2026.csv + fuentes.csv (MITMA/BOE/concesionarias),Red de referencia gratuita post-liberalizaciones (AP-1/AP-2/AP-4/AP-7 liberadas); ver tabla_peajes_2026.csv.,43.891,1.785,78.34,Toyota Corolla 140H e-CVT 1.8,4.5,Gasolina 95 E5,2026-10-09
R0146,Almería,Burgos,821.233,7.016667,0.0,official_inventory_reference_B,no_toll_expected_official_network,,tabla_peajes_2026.csv + fuentes.csv (MITMA/BOE/concesionarias),Red de referencia gratuita post-liberalizaciones (AP-1/AP-2/AP-4/AP-7 liberadas); ver tabla_peajes_2026.csv.,36.955,1.785,65.97,Toyota Corolla 140H e-CVT 1.8,4.5,Gasolina 95 E5,2026-10-09
R0147,Almería,Cáceres,638.158,6.537778,0.0,official_inventory_reference_B,no_toll_expected_official_network,,tabla_peajes_2026.csv + fuentes.csv (MITMA/BOE/concesionarias),Red de referencia gratuita post-liberalizaciones (AP-1/AP-2/AP-4/AP-7 liberadas); ver tabla_peajes_2026.csv.,28.717,1.785,51.26,Toyota Corolla 140H e-CVT 1.8,4.5,Gasolina 95 E5,2026-10-09
R0148,Almería,Cádiz,460.078,4.723333,0.0,official_inventory_reference_B,no_toll_expected_official_network,,tabla_peajes_2026.csv + fuentes.csv (MITMA/BOE/concesionarias),Red de referencia gratuita post-liberalizaciones (AP-1/AP-2/AP-4/AP-7 liberadas); ver tabla_peajes_2026.csv.,20.704,1.785,36.96,Toyota Corolla 140H e-CVT 1.8,4.5,Gasolina 95 E5,2026-10-09
R0149,Almería,Castellón de la Plana,493.849,4.351944,0.0,official_inventory_reference_B,no_toll_expected_official_network,,tabla_peajes_2026.csv + fuentes.csv (MITMA/BOE/concesionarias),Red de referencia gratuita post-liberalizaciones (AP-1/AP-2/AP-4/AP-7 liberadas); ver tabla_peajes_2026.csv.,22.223,1.785,39.67,Toyota Corolla 140H e-CVT 1.8,4.5,Gasolina 95 E5,2026-10-09
R0150,Almería,Ciudad Real,431.618,4.063333,0.0,official_inventory_reference_B,no_toll_expected_official_network,,tabla_peajes_2026.csv + fuentes.csv (MITMA/BOE/concesionarias),Red de referencia gratuita post-liberalizaciones (AP-1/AP-2/AP-4/AP-7 liberadas); ver tabla_peajes_2026.csv.,19.423,1.785,34.67,Toyota Corolla 140H e-CVT 1.8,4.5,Gasolina 95 E5,2026-10-09
R0151,Almería,Córdoba,328.033,3.361111,0.0,official_inventory_reference_B,no_toll_expected_official_network,,tabla_peajes_2026.csv + fuentes.csv (MITMA/BOE/concesionarias),Red de referencia gratuita post-liberalizaciones (AP-1/AP-2/AP-4/AP-7 liberadas); ver tabla_peajes_2026.csv.,14.761,1.785,26.35,Toyota Corolla 140H e-CVT 1.8,4.5,Gasolina 95 E5,2026-10-09
R0152,Almería,Cuenca,492.642,4.398333,0.0,official_inventory_reference_B,no_toll_expected_official_network,,tabla_peajes_2026.csv + fuentes.csv (MITMA/BOE/concesionarias),Red de referencia gratuita post-liberalizaciones (AP-1/AP-2/AP-4/AP-7 liberadas); ver tabla_peajes_2026.csv.,22.169,1.785,39.57,Toyota Corolla 140H e-CVT 1.8,4.5,Gasolina 95 E5,2026-10-09
R0153,Almería,Girona,855.277,7.388889,0.0,official_inventory_reference_B,no_toll_expected_official_network,,tabla_peajes_2026.csv + fuentes.csv (MITMA/BOE/concesionarias),Red de referencia gratuita post-liberalizaciones (AP-1/AP-2/AP-4/AP-7 liberadas); ver tabla_peajes_2026.csv.,38.487,1.785,68.7,Toyota Corolla 140H e-CVT 1.8,4.5,Gasolina 95 E5,2026-10-09
R0154,Almería,Granada,169.483,1.6075,0.0,official_inventory_reference_B,no_toll_expected_official_network,,tabla_peajes_2026.csv + fuentes.csv (MITMA/BOE/concesionarias),Red de referencia gratuita post-liberalizaciones (AP-1/AP-2/AP-4/AP-7 liberadas); ver tabla_peajes_2026.csv.,7.627,1.785,13.61,Toyota Corolla 140H e-CVT 1.8,4.5,Gasolina 95 E5,2026-10-09
R0155,Almería,Guadalajara,614.657,5.363333,0.0,official_inventory_reference_B,no_toll_expected_official_network,,tabla_peajes_2026.csv + fuentes.csv (MITMA/BOE/concesionarias),Red de referencia gratuita post-liberalizaciones (AP-1/AP-2/AP-4/AP-7 liberadas); ver tabla_peajes_2026.csv.,27.66,1.785,49.37,Toyota Corolla 140H e-CVT 1.8,4.5,Gasolina 95 E5,2026-10-09
R0156,Almería,Huelva,520.103,4.741944,0.0,official_inventory_reference_B,no_toll_expected_official_network,,tabla_peajes_2026.csv + fuentes.csv (MITMA/BOE/concesionarias),Red de referencia gratuita post-liberalizaciones (AP-1/AP-2/AP-4/AP-7 liberadas); ver tabla_peajes_2026.csv.,23.405,1.785,41.78,Toyota Corolla 140H e-CVT 1.8,4.5,Gasolina 95 E5,2026-10-09
R0157,Almería,Huesca,801.189,6.955,0.0,official_inventory_reference_B,no_toll_expected_official_network,,tabla_peajes_2026.csv + fuentes.csv (MITMA/BOE/concesionarias),Red de referencia gratuita post-liberalizaciones (AP-1/AP-2/AP-4/AP-7 liberadas); ver tabla_peajes_2026.csv.,36.054,1.785,64.36,Toyota Corolla 140H e-CVT 1.8,4.5,Gasolina 95 E5,2026-10-09
R0158,Almería,Jaén,227.932,2.203889,0.0,official_inventory_reference_B,no_toll_expected_official_network,,tabla_peajes_2026.csv + fuentes.csv (MITMA/BOE/concesionarias),Red de referencia gratuita post-liberalizaciones (AP-1/AP-2/AP-4/AP-7 liberadas); ver tabla_peajes_2026.csv.,10.257,1.785,18.31,Toyota Corolla 140H e-CVT 1.8,4.5,Gasolina 95 E5,2026-10-09
R0159,Almería,León,892.058,8.086944,0.0,official_inventory_reference_B,no_toll_expected_official_network,,tabla_peajes_2026.csv + fuentes.csv (MITMA/BOE/concesionarias),Red de referencia gratuita post-liberalizaciones (AP-1/AP-2/AP-4/AP-7 liberadas); ver tabla_peajes_2026.csv.,40.143,1.785,71.65,Toyota Corolla 140H e-CVT 1.8,4.5,Gasolina 95 E5,2026-10-09
R0160,Almería,Lleida,755.089,6.577778,0.0,official_inventory_reference_B,no_toll_expected_official_network,,tabla_peajes_2026.csv + fuentes.csv (MITMA/BOE/concesionarias),Red de referencia gratuita post-liberalizaciones (AP-1/AP-2/AP-4/AP-7 liberadas); ver tabla_peajes_2026.csv.,33.979,1.785,60.65,Toyota Corolla 140H e-CVT 1.8,4.5,Gasolina 95 E5,2026-10-09
R0161,Almería,Logroño,892.606,7.743333,0.0,official_inventory_reference_B,no_toll_expected_official_network,,tabla_peajes_2026.csv + fuentes.csv (MITMA/BOE/concesionarias),Red de referencia gratuita post-liberalizaciones (AP-1/AP-2/AP-4/AP-7 liberadas); ver tabla_peajes_2026.csv.,40.167,1.785,71.7,Toyota Corolla 140H e-CVT 1.8,4.5,Gasolina 95 E5,2026-10-09
R0162,Almería,Lugo,1055.052,9.403611,0.0,official_inventory_reference_B,no_toll_expected_official_network,,tabla_peajes_2026.csv + fuentes.csv (MITMA/BOE/concesionarias),Red de referencia gratuita post-liberalizaciones (AP-1/AP-2/AP-4/AP-7 liberadas); ver tabla_peajes_2026.csv.,47.477,1.785,84.75,Toyota Corolla 140H e-CVT 1.8,4.5,Gasolina 95 E5,2026-10-09
R0163,Almería,Madrid,587.067,5.069167,0.0,official_inventory_reference_B,no_toll_expected_official_network,,tabla_peajes_2026.csv + fuentes.csv (MITMA/BOE/concesionarias),Red de referencia gratuita post-liberalizaciones (AP-1/AP-2/AP-4/AP-7 liberadas); ver tabla_peajes_2026.csv.,26.418,1.785,47.16,Toyota Corolla 140H e-CVT 1.8,4.5,Gasolina 95 E5,2026-10-09
R0164,Almería,Málaga,292.188,3.388889,0.0,official_inventory_reference_B,no_toll_expected_official_network,,tabla_peajes_2026.csv + fuentes.csv (MITMA/BOE/concesionarias),Red de referencia gratuita post-liberalizaciones (AP-1/AP-2/AP-4/AP-7 liberadas); ver tabla_peajes_2026.csv.,13.148,1.785,23.47,Toyota Corolla 140H e-CVT 1.8,4.5,Gasolina 95 E5,2026-10-09
R0165,Almería,Murcia,201.998,1.819167,0.0,official_inventory_reference_B,no_toll_expected_official_network,,tabla_peajes_2026.csv + fuentes.csv (MITMA/BOE/concesionarias),Red de referencia gratuita post-liberalizaciones (AP-1/AP-2/AP-4/AP-7 liberadas); ver tabla_peajes_2026.csv.,9.09,1.785,16.23,Toyota Corolla 140H e-CVT 1.8,4.5,Gasolina 95 E5,2026-10-09
R0166,Almería,Ourense,1055.459,9.579722,0.0,official_inventory_reference_B,no_toll_expected_official_network,,tabla_peajes_2026.csv + fuentes.csv (MITMA/BOE/concesionarias),Red de referencia gratuita post-liberalizaciones (AP-1/AP-2/AP-4/AP-7 liberadas); ver tabla_peajes_2026.csv.,47.496,1.785,84.78,Toyota Corolla 140H e-CVT 1.8,4.5,Gasolina 95 E5,2026-10-09
R0167,Almería,Oviedo,1001.445,9.071944,16.2,official_inventory_reference_B,valued_official_2026,AP-66 Campomanes-León,tabla_peajes_2026.csv + fuentes.csv (MITMA/BOE/concesionarias),Paso del Huerna hacia la Meseta/sur; sin alternativa rápida equivalente.,45.065,1.785,80.44,Toyota Corolla 140H e-CVT 1.8,4.5,Gasolina 95 E5,2026-10-09
R0168,Almería,Palencia,824.313,7.371111,0.0,official_inventory_reference_B,no_toll_expected_official_network,,tabla_peajes_2026.csv + fuentes.csv (MITMA/BOE/concesionarias),Red de referencia gratuita post-liberalizaciones (AP-1/AP-2/AP-4/AP-7 liberadas); ver tabla_peajes_2026.csv.,37.094,1.785,66.21,Toyota Corolla 140H e-CVT 1.8,4.5,Gasolina 95 E5,2026-10-09
R0169,Almería,Pamplona,902.256,7.883056,0.0,official_inventory_reference_B,no_toll_expected_official_network,,tabla_peajes_2026.csv + fuentes.csv (MITMA/BOE/concesionarias),Red de referencia gratuita post-liberalizaciones (AP-1/AP-2/AP-4/AP-7 liberadas); ver tabla_peajes_2026.csv.,40.602,1.785,72.47,Toyota Corolla 140H e-CVT 1.8,4.5,Gasolina 95 E5,2026-10-09
R0170,Almería,Pontevedra,1142.741,10.663056,0.0,official_inventory_reference_B,no_toll_expected_official_network,,tabla_peajes_2026.csv + fuentes.csv (MITMA/BOE/concesionarias),Red de referencia gratuita post-liberalizaciones (AP-1/AP-2/AP-4/AP-7 liberadas); ver tabla_peajes_2026.csv.,51.423,1.785,91.79,Toyota Corolla 140H e-CVT 1.8,4.5,Gasolina 95 E5,2026-10-09
R0171,Almería,Salamanca,765.985,7.028333,0.0,official_inventory_reference_B,no_toll_expected_official_network,,tabla_peajes_2026.csv + fuentes.csv (MITMA/BOE/concesionarias),Red de referencia gratuita post-liberalizaciones (AP-1/AP-2/AP-4/AP-7 liberadas); ver tabla_peajes_2026.csv.,34.469,1.785,61.53,Toyota Corolla 140H e-CVT 1.8,4.5,Gasolina 95 E5,2026-10-09
R0172,Almería,San Sebastián,986.804,8.674444,0.0,official_inventory_reference_B,no_toll_expected_official_network,,tabla_peajes_2026.csv + fuentes.csv (MITMA/BOE/concesionarias),Red de referencia gratuita post-liberalizaciones (AP-1/AP-2/AP-4/AP-7 liberadas); ver tabla_peajes_2026.csv.,44.406,1.785,79.27,Toyota Corolla 140H e-CVT 1.8,4.5,Gasolina 95 E5,2026-10-09
R0173,Almería,Santander,1031.489,8.877778,0.0,official_inventory_reference_B,no_toll_expected_official_network,,tabla_peajes_2026.csv + fuentes.csv (MITMA/BOE/concesionarias),Red de referencia gratuita post-liberalizaciones (AP-1/AP-2/AP-4/AP-7 liberadas); ver tabla_peajes_2026.csv.,46.417,1.785,82.85,Toyota Corolla 140H e-CVT 1.8,4.5,Gasolina 95 E5,2026-10-09
R0174,Almería,Segovia,695.363,6.060556,0.0,official_inventory_reference_B,no_toll_expected_official_network,,tabla_peajes_2026.csv + fuentes.csv (MITMA/BOE/concesionarias),Red de referencia gratuita post-liberalizaciones (AP-1/AP-2/AP-4/AP-7 liberadas); ver tabla_peajes_2026.csv.,31.291,1.785,55.86,Toyota Corolla 140H e-CVT 1.8,4.5,Gasolina 95 E5,2026-10-09
R0175,Almería,Sevilla,422.662,3.936111,0.0,official_inventory_reference_B,no_toll_expected_official_network,,tabla_peajes_2026.csv + fuentes.csv (MITMA/BOE/concesionarias),Red de referencia gratuita post-liberalizaciones (AP-1/AP-2/AP-4/AP-7 liberadas); ver tabla_peajes_2026.csv.,19.02,1.785,33.95,Toyota Corolla 140H e-CVT 1.8,4.5,Gasolina 95 E5,2026-10-09
R0176,Almería,Soria,783.985,6.811111,0.0,official_inventory_reference_B,no_toll_expected_official_network,,tabla_peajes_2026.csv + fuentes.csv (MITMA/BOE/concesionarias),Red de referencia gratuita post-liberalizaciones (AP-1/AP-2/AP-4/AP-7 liberadas); ver tabla_peajes_2026.csv.,35.279,1.785,62.97,Toyota Corolla 140H e-CVT 1.8,4.5,Gasolina 95 E5,2026-10-09
R0177,Almería,Tarragona,671.7,5.815833,0.0,official_inventory_reference_B,no_toll_expected_official_network,,tabla_peajes_2026.csv + fuentes.csv (MITMA/BOE/concesionarias),Red de referencia gratuita post-liberalizaciones (AP-1/AP-2/AP-4/AP-7 liberadas); ver tabla_peajes_2026.csv.,30.227,1.785,53.95,Toyota Corolla 140H e-CVT 1.8,4.5,Gasolina 95 E5,2026-10-09
R0178,Almería,Teruel,557.674,4.895278,0.0,official_inventory_reference_B,no_toll_expected_official_network,,tabla_peajes_2026.csv + fuentes.csv (MITMA/BOE/concesionarias),Red de referencia gratuita post-liberalizaciones (AP-1/AP-2/AP-4/AP-7 liberadas); ver tabla_peajes_2026.csv.,25.095,1.785,44.8,Toyota Corolla 140H e-CVT 1.8,4.5,Gasolina 95 E5,2026-10-09
R0179,Almería,Toledo,503.04,4.703333,0.0,official_inventory_reference_B,no_toll_expected_official_network,,tabla_peajes_2026.csv + fuentes.csv (MITMA/BOE/concesionarias),Red de referencia gratuita post-liberalizaciones (AP-1/AP-2/AP-4/AP-7 liberadas); ver tabla_peajes_2026.csv.,22.637,1.785,40.41,Toyota Corolla 140H e-CVT 1.8,4.5,Gasolina 95 E5,2026-10-09
R0180,Almería,Valencia,403.545,3.576111,0.0,official_inventory_reference_B,no_toll_expected_official_network,,tabla_peajes_2026.csv + fuentes.csv (MITMA/BOE/concesionarias),Red de referencia gratuita post-liberalizaciones (AP-1/AP-2/AP-4/AP-7 liberadas); ver tabla_peajes_2026.csv.,18.16,1.785,32.41,Toyota Corolla 140H e-CVT 1.8,4.5,Gasolina 95 E5,2026-10-09
R0181,Almería,Valladolid,763.721,7.019444,0.0,official_inventory_reference_B,no_toll_expected_official_network,,tabla_peajes_2026.csv + fuentes.csv (MITMA/BOE/concesionarias),Red de referencia gratuita post-liberalizaciones (AP-1/AP-2/AP-4/AP-7 liberadas); ver tabla_peajes_2026.csv.,34.367,1.785,61.35,Toyota Corolla 140H e-CVT 1.8,4.5,Gasolina 95 E5,2026-10-09
R0182,Almería,Vitoria-Gasteiz,930.525,8.01,0.0,official_inventory_reference_B,no_toll_expected_official_network,,tabla_peajes_2026.csv + fuentes.csv (MITMA/BOE/concesionarias),Red de referencia gratuita post-liberalizaciones (AP-1/AP-2/AP-4/AP-7 liberadas); ver tabla_peajes_2026.csv.,41.874,1.785,74.74,Toyota Corolla 140H e-CVT 1.8,4.5,Gasolina 95 E5,2026-10-09
R0183,Almería,Zamora,815.54,7.590833,0.0,official_inventory_reference_B,no_toll_expected_official_network,,tabla_peajes_2026.csv + fuentes.csv (MITMA/BOE/concesionarias),Red de referencia gratuita post-liberalizaciones (AP-1/AP-2/AP-4/AP-7 liberadas); ver tabla_peajes_2026.csv.,36.699,1.785,65.51,Toyota Corolla 140H e-CVT 1.8,4.5,Gasolina 95 E5,2026-10-09
R0184,Almería,Zaragoza,728.508,6.366111,0.0,official_inventory_reference_B,no_toll_expected_official_network,,tabla_peajes_2026.csv + fuentes.csv (MITMA/BOE/concesionarias),Red de referencia gratuita post-liberalizaciones (AP-1/AP-2/AP-4/AP-7 liberadas); ver tabla_peajes_2026.csv.,32.783,1.785,58.52,Toyota Corolla 140H e-CVT 1.8,4.5,Gasolina 95 E5,2026-10-09
R0185,Ávila,A Coruña,527.758,4.602222,0.0,official_inventory_reference_B,no_toll_expected_official_network,,tabla_peajes_2026.csv + fuentes.csv (MITMA/BOE/concesionarias),Red de referencia gratuita post-liberalizaciones (AP-1/AP-2/AP-4/AP-7 liberadas); ver tabla_peajes_2026.csv.,23.749,1.785,42.39,Toyota Corolla 140H e-CVT 1.8,4.5,Gasolina 95 E5,2026-10-09
R0186,Ávila,Albacete,385.521,3.450556,0.0,official_inventory_reference_B,no_toll_expected_official_network,,tabla_peajes_2026.csv + fuentes.csv (MITMA/BOE/concesionarias),Red de referencia gratuita post-liberalizaciones (AP-1/AP-2/AP-4/AP-7 liberadas); ver tabla_peajes_2026.csv.,17.348,1.785,30.97,Toyota Corolla 140H e-CVT 1.8,4.5,Gasolina 95 E5,2026-10-09
R0187,Ávila,Alicante,549.69,4.849167,0.0,official_inventory_reference_B,no_toll_expected_official_network,,tabla_peajes_2026.csv + fuentes.csv (MITMA/BOE/concesionarias),Red de referencia gratuita post-liberalizaciones (AP-1/AP-2/AP-4/AP-7 liberadas); ver tabla_peajes_2026.csv.,24.736,1.785,44.15,Toyota Corolla 140H e-CVT 1.8,4.5,Gasolina 95 E5,2026-10-09
R0188,Ávila,Almería,625.715,5.996111,0.0,official_inventory_reference_B,no_toll_expected_official_network,,tabla_peajes_2026.csv + fuentes.csv (MITMA/BOE/concesionarias),Red de referencia gratuita post-liberalizaciones (AP-1/AP-2/AP-4/AP-7 liberadas); ver tabla_peajes_2026.csv.,28.157,1.785,50.26,Toyota Corolla 140H e-CVT 1.8,4.5,Gasolina 95 E5,2026-10-09
R0189,Ávila,Badajoz,391.463,3.723611,0.0,official_inventory_reference_B,no_toll_expected_official_network,,tabla_peajes_2026.csv + fuentes.csv (MITMA/BOE/concesionarias),Red de referencia gratuita post-liberalizaciones (AP-1/AP-2/AP-4/AP-7 liberadas); ver tabla_peajes_2026.csv.,17.616,1.785,31.44,Toyota Corolla 140H e-CVT 1.8,4.5,Gasolina 95 E5,2026-10-09
R0190,Ávila,Barcelona,737.295,6.637778,0.0,official_inventory_reference_B,no_toll_expected_official_network,,tabla_peajes_2026.csv + fuentes.csv (MITMA/BOE/concesionarias),Red de referencia gratuita post-liberalizaciones (AP-1/AP-2/AP-4/AP-7 liberadas); ver tabla_peajes_2026.csv.,33.178,1.785,59.22,Toyota Corolla 140H e-CVT 1.8,4.5,Gasolina 95 E5,2026-10-09
R0191,Ávila,Bilbao,418.486,3.762778,0.0,official_inventory_reference_B,no_toll_expected_official_network,,tabla_peajes_2026.csv + fuentes.csv (MITMA/BOE/concesionarias),Red de referencia gratuita post-liberalizaciones (AP-1/AP-2/AP-4/AP-7 liberadas); ver tabla_peajes_2026.csv.,18.832,1.785,33.61,Toyota Corolla 140H e-CVT 1.8,4.5,Gasolina 95 E5,2026-10-09
R0192,Ávila,Burgos,264.555,2.401944,0.0,official_inventory_reference_B,no_toll_expected_official_network,,tabla_peajes_2026.csv + fuentes.csv (MITMA/BOE/concesionarias),Red de referencia gratuita post-liberalizaciones (AP-1/AP-2/AP-4/AP-7 liberadas); ver tabla_peajes_2026.csv.,11.905,1.785,21.25,Toyota Corolla 140H e-CVT 1.8,4.5,Gasolina 95 E5,2026-10-09
R0193,Ávila,Cáceres,279.076,2.859167,0.0,official_inventory_reference_B,no_toll_expected_official_network,,tabla_peajes_2026.csv + fuentes.csv (MITMA/BOE/concesionarias),Red de referencia gratuita post-liberalizaciones (AP-1/AP-2/AP-4/AP-7 liberadas); ver tabla_peajes_2026.csv.,12.558,1.785,22.42,Toyota Corolla 140H e-CVT 1.8,4.5,Gasolina 95 E5,2026-10-09
R0194,Ávila,Cádiz,630.795,5.893333,0.0,official_inventory_reference_B,no_toll_expected_official_network,,tabla_peajes_2026.csv + fuentes.csv (MITMA/BOE/concesionarias),Red de referencia gratuita post-liberalizaciones (AP-1/AP-2/AP-4/AP-7 liberadas); ver tabla_peajes_2026.csv.,28.386,1.785,50.67,Toyota Corolla 140H e-CVT 1.8,4.5,Gasolina 95 E5,2026-10-09
R0195,Ávila,Castellón de la Plana,558.454,4.994167,0.0,official_inventory_reference_B,no_toll_expected_official_network,,tabla_peajes_2026.csv + fuentes.csv (MITMA/BOE/concesionarias),Red de referencia gratuita post-liberalizaciones (AP-1/AP-2/AP-4/AP-7 liberadas); ver tabla_peajes_2026.csv.,25.13,1.785,44.86,Toyota Corolla 140H e-CVT 1.8,4.5,Gasolina 95 E5,2026-10-09
R0196,Ávila,Ciudad Real,249.868,2.866389,0.0,official_inventory_reference_B,no_toll_expected_official_network,,tabla_peajes_2026.csv + fuentes.csv (MITMA/BOE/concesionarias),Red de referencia gratuita post-liberalizaciones (AP-1/AP-2/AP-4/AP-7 liberadas); ver tabla_peajes_2026.csv.,11.244,1.785,20.07,Toyota Corolla 140H e-CVT 1.8,4.5,Gasolina 95 E5,2026-10-09
R0197,Ávila,Córdoba,476.535,4.679722,0.0,official_inventory_reference_B,no_toll_expected_official_network,,tabla_peajes_2026.csv + fuentes.csv (MITMA/BOE/concesionarias),Red de referencia gratuita post-liberalizaciones (AP-1/AP-2/AP-4/AP-7 liberadas); ver tabla_peajes_2026.csv.,21.444,1.785,38.28,Toyota Corolla 140H e-CVT 1.8,4.5,Gasolina 95 E5,2026-10-09
R0198,Ávila,Cuenca,297.087,2.767778,0.0,official_inventory_reference_B,no_toll_expected_official_network,,tabla_peajes_2026.csv + fuentes.csv (MITMA/BOE/concesionarias),Red de referencia gratuita post-liberalizaciones (AP-1/AP-2/AP-4/AP-7 liberadas); ver tabla_peajes_2026.csv.,13.369,1.785,23.86,Toyota Corolla 140H e-CVT 1.8,4.5,Gasolina 95 E5,2026-10-09
R0199,Ávila,Girona,803.036,7.223056,0.0,official_inventory_reference_B,no_toll_expected_official_network,,tabla_peajes_2026.csv + fuentes.csv (MITMA/BOE/concesionarias),Red de referencia gratuita post-liberalizaciones (AP-1/AP-2/AP-4/AP-7 liberadas); ver tabla_peajes_2026.csv.,36.137,1.785,64.5,Toyota Corolla 140H e-CVT 1.8,4.5,Gasolina 95 E5,2026-10-09
R0200,Ávila,Granada,500.93,4.781667,0.0,official_inventory_reference_B,no_toll_expected_official_network,,tabla_peajes_2026.csv + fuentes.csv (MITMA/BOE/concesionarias),Red de referencia gratuita post-liberalizaciones (AP-1/AP-2/AP-4/AP-7 liberadas); ver tabla_peajes_2026.csv.,22.542,1.785,40.24,Toyota Corolla 140H e-CVT 1.8,4.5,Gasolina 95 E5,2026-10-09
R0201,Ávila,Guadalajara,173.543,1.775278,0.0,official_inventory_reference_B,no_toll_expected_official_network,,tabla_peajes_2026.csv + fuentes.csv (MITMA/BOE/concesionarias),Red de referencia gratuita post-liberalizaciones (AP-1/AP-2/AP-4/AP-7 liberadas); ver tabla_peajes_2026.csv.,7.809,1.785,13.94,Toyota Corolla 140H e-CVT 1.8,4.5,Gasolina 95 E5,2026-10-09
R0202,Ávila,Huelva,644.349,5.592778,0.0,official_inventory_reference_B,no_toll_expected_official_network,,tabla_peajes_2026.csv + fuentes.csv (MITMA/BOE/concesionarias),Red de referencia gratuita post-liberalizaciones (AP-1/AP-2/AP-4/AP-7 liberadas); ver tabla_peajes_2026.csv.,28.996,1.785,51.76,Toyota Corolla 140H e-CVT 1.8,4.5,Gasolina 95 E5,2026-10-09
R0203,Ávila,Huesca,504.028,4.639167,0.0,official_inventory_reference_B,no_toll_expected_official_network,,tabla_peajes_2026.csv + fuentes.csv (MITMA/BOE/concesionarias),Red de referencia gratuita post-liberalizaciones (AP-1/AP-2/AP-4/AP-7 liberadas); ver tabla_peajes_2026.csv.,22.681,1.785,40.49,Toyota Corolla 140H e-CVT 1.8,4.5,Gasolina 95 E5,2026-10-09
R0204,Ávila,Jaén,413.259,4.028611,0.0,official_inventory_reference_B,no_toll_expected_official_network,,tabla_peajes_2026.csv + fuentes.csv (MITMA/BOE/concesionarias),Red de referencia gratuita post-liberalizaciones (AP-1/AP-2/AP-4/AP-7 liberadas); ver tabla_peajes_2026.csv.,18.597,1.785,33.2,Toyota Corolla 140H e-CVT 1.8,4.5,Gasolina 95 E5,2026-10-09
R0205,Ávila,León,268.853,2.471389,0.0,official_inventory_reference_B,no_toll_expected_official_network,,tabla_peajes_2026.csv + fuentes.csv (MITMA/BOE/concesionarias),Red de referencia gratuita post-liberalizaciones (AP-1/AP-2/AP-4/AP-7 liberadas); ver tabla_peajes_2026.csv.,12.098,1.785,21.6,Toyota Corolla 140H e-CVT 1.8,4.5,Gasolina 95 E5,2026-10-09
R0206,Ávila,Lleida,576.385,5.2125,0.0,official_inventory_reference_B,no_toll_expected_official_network,,tabla_peajes_2026.csv + fuentes.csv (MITMA/BOE/concesionarias),Red de referencia gratuita post-liberalizaciones (AP-1/AP-2/AP-4/AP-7 liberadas); ver tabla_peajes_2026.csv.,25.937,1.785,46.3,Toyota Corolla 140H e-CVT 1.8,4.5,Gasolina 95 E5,2026-10-09
R0207,Ávila,Logroño,380.413,3.629722,0.0,official_inventory_reference_B,no_toll_expected_official_network,,tabla_peajes_2026.csv + fuentes.csv (MITMA/BOE/concesionarias),Red de referencia gratuita post-liberalizaciones (AP-1/AP-2/AP-4/AP-7 liberadas); ver tabla_peajes_2026.csv.,17.119,1.785,30.56,Toyota Corolla 140H e-CVT 1.8,4.5,Gasolina 95 E5,2026-10-09
R0208,Ávila,Lugo,431.852,3.7875,0.0,official_inventory_reference_B,no_toll_expected_official_network,,tabla_peajes_2026.csv + fuentes.csv (MITMA/BOE/concesionarias),Red de referencia gratuita post-liberalizaciones (AP-1/AP-2/AP-4/AP-7 liberadas); ver tabla_peajes_2026.csv.,19.433,1.785,34.69,Toyota Corolla 140H e-CVT 1.8,4.5,Gasolina 95 E5,2026-10-09
R0209,Ávila,Madrid,115.373,1.227778,11.85,official_inventory_reference_B,valued_official_2026,AP-6/AP-51 Madrid-Ávila,tabla_peajes_2026.csv + fuentes.csv (MITMA/BOE/concesionarias),10.10 Villalba-Villacastín + 1.75 Villacastín-Ávila.,5.192,1.785,9.27,Toyota Corolla 140H e-CVT 1.8,4.5,Gasolina 95 E5,2026-10-09
R0210,Ávila,Málaga,610.365,6.523611,0.0,official_inventory_reference_B,no_toll_expected_official_network,,tabla_peajes_2026.csv + fuentes.csv (MITMA/BOE/concesionarias),Red de referencia gratuita post-liberalizaciones (AP-1/AP-2/AP-4/AP-7 liberadas); ver tabla_peajes_2026.csv.,27.466,1.785,49.03,Toyota Corolla 140H e-CVT 1.8,4.5,Gasolina 95 E5,2026-10-09
R0211,Ávila,Murcia,527.985,4.702778,0.0,official_inventory_reference_B,no_toll_expected_official_network,,tabla_peajes_2026.csv + fuentes.csv (MITMA/BOE/concesionarias),Red de referencia gratuita post-liberalizaciones (AP-1/AP-2/AP-4/AP-7 liberadas); ver tabla_peajes_2026.csv.,23.759,1.785,42.41,Toyota Corolla 140H e-CVT 1.8,4.5,Gasolina 95 E5,2026-10-09
R0212,Ávila,Ourense,432.259,3.963611,0.0,official_inventory_reference_B,no_toll_expected_official_network,,tabla_peajes_2026.csv + fuentes.csv (MITMA/BOE/concesionarias),Red de referencia gratuita post-liberalizaciones (AP-1/AP-2/AP-4/AP-7 liberadas); ver tabla_peajes_2026.csv.,19.452,1.785,34.72,Toyota Corolla 140H e-CVT 1.8,4.5,Gasolina 95 E5,2026-10-09
R0213,Ávila,Oviedo,378.245,3.456111,16.2,official_inventory_reference_B,valued_official_2026,AP-66 Campomanes-León,tabla_peajes_2026.csv + fuentes.csv (MITMA/BOE/concesionarias),Paso del Huerna hacia la Meseta/sur; sin alternativa rápida equivalente.,17.021,1.785,30.38,Toyota Corolla 140H e-CVT 1.8,4.5,Gasolina 95 E5,2026-10-09
R0214,Ávila,Palencia,186.462,1.776111,0.0,official_inventory_reference_B,no_toll_expected_official_network,,tabla_peajes_2026.csv + fuentes.csv (MITMA/BOE/concesionarias),Red de referencia gratuita post-liberalizaciones (AP-1/AP-2/AP-4/AP-7 liberadas); ver tabla_peajes_2026.csv.,8.391,1.785,14.98,Toyota Corolla 140H e-CVT 1.8,4.5,Gasolina 95 E5,2026-10-09
R0215,Ávila,Pamplona,469.683,4.210278,0.0,official_inventory_reference_B,no_toll_expected_official_network,,tabla_peajes_2026.csv + fuentes.csv (MITMA/BOE/concesionarias),Red de referencia gratuita post-liberalizaciones (AP-1/AP-2/AP-4/AP-7 liberadas); ver tabla_peajes_2026.csv.,21.136,1.785,37.73,Toyota Corolla 140H e-CVT 1.8,4.5,Gasolina 95 E5,2026-10-09
R0216,Ávila,Pontevedra,519.541,5.047222,0.0,official_inventory_reference_B,no_toll_expected_official_network,,tabla_peajes_2026.csv + fuentes.csv (MITMA/BOE/concesionarias),Red de referencia gratuita post-liberalizaciones (AP-1/AP-2/AP-4/AP-7 liberadas); ver tabla_peajes_2026.csv.,23.379,1.785,41.73,Toyota Corolla 140H e-CVT 1.8,4.5,Gasolina 95 E5,2026-10-09
R0217,Ávila,Salamanca,104.713,0.992778,0.0,official_inventory_reference_B,no_toll_expected_official_network,,tabla_peajes_2026.csv + fuentes.csv (MITMA/BOE/concesionarias),Red de referencia gratuita post-liberalizaciones (AP-1/AP-2/AP-4/AP-7 liberadas); ver tabla_peajes_2026.csv.,4.712,1.785,8.41,Toyota Corolla 140H e-CVT 1.8,4.5,Gasolina 95 E5,2026-10-09
R0218,Ávila,San Sebastián,473.635,4.28,0.0,official_inventory_reference_B,no_toll_expected_official_network,,tabla_peajes_2026.csv + fuentes.csv (MITMA/BOE/concesionarias),Red de referencia gratuita post-liberalizaciones (AP-1/AP-2/AP-4/AP-7 liberadas); ver tabla_peajes_2026.csv.,21.314,1.785,38.04,Toyota Corolla 140H e-CVT 1.8,4.5,Gasolina 95 E5,2026-10-09
R0219,Ávila,Santander,384.007,3.476944,0.0,official_inventory_reference_B,no_toll_expected_official_network,,tabla_peajes_2026.csv + fuentes.csv (MITMA/BOE/concesionarias),Red de referencia gratuita post-liberalizaciones (AP-1/AP-2/AP-4/AP-7 liberadas); ver tabla_peajes_2026.csv.,17.28,1.785,30.85,Toyota Corolla 140H e-CVT 1.8,4.5,Gasolina 95 E5,2026-10-09
R0220,Ávila,Segovia,72.957,0.876667,0.0,official_inventory_reference_B,no_toll_expected_official_network,,tabla_peajes_2026.csv + fuentes.csv (MITMA/BOE/concesionarias),Red de referencia gratuita post-liberalizaciones (AP-1/AP-2/AP-4/AP-7 liberadas); ver tabla_peajes_2026.csv.,3.283,1.785,5.86,Toyota Corolla 140H e-CVT 1.8,4.5,Gasolina 95 E5,2026-10-09
R0221,Ávila,Sevilla,511.581,4.804167,0.0,official_inventory_reference_B,no_toll_expected_official_network,,tabla_peajes_2026.csv + fuentes.csv (MITMA/BOE/concesionarias),Red de referencia gratuita post-liberalizaciones (AP-1/AP-2/AP-4/AP-7 liberadas); ver tabla_peajes_2026.csv.,23.021,1.785,41.09,Toyota Corolla 140H e-CVT 1.8,4.5,Gasolina 95 E5,2026-10-09
R0222,Ávila,Soria,260.965,2.951667,0.0,official_inventory_reference_B,no_toll_expected_official_network,,tabla_peajes_2026.csv + fuentes.csv (MITMA/BOE/concesionarias),Red de referencia gratuita post-liberalizaciones (AP-1/AP-2/AP-4/AP-7 liberadas); ver tabla_peajes_2026.csv.,11.743,1.785,20.96,Toyota Corolla 140H e-CVT 1.8,4.5,Gasolina 95 E5,2026-10-09
R0223,Ávila,Tarragona,659.1,6.010556,0.0,official_inventory_reference_B,no_toll_expected_official_network,,tabla_peajes_2026.csv + fuentes.csv (MITMA/BOE/concesionarias),Red de referencia gratuita post-liberalizaciones (AP-1/AP-2/AP-4/AP-7 liberadas); ver tabla_peajes_2026.csv.,29.66,1.785,52.94,Toyota Corolla 140H e-CVT 1.8,4.5,Gasolina 95 E5,2026-10-09
R0224,Ávila,Teruel,417.726,4.230833,0.0,official_inventory_reference_B,no_toll_expected_official_network,,tabla_peajes_2026.csv + fuentes.csv (MITMA/BOE/concesionarias),Red de referencia gratuita post-liberalizaciones (AP-1/AP-2/AP-4/AP-7 liberadas); ver tabla_peajes_2026.csv.,18.798,1.785,33.55,Toyota Corolla 140H e-CVT 1.8,4.5,Gasolina 95 E5,2026-10-09
R0225,Ávila,Toledo,134.271,1.6525,0.0,official_inventory_reference_B,no_toll_expected_official_network,,tabla_peajes_2026.csv + fuentes.csv (MITMA/BOE/concesionarias),Red de referencia gratuita post-liberalizaciones (AP-1/AP-2/AP-4/AP-7 liberadas); ver tabla_peajes_2026.csv.,6.042,1.785,10.79,Toyota Corolla 140H e-CVT 1.8,4.5,Gasolina 95 E5,2026-10-09
R0226,Ávila,Valencia,485.334,4.348333,0.0,official_inventory_reference_B,no_toll_expected_official_network,,tabla_peajes_2026.csv + fuentes.csv (MITMA/BOE/concesionarias),Red de referencia gratuita post-liberalizaciones (AP-1/AP-2/AP-4/AP-7 liberadas); ver tabla_peajes_2026.csv.,21.84,1.785,38.98,Toyota Corolla 140H e-CVT 1.8,4.5,Gasolina 95 E5,2026-10-09
R0227,Ávila,Valladolid,140.512,1.403333,0.0,official_inventory_reference_B,no_toll_expected_official_network,,tabla_peajes_2026.csv + fuentes.csv (MITMA/BOE/concesionarias),Red de referencia gratuita post-liberalizaciones (AP-1/AP-2/AP-4/AP-7 liberadas); ver tabla_peajes_2026.csv.,6.323,1.785,11.29,Toyota Corolla 140H e-CVT 1.8,4.5,Gasolina 95 E5,2026-10-09
R0228,Ávila,Vitoria-Gasteiz,373.661,3.388056,0.0,official_inventory_reference_B,no_toll_expected_official_network,,tabla_peajes_2026.csv + fuentes.csv (MITMA/BOE/concesionarias),Red de referencia gratuita post-liberalizaciones (AP-1/AP-2/AP-4/AP-7 liberadas); ver tabla_peajes_2026.csv.,16.815,1.785,30.01,Toyota Corolla 140H e-CVT 1.8,4.5,Gasolina 95 E5,2026-10-09
R0229,Ávila,Zamora,181.367,1.851667,0.0,official_inventory_reference_B,no_toll_expected_official_network,,tabla_peajes_2026.csv + fuentes.csv (MITMA/BOE/concesionarias),Red de referencia gratuita post-liberalizaciones (AP-1/AP-2/AP-4/AP-7 liberadas); ver tabla_peajes_2026.csv.,8.162,1.785,14.57,Toyota Corolla 140H e-CVT 1.8,4.5,Gasolina 95 E5,2026-10-09
R0230,Ávila,Zaragoza,435.884,4.080278,0.0,official_inventory_reference_B,no_toll_expected_official_network,,tabla_peajes_2026.csv + fuentes.csv (MITMA/BOE/concesionarias),Red de referencia gratuita post-liberalizaciones (AP-1/AP-2/AP-4/AP-7 liberadas); ver tabla_peajes_2026.csv.,19.615,1.785,35.01,Toyota Corolla 140H e-CVT 1.8,4.5,Gasolina 95 E5,2026-10-09
R0231,Badajoz,A Coruña,692.012,6.569722,0.0,official_inventory_reference_B,no_toll_expected_official_network,,tabla_peajes_2026.csv + fuentes.csv (MITMA/BOE/concesionarias),Red de referencia gratuita post-liberalizaciones (AP-1/AP-2/AP-4/AP-7 liberadas); ver tabla_peajes_2026.csv.,31.141,1.785,55.59,Toyota Corolla 140H e-CVT 1.8,4.5,Gasolina 95 E5,2026-10-09
R0232,Badajoz,Albacete,622.743,5.404444,0.0,official_inventory_reference_B,no_toll_expected_official_network,,tabla_peajes_2026.csv + fuentes.csv (MITMA/BOE/concesionarias),Red de referencia gratuita post-liberalizaciones (AP-1/AP-2/AP-4/AP-7 liberadas); ver tabla_peajes_2026.csv.,28.023,1.785,50.02,Toyota Corolla 140H e-CVT 1.8,4.5,Gasolina 95 E5,2026-10-09
R0233,Badajoz,Alicante,690.952,6.4825,0.0,official_inventory_reference_B,no_toll_expected_official_network,,tabla_peajes_2026.csv + fuentes.csv (MITMA/BOE/concesionarias),Red de referencia gratuita post-liberalizaciones (AP-1/AP-2/AP-4/AP-7 liberadas); ver tabla_peajes_2026.csv.,31.093,1.785,55.5,Toyota Corolla 140H e-CVT 1.8,4.5,Gasolina 95 E5,2026-10-09
R0234,Badajoz,Almería,661.993,5.918056,0.0,official_inventory_reference_B,no_toll_expected_official_network,,tabla_peajes_2026.csv + fuentes.csv (MITMA/BOE/concesionarias),Red de referencia gratuita post-liberalizaciones (AP-1/AP-2/AP-4/AP-7 liberadas); ver tabla_peajes_2026.csv.,29.79,1.785,53.17,Toyota Corolla 140H e-CVT 1.8,4.5,Gasolina 95 E5,2026-10-09
R0235,Badajoz,Ávila,392.114,3.744167,0.0,official_inventory_reference_B,no_toll_expected_official_network,,tabla_peajes_2026.csv + fuentes.csv (MITMA/BOE/concesionarias),Red de referencia gratuita post-liberalizaciones (AP-1/AP-2/AP-4/AP-7 liberadas); ver tabla_peajes_2026.csv.,17.645,1.785,31.5,Toyota Corolla 140H e-CVT 1.8,4.5,Gasolina 95 E5,2026-10-09
R0236,Badajoz,Barcelona,1021.112,8.900833,0.0,official_inventory_reference_B,no_toll_expected_official_network,,tabla_peajes_2026.csv + fuentes.csv (MITMA/BOE/concesionarias),Red de referencia gratuita post-liberalizaciones (AP-1/AP-2/AP-4/AP-7 liberadas); ver tabla_peajes_2026.csv.,45.95,1.785,82.02,Toyota Corolla 140H e-CVT 1.8,4.5,Gasolina 95 E5,2026-10-09
R0237,Badajoz,Bilbao,692.396,6.288889,0.0,official_inventory_reference_B,no_toll_expected_official_network,,tabla_peajes_2026.csv + fuentes.csv (MITMA/BOE/concesionarias),Red de referencia gratuita post-liberalizaciones (AP-1/AP-2/AP-4/AP-7 liberadas); ver tabla_peajes_2026.csv.,31.158,1.785,55.62,Toyota Corolla 140H e-CVT 1.8,4.5,Gasolina 95 E5,2026-10-09
R0238,Badajoz,Burgos,538.484,4.928333,0.0,official_inventory_reference_B,no_toll_expected_official_network,,tabla_peajes_2026.csv + fuentes.csv (MITMA/BOE/concesionarias),Red de referencia gratuita post-liberalizaciones (AP-1/AP-2/AP-4/AP-7 liberadas); ver tabla_peajes_2026.csv.,24.232,1.785,43.25,Toyota Corolla 140H e-CVT 1.8,4.5,Gasolina 95 E5,2026-10-09
R0239,Badajoz,Cáceres,91.784,1.190556,0.0,official_inventory_reference_B,no_toll_expected_official_network,,tabla_peajes_2026.csv + fuentes.csv (MITMA/BOE/concesionarias),Red de referencia gratuita post-liberalizaciones (AP-1/AP-2/AP-4/AP-7 liberadas); ver tabla_peajes_2026.csv.,4.13,1.785,7.37,Toyota Corolla 140H e-CVT 1.8,4.5,Gasolina 95 E5,2026-10-09
R0240,Badajoz,Cádiz,362.211,3.333056,0.0,official_inventory_reference_B,no_toll_expected_official_network,,tabla_peajes_2026.csv + fuentes.csv (MITMA/BOE/concesionarias),Red de referencia gratuita post-liberalizaciones (AP-1/AP-2/AP-4/AP-7 liberadas); ver tabla_peajes_2026.csv.,16.299,1.785,29.09,Toyota Corolla 140H e-CVT 1.8,4.5,Gasolina 95 E5,2026-10-09
R0241,Badajoz,Castellón de la Plana,732.558,6.867222,0.0,official_inventory_reference_B,no_toll_expected_official_network,,tabla_peajes_2026.csv + fuentes.csv (MITMA/BOE/concesionarias),Red de referencia gratuita post-liberalizaciones (AP-1/AP-2/AP-4/AP-7 liberadas); ver tabla_peajes_2026.csv.,32.965,1.785,58.84,Toyota Corolla 140H e-CVT 1.8,4.5,Gasolina 95 E5,2026-10-09
R0242,Badajoz,Ciudad Real,303.98,3.163333,0.0,official_inventory_reference_B,no_toll_expected_official_network,,tabla_peajes_2026.csv + fuentes.csv (MITMA/BOE/concesionarias),Red de referencia gratuita post-liberalizaciones (AP-1/AP-2/AP-4/AP-7 liberadas); ver tabla_peajes_2026.csv.,13.679,1.785,24.42,Toyota Corolla 140H e-CVT 1.8,4.5,Gasolina 95 E5,2026-10-09
R0243,Badajoz,Córdoba,306.264,3.315556,0.0,official_inventory_reference_B,no_toll_expected_official_network,,tabla_peajes_2026.csv + fuentes.csv (MITMA/BOE/concesionarias),Red de referencia gratuita post-liberalizaciones (AP-1/AP-2/AP-4/AP-7 liberadas); ver tabla_peajes_2026.csv.,13.782,1.785,24.6,Toyota Corolla 140H e-CVT 1.8,4.5,Gasolina 95 E5,2026-10-09
R0244,Badajoz,Cuenca,564.766,4.968056,0.0,official_inventory_reference_B,no_toll_expected_official_network,,tabla_peajes_2026.csv + fuentes.csv (MITMA/BOE/concesionarias),Red de referencia gratuita post-liberalizaciones (AP-1/AP-2/AP-4/AP-7 liberadas); ver tabla_peajes_2026.csv.,25.414,1.785,45.36,Toyota Corolla 140H e-CVT 1.8,4.5,Gasolina 95 E5,2026-10-09
R0245,Badajoz,Girona,1086.858,9.485833,0.0,official_inventory_reference_B,no_toll_expected_official_network,,tabla_peajes_2026.csv + fuentes.csv (MITMA/BOE/concesionarias),Red de referencia gratuita post-liberalizaciones (AP-1/AP-2/AP-4/AP-7 liberadas); ver tabla_peajes_2026.csv.,48.909,1.785,87.3,Toyota Corolla 140H e-CVT 1.8,4.5,Gasolina 95 E5,2026-10-09
R0246,Badajoz,Granada,505.389,4.635833,0.0,official_inventory_reference_B,no_toll_expected_official_network,,tabla_peajes_2026.csv + fuentes.csv (MITMA/BOE/concesionarias),Red de referencia gratuita post-liberalizaciones (AP-1/AP-2/AP-4/AP-7 liberadas); ver tabla_peajes_2026.csv.,22.743,1.785,40.6,Toyota Corolla 140H e-CVT 1.8,4.5,Gasolina 95 E5,2026-10-09
R0247,Badajoz,Guadalajara,459.213,4.028333,0.0,official_inventory_reference_B,no_toll_expected_official_network,,tabla_peajes_2026.csv + fuentes.csv (MITMA/BOE/concesionarias),Red de referencia gratuita post-liberalizaciones (AP-1/AP-2/AP-4/AP-7 liberadas); ver tabla_peajes_2026.csv.,20.665,1.785,36.89,Toyota Corolla 140H e-CVT 1.8,4.5,Gasolina 95 E5,2026-10-09
R0248,Badajoz,Huelva,235.193,2.728056,0.0,official_inventory_reference_B,no_toll_expected_official_network,,tabla_peajes_2026.csv + fuentes.csv (MITMA/BOE/concesionarias),Red de referencia gratuita post-liberalizaciones (AP-1/AP-2/AP-4/AP-7 liberadas); ver tabla_peajes_2026.csv.,10.584,1.785,18.89,Toyota Corolla 140H e-CVT 1.8,4.5,Gasolina 95 E5,2026-10-09
R0249,Badajoz,Huesca,787.832,6.901667,0.0,official_inventory_reference_B,no_toll_expected_official_network,,tabla_peajes_2026.csv + fuentes.csv (MITMA/BOE/concesionarias),Red de referencia gratuita post-liberalizaciones (AP-1/AP-2/AP-4/AP-7 liberadas); ver tabla_peajes_2026.csv.,35.452,1.785,63.28,Toyota Corolla 140H e-CVT 1.8,4.5,Gasolina 95 E5,2026-10-09
R0250,Badajoz,Jaén,410.529,4.286111,0.0,official_inventory_reference_B,no_toll_expected_official_network,,tabla_peajes_2026.csv + fuentes.csv (MITMA/BOE/concesionarias),Red de referencia gratuita post-liberalizaciones (AP-1/AP-2/AP-4/AP-7 liberadas); ver tabla_peajes_2026.csv.,18.474,1.785,32.98,Toyota Corolla 140H e-CVT 1.8,4.5,Gasolina 95 E5,2026-10-09
R0251,Badajoz,León,501.143,4.654167,0.0,official_inventory_reference_B,no_toll_expected_official_network,,tabla_peajes_2026.csv + fuentes.csv (MITMA/BOE/concesionarias),Red de referencia gratuita post-liberalizaciones (AP-1/AP-2/AP-4/AP-7 liberadas); ver tabla_peajes_2026.csv.,22.551,1.785,40.25,Toyota Corolla 140H e-CVT 1.8,4.5,Gasolina 95 E5,2026-10-09
R0252,Badajoz,Lleida,860.192,7.475556,0.0,official_inventory_reference_B,no_toll_expected_official_network,,tabla_peajes_2026.csv + fuentes.csv (MITMA/BOE/concesionarias),Red de referencia gratuita post-liberalizaciones (AP-1/AP-2/AP-4/AP-7 liberadas); ver tabla_peajes_2026.csv.,38.709,1.785,69.09,Toyota Corolla 140H e-CVT 1.8,4.5,Gasolina 95 E5,2026-10-09
R0253,Badajoz,Logroño,654.325,6.155556,0.0,official_inventory_reference_B,no_toll_expected_official_network,,tabla_peajes_2026.csv + fuentes.csv (MITMA/BOE/concesionarias),Red de referencia gratuita post-liberalizaciones (AP-1/AP-2/AP-4/AP-7 liberadas); ver tabla_peajes_2026.csv.,29.445,1.785,52.56,Toyota Corolla 140H e-CVT 1.8,4.5,Gasolina 95 E5,2026-10-09
R0254,Badajoz,Lugo,664.165,5.970833,0.0,official_inventory_reference_B,no_toll_expected_official_network,,tabla_peajes_2026.csv + fuentes.csv (MITMA/BOE/concesionarias),Red de referencia gratuita post-liberalizaciones (AP-1/AP-2/AP-4/AP-7 liberadas); ver tabla_peajes_2026.csv.,29.887,1.785,53.35,Toyota Corolla 140H e-CVT 1.8,4.5,Gasolina 95 E5,2026-10-09
R0255,Badajoz,Madrid,403.472,3.580556,0.0,official_inventory_reference_B,no_toll_expected_official_network,,tabla_peajes_2026.csv + fuentes.csv (MITMA/BOE/concesionarias),Red de referencia gratuita post-liberalizaciones (AP-1/AP-2/AP-4/AP-7 liberadas); ver tabla_peajes_2026.csv.,18.156,1.785,32.41,Toyota Corolla 140H e-CVT 1.8,4.5,Gasolina 95 E5,2026-10-09
R0256,Badajoz,Málaga,467.224,4.999444,0.0,official_inventory_reference_B,no_toll_expected_official_network,,tabla_peajes_2026.csv + fuentes.csv (MITMA/BOE/concesionarias),Red de referencia gratuita post-liberalizaciones (AP-1/AP-2/AP-4/AP-7 liberadas); ver tabla_peajes_2026.csv.,21.025,1.785,37.53,Toyota Corolla 140H e-CVT 1.8,4.5,Gasolina 95 E5,2026-10-09
R0257,Badajoz,Murcia,669.245,6.335833,0.0,official_inventory_reference_B,no_toll_expected_official_network,,tabla_peajes_2026.csv + fuentes.csv (MITMA/BOE/concesionarias),Red de referencia gratuita post-liberalizaciones (AP-1/AP-2/AP-4/AP-7 liberadas); ver tabla_peajes_2026.csv.,30.116,1.785,53.76,Toyota Corolla 140H e-CVT 1.8,4.5,Gasolina 95 E5,2026-10-09
R0258,Badajoz,Ourense,568.705,5.616389,0.0,official_inventory_reference_B,no_toll_expected_official_network,,tabla_peajes_2026.csv + fuentes.csv (MITMA/BOE/concesionarias),Red de referencia gratuita post-liberalizaciones (AP-1/AP-2/AP-4/AP-7 liberadas); ver tabla_peajes_2026.csv.,25.592,1.785,45.68,Toyota Corolla 140H e-CVT 1.8,4.5,Gasolina 95 E5,2026-10-09
R0259,Badajoz,Oviedo,610.551,5.638889,16.2,official_inventory_reference_B,valued_official_2026,AP-66 Campomanes-León,tabla_peajes_2026.csv + fuentes.csv (MITMA/BOE/concesionarias),Paso del Huerna hacia la Meseta/sur; sin alternativa rápida equivalente.,27.475,1.785,49.04,Toyota Corolla 140H e-CVT 1.8,4.5,Gasolina 95 E5,2026-10-09
R0260,Badajoz,Palencia,460.363,4.301944,0.0,official_inventory_reference_B,no_toll_expected_official_network,,tabla_peajes_2026.csv + fuentes.csv (MITMA/BOE/concesionarias),Red de referencia gratuita post-liberalizaciones (AP-1/AP-2/AP-4/AP-7 liberadas); ver tabla_peajes_2026.csv.,20.716,1.785,36.98,Toyota Corolla 140H e-CVT 1.8,4.5,Gasolina 95 E5,2026-10-09
R0261,Badajoz,Pamplona,743.597,6.736389,0.0,official_inventory_reference_B,no_toll_expected_official_network,,tabla_peajes_2026.csv + fuentes.csv (MITMA/BOE/concesionarias),Red de referencia gratuita post-liberalizaciones (AP-1/AP-2/AP-4/AP-7 liberadas); ver tabla_peajes_2026.csv.,33.462,1.785,59.73,Toyota Corolla 140H e-CVT 1.8,4.5,Gasolina 95 E5,2026-10-09
R0262,Badajoz,Pontevedra,553.346,5.490556,0.0,official_inventory_reference_B,no_toll_expected_official_network,,tabla_peajes_2026.csv + fuentes.csv (MITMA/BOE/concesionarias),Red de referencia gratuita post-liberalizaciones (AP-1/AP-2/AP-4/AP-7 liberadas); ver tabla_peajes_2026.csv.,24.901,1.785,44.45,Toyota Corolla 140H e-CVT 1.8,4.5,Gasolina 95 E5,2026-10-09
R0263,Badajoz,Salamanca,291.303,2.876667,0.0,official_inventory_reference_B,no_toll_expected_official_network,,tabla_peajes_2026.csv + fuentes.csv (MITMA/BOE/concesionarias),Red de referencia gratuita post-liberalizaciones (AP-1/AP-2/AP-4/AP-7 liberadas); ver tabla_peajes_2026.csv.,13.109,1.785,23.4,Toyota Corolla 140H e-CVT 1.8,4.5,Gasolina 95 E5,2026-10-09
R0264,Badajoz,San Sebastián,747.549,6.806111,0.0,official_inventory_reference_B,no_toll_expected_official_network,,tabla_peajes_2026.csv + fuentes.csv (MITMA/BOE/concesionarias),Red de referencia gratuita post-liberalizaciones (AP-1/AP-2/AP-4/AP-7 liberadas); ver tabla_peajes_2026.csv.,33.64,1.785,60.05,Toyota Corolla 140H e-CVT 1.8,4.5,Gasolina 95 E5,2026-10-09
R0265,Badajoz,Santander,657.919,6.003056,0.0,official_inventory_reference_B,no_toll_expected_official_network,,tabla_peajes_2026.csv + fuentes.csv (MITMA/BOE/concesionarias),Red de referencia gratuita post-liberalizaciones (AP-1/AP-2/AP-4/AP-7 liberadas); ver tabla_peajes_2026.csv.,29.606,1.785,52.85,Toyota Corolla 140H e-CVT 1.8,4.5,Gasolina 95 E5,2026-10-09
R0266,Badajoz,Segovia,474.382,4.206111,0.0,official_inventory_reference_B,no_toll_expected_official_network,,tabla_peajes_2026.csv + fuentes.csv (MITMA/BOE/concesionarias),Red de referencia gratuita post-liberalizaciones (AP-1/AP-2/AP-4/AP-7 liberadas); ver tabla_peajes_2026.csv.,21.347,1.785,38.1,Toyota Corolla 140H e-CVT 1.8,4.5,Gasolina 95 E5,2026-10-09
R0267,Badajoz,Sevilla,243.116,2.181111,0.0,official_inventory_reference_B,no_toll_expected_official_network,,tabla_peajes_2026.csv + fuentes.csv (MITMA/BOE/concesionarias),Red de referencia gratuita post-liberalizaciones (AP-1/AP-2/AP-4/AP-7 liberadas); ver tabla_peajes_2026.csv.,10.94,1.785,19.53,Toyota Corolla 140H e-CVT 1.8,4.5,Gasolina 95 E5,2026-10-09
R0268,Badajoz,Soria,628.543,5.476111,0.0,official_inventory_reference_B,no_toll_expected_official_network,,tabla_peajes_2026.csv + fuentes.csv (MITMA/BOE/concesionarias),Red de referencia gratuita post-liberalizaciones (AP-1/AP-2/AP-4/AP-7 liberadas); ver tabla_peajes_2026.csv.,28.284,1.785,50.49,Toyota Corolla 140H e-CVT 1.8,4.5,Gasolina 95 E5,2026-10-09
R0269,Badajoz,Tarragona,910.411,8.331111,0.0,official_inventory_reference_B,no_toll_expected_official_network,,tabla_peajes_2026.csv + fuentes.csv (MITMA/BOE/concesionarias),Red de referencia gratuita post-liberalizaciones (AP-1/AP-2/AP-4/AP-7 liberadas); ver tabla_peajes_2026.csv.,40.968,1.785,73.13,Toyota Corolla 140H e-CVT 1.8,4.5,Gasolina 95 E5,2026-10-09
R0270,Badajoz,Teruel,687.829,6.618056,0.0,official_inventory_reference_B,no_toll_expected_official_network,,tabla_peajes_2026.csv + fuentes.csv (MITMA/BOE/concesionarias),Red de referencia gratuita post-liberalizaciones (AP-1/AP-2/AP-4/AP-7 liberadas); ver tabla_peajes_2026.csv.,30.952,1.785,55.25,Toyota Corolla 140H e-CVT 1.8,4.5,Gasolina 95 E5,2026-10-09
R0271,Badajoz,Toledo,366.051,3.253056,0.0,official_inventory_reference_B,no_toll_expected_official_network,,tabla_peajes_2026.csv + fuentes.csv (MITMA/BOE/concesionarias),Red de referencia gratuita post-liberalizaciones (AP-1/AP-2/AP-4/AP-7 liberadas); ver tabla_peajes_2026.csv.,16.472,1.785,29.4,Toyota Corolla 140H e-CVT 1.8,4.5,Gasolina 95 E5,2026-10-09
R0272,Badajoz,Valencia,659.446,6.223056,0.0,official_inventory_reference_B,no_toll_expected_official_network,,tabla_peajes_2026.csv + fuentes.csv (MITMA/BOE/concesionarias),Red de referencia gratuita post-liberalizaciones (AP-1/AP-2/AP-4/AP-7 liberadas); ver tabla_peajes_2026.csv.,29.675,1.785,52.97,Toyota Corolla 140H e-CVT 1.8,4.5,Gasolina 95 E5,2026-10-09
R0273,Badajoz,Valladolid,414.419,3.929444,0.0,official_inventory_reference_B,no_toll_expected_official_network,,tabla_peajes_2026.csv + fuentes.csv (MITMA/BOE/concesionarias),Red de referencia gratuita post-liberalizaciones (AP-1/AP-2/AP-4/AP-7 liberadas); ver tabla_peajes_2026.csv.,18.649,1.785,33.29,Toyota Corolla 140H e-CVT 1.8,4.5,Gasolina 95 E5,2026-10-09
R0274,Badajoz,Vitoria-Gasteiz,647.573,5.914167,0.0,official_inventory_reference_B,no_toll_expected_official_network,,tabla_peajes_2026.csv + fuentes.csv (MITMA/BOE/concesionarias),Red de referencia gratuita post-liberalizaciones (AP-1/AP-2/AP-4/AP-7 liberadas); ver tabla_peajes_2026.csv.,29.141,1.785,52.02,Toyota Corolla 140H e-CVT 1.8,4.5,Gasolina 95 E5,2026-10-09
R0275,Badajoz,Zamora,365.36,3.687778,0.0,official_inventory_reference_B,no_toll_expected_official_network,,tabla_peajes_2026.csv + fuentes.csv (MITMA/BOE/concesionarias),Red de referencia gratuita post-liberalizaciones (AP-1/AP-2/AP-4/AP-7 liberadas); ver tabla_peajes_2026.csv.,16.441,1.785,29.35,Toyota Corolla 140H e-CVT 1.8,4.5,Gasolina 95 E5,2026-10-09
R0276,Badajoz,Zaragoza,737.581,6.563889,0.0,official_inventory_reference_B,no_toll_expected_official_network,,tabla_peajes_2026.csv + fuentes.csv (MITMA/BOE/concesionarias),Red de referencia gratuita post-liberalizaciones (AP-1/AP-2/AP-4/AP-7 liberadas); ver tabla_peajes_2026.csv.,33.191,1.785,59.25,Toyota Corolla 140H e-CVT 1.8,4.5,Gasolina 95 E5,2026-10-09
R0277,Barcelona,A Coruña,1094.02,9.446389,0.0,official_inventory_reference_B,no_toll_expected_official_network,,tabla_peajes_2026.csv + fuentes.csv (MITMA/BOE/concesionarias),Red de referencia gratuita post-liberalizaciones (AP-1/AP-2/AP-4/AP-7 liberadas); ver tabla_peajes_2026.csv.,49.231,1.785,87.88,Toyota Corolla 140H e-CVT 1.8,4.5,Gasolina 95 E5,2026-10-09
R0278,Barcelona,Albacete,510.983,4.884444,0.0,official_inventory_reference_B,no_toll_expected_official_network,,tabla_peajes_2026.csv + fuentes.csv (MITMA/BOE/concesionarias),Red de referencia gratuita post-liberalizaciones (AP-1/AP-2/AP-4/AP-7 liberadas); ver tabla_peajes_2026.csv.,22.994,1.785,41.04,Toyota Corolla 140H e-CVT 1.8,4.5,Gasolina 95 E5,2026-10-09
R0279,Barcelona,Alicante,536.439,4.819722,0.0,official_inventory_reference_B,no_toll_expected_official_network,,tabla_peajes_2026.csv + fuentes.csv (MITMA/BOE/concesionarias),Red de referencia gratuita post-liberalizaciones (AP-1/AP-2/AP-4/AP-7 liberadas); ver tabla_peajes_2026.csv.,24.14,1.785,43.09,Toyota Corolla 140H e-CVT 1.8,4.5,Gasolina 95 E5,2026-10-09
R0280,Barcelona,Almería,766.96,6.746667,0.0,official_inventory_reference_B,no_toll_expected_official_network,,tabla_peajes_2026.csv + fuentes.csv (MITMA/BOE/concesionarias),Red de referencia gratuita post-liberalizaciones (AP-1/AP-2/AP-4/AP-7 liberadas); ver tabla_peajes_2026.csv.,34.513,1.785,61.61,Toyota Corolla 140H e-CVT 1.8,4.5,Gasolina 95 E5,2026-10-09
R0281,Barcelona,Ávila,737.465,6.581389,0.0,official_inventory_reference_B,no_toll_expected_official_network,,tabla_peajes_2026.csv + fuentes.csv (MITMA/BOE/concesionarias),Red de referencia gratuita post-liberalizaciones (AP-1/AP-2/AP-4/AP-7 liberadas); ver tabla_peajes_2026.csv.,33.186,1.785,59.24,Toyota Corolla 140H e-CVT 1.8,4.5,Gasolina 95 E5,2026-10-09
R0282,Barcelona,Badajoz,1027.888,8.895833,0.0,official_inventory_reference_B,no_toll_expected_official_network,,tabla_peajes_2026.csv + fuentes.csv (MITMA/BOE/concesionarias),Red de referencia gratuita post-liberalizaciones (AP-1/AP-2/AP-4/AP-7 liberadas); ver tabla_peajes_2026.csv.,46.255,1.785,82.57,Toyota Corolla 140H e-CVT 1.8,4.5,Gasolina 95 E5,2026-10-09
R0283,Barcelona,Bilbao,610.177,5.293889,0.0,official_inventory_reference_B,toll_possible_not_valued,AP-68 / red foral (Bidegi),tabla_peajes_2026.csv + fuentes.csv (MITMA/BOE/concesionarias),Peaje posible para ligeros; tarifa no verificada hoy. Ampliar manual con Bidegi/autopistas.com. tax=0 provisional.,27.458,1.785,49.01,Toyota Corolla 140H e-CVT 1.8,4.5,Gasolina 95 E5,2026-10-09
R0284,Barcelona,Burgos,605.557,5.310556,0.0,official_inventory_reference_B,no_toll_expected_official_network,,tabla_peajes_2026.csv + fuentes.csv (MITMA/BOE/concesionarias),Red de referencia gratuita post-liberalizaciones (AP-1/AP-2/AP-4/AP-7 liberadas); ver tabla_peajes_2026.csv.,27.25,1.785,48.64,Toyota Corolla 140H e-CVT 1.8,4.5,Gasolina 95 E5,2026-10-09
R0285,Barcelona,Cáceres,925.75,8.060278,0.0,official_inventory_reference_B,no_toll_expected_official_network,,tabla_peajes_2026.csv + fuentes.csv (MITMA/BOE/concesionarias),Red de referencia gratuita post-liberalizaciones (AP-1/AP-2/AP-4/AP-7 liberadas); ver tabla_peajes_2026.csv.,41.659,1.785,74.36,Toyota Corolla 140H e-CVT 1.8,4.5,Gasolina 95 E5,2026-10-09
R0286,Barcelona,Cádiz,1114.385,9.867778,0.0,official_inventory_reference_B,no_toll_expected_official_network,,tabla_peajes_2026.csv + fuentes.csv (MITMA/BOE/concesionarias),Red de referencia gratuita post-liberalizaciones (AP-1/AP-2/AP-4/AP-7 liberadas); ver tabla_peajes_2026.csv.,50.147,1.785,89.51,Toyota Corolla 140H e-CVT 1.8,4.5,Gasolina 95 E5,2026-10-09
R0287,Barcelona,Castellón de la Plana,279.936,2.689444,0.0,official_inventory_reference_B,no_toll_expected_official_network,,tabla_peajes_2026.csv + fuentes.csv (MITMA/BOE/concesionarias),Red de referencia gratuita post-liberalizaciones (AP-1/AP-2/AP-4/AP-7 liberadas); ver tabla_peajes_2026.csv.,12.597,1.785,22.49,Toyota Corolla 140H e-CVT 1.8,4.5,Gasolina 95 E5,2026-10-09
R0288,Barcelona,Ciudad Real,693.356,6.111389,0.0,official_inventory_reference_B,no_toll_expected_official_network,,tabla_peajes_2026.csv + fuentes.csv (MITMA/BOE/concesionarias),Red de referencia gratuita post-liberalizaciones (AP-1/AP-2/AP-4/AP-7 liberadas); ver tabla_peajes_2026.csv.,31.201,1.785,55.69,Toyota Corolla 140H e-CVT 1.8,4.5,Gasolina 95 E5,2026-10-09
R0289,Barcelona,Córdoba,863.09,7.716389,0.0,official_inventory_reference_B,no_toll_expected_official_network,,tabla_peajes_2026.csv + fuentes.csv (MITMA/BOE/concesionarias),Red de referencia gratuita post-liberalizaciones (AP-1/AP-2/AP-4/AP-7 liberadas); ver tabla_peajes_2026.csv.,38.839,1.785,69.33,Toyota Corolla 140H e-CVT 1.8,4.5,Gasolina 95 E5,2026-10-09
R0290,Barcelona,Cuenca,539.887,5.071389,0.0,official_inventory_reference_B,no_toll_expected_official_network,,tabla_peajes_2026.csv + fuentes.csv (MITMA/BOE/concesionarias),Red de referencia gratuita post-liberalizaciones (AP-1/AP-2/AP-4/AP-7 liberadas); ver tabla_peajes_2026.csv.,24.295,1.785,43.37,Toyota Corolla 140H e-CVT 1.8,4.5,Gasolina 95 E5,2026-10-09
R0291,Barcelona,Girona,102.787,1.030556,0.0,official_inventory_reference_B,no_toll_expected_official_network,,tabla_peajes_2026.csv + fuentes.csv (MITMA/BOE/concesionarias),Red de referencia gratuita post-liberalizaciones (AP-1/AP-2/AP-4/AP-7 liberadas); ver tabla_peajes_2026.csv.,4.625,1.785,8.26,Toyota Corolla 140H e-CVT 1.8,4.5,Gasolina 95 E5,2026-10-09
R0292,Barcelona,Granada,836.99,7.513056,0.0,official_inventory_reference_B,no_toll_expected_official_network,,tabla_peajes_2026.csv + fuentes.csv (MITMA/BOE/concesionarias),Red de referencia gratuita post-liberalizaciones (AP-1/AP-2/AP-4/AP-7 liberadas); ver tabla_peajes_2026.csv.,37.665,1.785,67.23,Toyota Corolla 140H e-CVT 1.8,4.5,Gasolina 95 E5,2026-10-09
R0293,Barcelona,Guadalajara,563.75,4.95,0.0,official_inventory_reference_B,no_toll_expected_official_network,,tabla_peajes_2026.csv + fuentes.csv (MITMA/BOE/concesionarias),Red de referencia gratuita post-liberalizaciones (AP-1/AP-2/AP-4/AP-7 liberadas); ver tabla_peajes_2026.csv.,25.369,1.785,45.28,Toyota Corolla 140H e-CVT 1.8,4.5,Gasolina 95 E5,2026-10-09
R0294,Barcelona,Huelva,1092.47,9.680278,0.0,official_inventory_reference_B,no_toll_expected_official_network,,tabla_peajes_2026.csv + fuentes.csv (MITMA/BOE/concesionarias),Red de referencia gratuita post-liberalizaciones (AP-1/AP-2/AP-4/AP-7 liberadas); ver tabla_peajes_2026.csv.,49.161,1.785,87.75,Toyota Corolla 140H e-CVT 1.8,4.5,Gasolina 95 E5,2026-10-09
R0295,Barcelona,Huesca,276.134,2.643333,0.0,official_inventory_reference_B,no_toll_expected_official_network,,tabla_peajes_2026.csv + fuentes.csv (MITMA/BOE/concesionarias),Red de referencia gratuita post-liberalizaciones (AP-1/AP-2/AP-4/AP-7 liberadas); ver tabla_peajes_2026.csv.,12.426,1.785,22.18,Toyota Corolla 140H e-CVT 1.8,4.5,Gasolina 95 E5,2026-10-09
R0296,Barcelona,Jaén,799.816,7.066667,0.0,official_inventory_reference_B,no_toll_expected_official_network,,tabla_peajes_2026.csv + fuentes.csv (MITMA/BOE/concesionarias),Red de referencia gratuita post-liberalizaciones (AP-1/AP-2/AP-4/AP-7 liberadas); ver tabla_peajes_2026.csv.,35.992,1.785,64.25,Toyota Corolla 140H e-CVT 1.8,4.5,Gasolina 95 E5,2026-10-09
R0297,Barcelona,León,778.683,6.763889,0.0,official_inventory_reference_B,no_toll_expected_official_network,,tabla_peajes_2026.csv + fuentes.csv (MITMA/BOE/concesionarias),Red de referencia gratuita post-liberalizaciones (AP-1/AP-2/AP-4/AP-7 liberadas); ver tabla_peajes_2026.csv.,35.041,1.785,62.55,Toyota Corolla 140H e-CVT 1.8,4.5,Gasolina 95 E5,2026-10-09
R0298,Barcelona,Lleida,158.264,1.567778,0.0,official_inventory_reference_B,no_toll_expected_official_network,,tabla_peajes_2026.csv + fuentes.csv (MITMA/BOE/concesionarias),Red de referencia gratuita post-liberalizaciones (AP-1/AP-2/AP-4/AP-7 liberadas); ver tabla_peajes_2026.csv.,7.122,1.785,12.71,Toyota Corolla 140H e-CVT 1.8,4.5,Gasolina 95 E5,2026-10-09
R0299,Barcelona,Logroño,477.186,4.158611,0.0,official_inventory_reference_B,no_toll_expected_official_network,,tabla_peajes_2026.csv + fuentes.csv (MITMA/BOE/concesionarias),Red de referencia gratuita post-liberalizaciones (AP-1/AP-2/AP-4/AP-7 liberadas); ver tabla_peajes_2026.csv.,21.473,1.785,38.33,Toyota Corolla 140H e-CVT 1.8,4.5,Gasolina 95 E5,2026-10-09
R0300,Barcelona,Lugo,998.125,8.631667,0.0,official_inventory_reference_B,no_toll_expected_official_network,,tabla_peajes_2026.csv + fuentes.csv (MITMA/BOE/concesionarias),Red de referencia gratuita post-liberalizaciones (AP-1/AP-2/AP-4/AP-7 liberadas); ver tabla_peajes_2026.csv.,44.916,1.785,80.17,Toyota Corolla 140H e-CVT 1.8,4.5,Gasolina 95 E5,2026-10-09
R0301,Barcelona,Madrid,621.256,5.499444,0.0,official_inventory_reference_B,no_toll_expected_official_network,,tabla_peajes_2026.csv + fuentes.csv (MITMA/BOE/concesionarias),Red de referencia gratuita post-liberalizaciones (AP-1/AP-2/AP-4/AP-7 liberadas); ver tabla_peajes_2026.csv.,27.957,1.785,49.9,Toyota Corolla 140H e-CVT 1.8,4.5,Gasolina 95 E5,2026-10-09
R0302,Barcelona,Málaga,959.695,9.293611,0.0,official_inventory_reference_B,no_toll_expected_official_network,,tabla_peajes_2026.csv + fuentes.csv (MITMA/BOE/concesionarias),Red de referencia gratuita post-liberalizaciones (AP-1/AP-2/AP-4/AP-7 liberadas); ver tabla_peajes_2026.csv.,43.186,1.785,77.09,Toyota Corolla 140H e-CVT 1.8,4.5,Gasolina 95 E5,2026-10-09
R0303,Barcelona,Murcia,574.985,5.179167,0.0,official_inventory_reference_B,no_toll_expected_official_network,,tabla_peajes_2026.csv + fuentes.csv (MITMA/BOE/concesionarias),Red de referencia gratuita post-liberalizaciones (AP-1/AP-2/AP-4/AP-7 liberadas); ver tabla_peajes_2026.csv.,25.874,1.785,46.19,Toyota Corolla 140H e-CVT 1.8,4.5,Gasolina 95 E5,2026-10-09
R0304,Barcelona,Ourense,1059.607,9.258056,0.0,official_inventory_reference_B,no_toll_expected_official_network,,tabla_peajes_2026.csv + fuentes.csv (MITMA/BOE/concesionarias),Red de referencia gratuita post-liberalizaciones (AP-1/AP-2/AP-4/AP-7 liberadas); ver tabla_peajes_2026.csv.,47.682,1.785,85.11,Toyota Corolla 140H e-CVT 1.8,4.5,Gasolina 95 E5,2026-10-09
R0305,Barcelona,Oviedo,899.19,7.864722,0.0,official_inventory_reference_B,no_toll_expected_official_network,,tabla_peajes_2026.csv + fuentes.csv (MITMA/BOE/concesionarias),Corredor cantábrico/pirenaico sin AP-66 en la referencia.,40.464,1.785,72.23,Toyota Corolla 140H e-CVT 1.8,4.5,Gasolina 95 E5,2026-10-09
R0306,Barcelona,Palencia,691.13,6.048333,0.0,official_inventory_reference_B,no_toll_expected_official_network,,tabla_peajes_2026.csv + fuentes.csv (MITMA/BOE/concesionarias),Red de referencia gratuita post-liberalizaciones (AP-1/AP-2/AP-4/AP-7 liberadas); ver tabla_peajes_2026.csv.,31.101,1.785,55.52,Toyota Corolla 140H e-CVT 1.8,4.5,Gasolina 95 E5,2026-10-09
R0307,Barcelona,Pamplona,486.832,4.298056,0.0,official_inventory_reference_B,no_toll_expected_official_network,,tabla_peajes_2026.csv + fuentes.csv (MITMA/BOE/concesionarias),Red de referencia gratuita post-liberalizaciones (AP-1/AP-2/AP-4/AP-7 liberadas); ver tabla_peajes_2026.csv.,21.907,1.785,39.1,Toyota Corolla 140H e-CVT 1.8,4.5,Gasolina 95 E5,2026-10-09
R0308,Barcelona,Pontevedra,1146.884,10.341944,0.0,official_inventory_reference_B,no_toll_expected_official_network,,tabla_peajes_2026.csv + fuentes.csv (MITMA/BOE/concesionarias),Red de referencia gratuita post-liberalizaciones (AP-1/AP-2/AP-4/AP-7 liberadas); ver tabla_peajes_2026.csv.,51.61,1.785,92.12,Toyota Corolla 140H e-CVT 1.8,4.5,Gasolina 95 E5,2026-10-09
R0309,Barcelona,Salamanca,843.421,7.363611,0.0,official_inventory_reference_B,no_toll_expected_official_network,,tabla_peajes_2026.csv + fuentes.csv (MITMA/BOE/concesionarias),Red de referencia gratuita post-liberalizaciones (AP-1/AP-2/AP-4/AP-7 liberadas); ver tabla_peajes_2026.csv.,37.954,1.785,67.75,Toyota Corolla 140H e-CVT 1.8,4.5,Gasolina 95 E5,2026-10-09
R0310,Barcelona,San Sebastián,571.384,5.089444,0.0,official_inventory_reference_B,no_toll_expected_official_network,,tabla_peajes_2026.csv + fuentes.csv (MITMA/BOE/concesionarias),Red de referencia gratuita post-liberalizaciones (AP-1/AP-2/AP-4/AP-7 liberadas); ver tabla_peajes_2026.csv.,25.712,1.785,45.9,Toyota Corolla 140H e-CVT 1.8,4.5,Gasolina 95 E5,2026-10-09
R0311,Barcelona,Santander,707.151,6.210556,0.0,official_inventory_reference_B,no_toll_expected_official_network,,tabla_peajes_2026.csv + fuentes.csv (MITMA/BOE/concesionarias),Red de referencia gratuita post-liberalizaciones (AP-1/AP-2/AP-4/AP-7 liberadas); ver tabla_peajes_2026.csv.,31.822,1.785,56.8,Toyota Corolla 140H e-CVT 1.8,4.5,Gasolina 95 E5,2026-10-09
R0312,Barcelona,Segovia,715.234,6.394444,0.0,official_inventory_reference_B,no_toll_expected_official_network,,tabla_peajes_2026.csv + fuentes.csv (MITMA/BOE/concesionarias),Red de referencia gratuita post-liberalizaciones (AP-1/AP-2/AP-4/AP-7 liberadas); ver tabla_peajes_2026.csv.,32.186,1.785,57.45,Toyota Corolla 140H e-CVT 1.8,4.5,Gasolina 95 E5,2026-10-09
R0313,Barcelona,Sevilla,1000.05,8.909444,0.0,official_inventory_reference_B,no_toll_expected_official_network,,tabla_peajes_2026.csv + fuentes.csv (MITMA/BOE/concesionarias),Red de referencia gratuita post-liberalizaciones (AP-1/AP-2/AP-4/AP-7 liberadas); ver tabla_peajes_2026.csv.,45.002,1.785,80.33,Toyota Corolla 140H e-CVT 1.8,4.5,Gasolina 95 E5,2026-10-09
R0314,Barcelona,Soria,460.579,4.318333,0.0,official_inventory_reference_B,no_toll_expected_official_network,,tabla_peajes_2026.csv + fuentes.csv (MITMA/BOE/concesionarias),Red de referencia gratuita post-liberalizaciones (AP-1/AP-2/AP-4/AP-7 liberadas); ver tabla_peajes_2026.csv.,20.726,1.785,37.0,Toyota Corolla 140H e-CVT 1.8,4.5,Gasolina 95 E5,2026-10-09
R0315,Barcelona,Tarragona,97.608,1.07,0.0,official_inventory_reference_B,no_toll_expected_official_network,,tabla_peajes_2026.csv + fuentes.csv (MITMA/BOE/concesionarias),Red de referencia gratuita post-liberalizaciones (AP-1/AP-2/AP-4/AP-7 liberadas); ver tabla_peajes_2026.csv.,4.392,1.785,7.84,Toyota Corolla 140H e-CVT 1.8,4.5,Gasolina 95 E5,2026-10-09
R0316,Barcelona,Teruel,428.159,3.974167,0.0,official_inventory_reference_B,no_toll_expected_official_network,,tabla_peajes_2026.csv + fuentes.csv (MITMA/BOE/concesionarias),Red de referencia gratuita post-liberalizaciones (AP-1/AP-2/AP-4/AP-7 liberadas); ver tabla_peajes_2026.csv.,19.267,1.785,34.39,Toyota Corolla 140H e-CVT 1.8,4.5,Gasolina 95 E5,2026-10-09
R0317,Barcelona,Toledo,693.424,6.096667,0.0,official_inventory_reference_B,no_toll_expected_official_network,,tabla_peajes_2026.csv + fuentes.csv (MITMA/BOE/concesionarias),Red de referencia gratuita post-liberalizaciones (AP-1/AP-2/AP-4/AP-7 liberadas); ver tabla_peajes_2026.csv.,31.204,1.785,55.7,Toyota Corolla 140H e-CVT 1.8,4.5,Gasolina 95 E5,2026-10-09
R0318,Barcelona,Valencia,350.561,3.247222,0.0,official_inventory_reference_B,no_toll_expected_official_network,,tabla_peajes_2026.csv + fuentes.csv (MITMA/BOE/concesionarias),Red de referencia gratuita post-liberalizaciones (AP-1/AP-2/AP-4/AP-7 liberadas); ver tabla_peajes_2026.csv.,15.775,1.785,28.16,Toyota Corolla 140H e-CVT 1.8,4.5,Gasolina 95 E5,2026-10-09
R0319,Barcelona,Valladolid,728.217,6.385278,0.0,official_inventory_reference_B,no_toll_expected_official_network,,tabla_peajes_2026.csv + fuentes.csv (MITMA/BOE/concesionarias),Red de referencia gratuita post-liberalizaciones (AP-1/AP-2/AP-4/AP-7 liberadas); ver tabla_peajes_2026.csv.,32.77,1.785,58.49,Toyota Corolla 140H e-CVT 1.8,4.5,Gasolina 95 E5,2026-10-09
R0320,Barcelona,Vitoria-Gasteiz,564.368,4.936111,0.0,official_inventory_reference_B,no_toll_expected_official_network,,tabla_peajes_2026.csv + fuentes.csv (MITMA/BOE/concesionarias),Red de referencia gratuita post-liberalizaciones (AP-1/AP-2/AP-4/AP-7 liberadas); ver tabla_peajes_2026.csv.,25.397,1.785,45.33,Toyota Corolla 140H e-CVT 1.8,4.5,Gasolina 95 E5,2026-10-09
R0321,Barcelona,Zamora,834.434,7.406389,0.0,official_inventory_reference_B,no_toll_expected_official_network,,tabla_peajes_2026.csv + fuentes.csv (MITMA/BOE/concesionarias),Red de referencia gratuita post-liberalizaciones (AP-1/AP-2/AP-4/AP-7 liberadas); ver tabla_peajes_2026.csv.,37.55,1.785,67.03,Toyota Corolla 140H e-CVT 1.8,4.5,Gasolina 95 E5,2026-10-09
R0322,Barcelona,Zaragoza,311.696,2.843056,0.0,official_inventory_reference_B,no_toll_expected_official_network,,tabla_peajes_2026.csv + fuentes.csv (MITMA/BOE/concesionarias),Red de referencia gratuita post-liberalizaciones (AP-1/AP-2/AP-4/AP-7 liberadas); ver tabla_peajes_2026.csv.,14.026,1.785,25.04,Toyota Corolla 140H e-CVT 1.8,4.5,Gasolina 95 E5,2026-10-09
R0323,Bilbao,A Coruña,646.18,5.605833,0.0,official_inventory_reference_B,no_toll_expected_official_network,,tabla_peajes_2026.csv + fuentes.csv (MITMA/BOE/concesionarias),Red de referencia gratuita post-liberalizaciones (AP-1/AP-2/AP-4/AP-7 liberadas); ver tabla_peajes_2026.csv.,29.078,1.785,51.9,Toyota Corolla 140H e-CVT 1.8,4.5,Gasolina 95 E5,2026-10-09
R0324,Bilbao,Albacete,641.634,5.662222,0.0,official_inventory_reference_B,no_toll_expected_official_network,,tabla_peajes_2026.csv + fuentes.csv (MITMA/BOE/concesionarias),Red de referencia gratuita post-liberalizaciones (AP-1/AP-2/AP-4/AP-7 liberadas); ver tabla_peajes_2026.csv.,28.874,1.785,51.54,Toyota Corolla 140H e-CVT 1.8,4.5,Gasolina 95 E5,2026-10-09
R0325,Bilbao,Alicante,798.096,6.964167,0.0,official_inventory_reference_B,no_toll_expected_official_network,,tabla_peajes_2026.csv + fuentes.csv (MITMA/BOE/concesionarias),Red de referencia gratuita post-liberalizaciones (AP-1/AP-2/AP-4/AP-7 liberadas); ver tabla_peajes_2026.csv.,35.914,1.785,64.11,Toyota Corolla 140H e-CVT 1.8,4.5,Gasolina 95 E5,2026-10-09
R0326,Bilbao,Almería,945.453,8.48,0.0,official_inventory_reference_B,no_toll_expected_official_network,,tabla_peajes_2026.csv + fuentes.csv (MITMA/BOE/concesionarias),Red de referencia gratuita post-liberalizaciones (AP-1/AP-2/AP-4/AP-7 liberadas); ver tabla_peajes_2026.csv.,42.545,1.785,75.94,Toyota Corolla 140H e-CVT 1.8,4.5,Gasolina 95 E5,2026-10-09
R0327,Bilbao,Ávila,418.721,3.788889,0.0,official_inventory_reference_B,no_toll_expected_official_network,,tabla_peajes_2026.csv + fuentes.csv (MITMA/BOE/concesionarias),Red de referencia gratuita post-liberalizaciones (AP-1/AP-2/AP-4/AP-7 liberadas); ver tabla_peajes_2026.csv.,18.842,1.785,33.63,Toyota Corolla 140H e-CVT 1.8,4.5,Gasolina 95 E5,2026-10-09
R0328,Bilbao,Badajoz,691.54,6.2775,0.0,official_inventory_reference_B,no_toll_expected_official_network,,tabla_peajes_2026.csv + fuentes.csv (MITMA/BOE/concesionarias),Red de referencia gratuita post-liberalizaciones (AP-1/AP-2/AP-4/AP-7 liberadas); ver tabla_peajes_2026.csv.,31.119,1.785,55.55,Toyota Corolla 140H e-CVT 1.8,4.5,Gasolina 95 E5,2026-10-09
R0329,Bilbao,Barcelona,610.63,5.3175,0.0,official_inventory_reference_B,toll_possible_not_valued,AP-68 / red foral (Bidegi),tabla_peajes_2026.csv + fuentes.csv (MITMA/BOE/concesionarias),Peaje posible para ligeros; tarifa no verificada hoy. Ampliar manual con Bidegi/autopistas.com. tax=0 provisional.,27.478,1.785,49.05,Toyota Corolla 140H e-CVT 1.8,4.5,Gasolina 95 E5,2026-10-09
R0330,Bilbao,Burgos,157.711,1.469167,0.0,official_inventory_reference_B,no_toll_expected_official_network,,tabla_peajes_2026.csv + fuentes.csv (MITMA/BOE/concesionarias),Red de referencia gratuita post-liberalizaciones (AP-1/AP-2/AP-4/AP-7 liberadas); ver tabla_peajes_2026.csv.,7.097,1.785,12.67,Toyota Corolla 140H e-CVT 1.8,4.5,Gasolina 95 E5,2026-10-09
R0331,Bilbao,Cáceres,603.926,5.325833,0.0,official_inventory_reference_B,no_toll_expected_official_network,,tabla_peajes_2026.csv + fuentes.csv (MITMA/BOE/concesionarias),Red de referencia gratuita post-liberalizaciones (AP-1/AP-2/AP-4/AP-7 liberadas); ver tabla_peajes_2026.csv.,27.177,1.785,48.51,Toyota Corolla 140H e-CVT 1.8,4.5,Gasolina 95 E5,2026-10-09
R0332,Bilbao,Cádiz,979.444,8.525833,0.0,official_inventory_reference_B,no_toll_expected_official_network,,tabla_peajes_2026.csv + fuentes.csv (MITMA/BOE/concesionarias),Red de referencia gratuita post-liberalizaciones (AP-1/AP-2/AP-4/AP-7 liberadas); ver tabla_peajes_2026.csv.,44.075,1.785,78.67,Toyota Corolla 140H e-CVT 1.8,4.5,Gasolina 95 E5,2026-10-09
R0333,Bilbao,Castellón de la Plana,617.391,5.539167,0.0,official_inventory_reference_B,no_toll_expected_official_network,,tabla_peajes_2026.csv + fuentes.csv (MITMA/BOE/concesionarias),Red de referencia gratuita post-liberalizaciones (AP-1/AP-2/AP-4/AP-7 liberadas); ver tabla_peajes_2026.csv.,27.783,1.785,49.59,Toyota Corolla 140H e-CVT 1.8,4.5,Gasolina 95 E5,2026-10-09
R0334,Bilbao,Ciudad Real,605.587,5.482222,0.0,official_inventory_reference_B,no_toll_expected_official_network,,tabla_peajes_2026.csv + fuentes.csv (MITMA/BOE/concesionarias),Red de referencia gratuita post-liberalizaciones (AP-1/AP-2/AP-4/AP-7 liberadas); ver tabla_peajes_2026.csv.,27.251,1.785,48.64,Toyota Corolla 140H e-CVT 1.8,4.5,Gasolina 95 E5,2026-10-09
R0335,Bilbao,Córdoba,796.192,7.152778,0.0,official_inventory_reference_B,no_toll_expected_official_network,,tabla_peajes_2026.csv + fuentes.csv (MITMA/BOE/concesionarias),Red de referencia gratuita post-liberalizaciones (AP-1/AP-2/AP-4/AP-7 liberadas); ver tabla_peajes_2026.csv.,35.829,1.785,63.95,Toyota Corolla 140H e-CVT 1.8,4.5,Gasolina 95 E5,2026-10-09
R0336,Bilbao,Cuenca,553.195,4.978611,0.0,official_inventory_reference_B,no_toll_expected_official_network,,tabla_peajes_2026.csv + fuentes.csv (MITMA/BOE/concesionarias),Red de referencia gratuita post-liberalizaciones (AP-1/AP-2/AP-4/AP-7 liberadas); ver tabla_peajes_2026.csv.,24.894,1.785,44.44,Toyota Corolla 140H e-CVT 1.8,4.5,Gasolina 95 E5,2026-10-09
R0337,Bilbao,Girona,676.376,5.9025,0.0,official_inventory_reference_B,toll_possible_not_valued,AP-68 / red foral (Bidegi),tabla_peajes_2026.csv + fuentes.csv (MITMA/BOE/concesionarias),Peaje posible para ligeros; tarifa no verificada hoy. Ampliar manual con Bidegi/autopistas.com. tax=0 provisional.,30.437,1.785,54.33,Toyota Corolla 140H e-CVT 1.8,4.5,Gasolina 95 E5,2026-10-09
R0338,Bilbao,Granada,820.588,7.256111,0.0,official_inventory_reference_B,no_toll_expected_official_network,,tabla_peajes_2026.csv + fuentes.csv (MITMA/BOE/concesionarias),Red de referencia gratuita post-liberalizaciones (AP-1/AP-2/AP-4/AP-7 liberadas); ver tabla_peajes_2026.csv.,36.926,1.785,65.91,Toyota Corolla 140H e-CVT 1.8,4.5,Gasolina 95 E5,2026-10-09
R0339,Bilbao,Guadalajara,421.346,3.812222,0.0,official_inventory_reference_B,no_toll_expected_official_network,,tabla_peajes_2026.csv + fuentes.csv (MITMA/BOE/concesionarias),Red de referencia gratuita post-liberalizaciones (AP-1/AP-2/AP-4/AP-7 liberadas); ver tabla_peajes_2026.csv.,18.961,1.785,33.84,Toyota Corolla 140H e-CVT 1.8,4.5,Gasolina 95 E5,2026-10-09
R0340,Bilbao,Huelva,944.415,8.146389,0.0,official_inventory_reference_B,no_toll_expected_official_network,,tabla_peajes_2026.csv + fuentes.csv (MITMA/BOE/concesionarias),Red de referencia gratuita post-liberalizaciones (AP-1/AP-2/AP-4/AP-7 liberadas); ver tabla_peajes_2026.csv.,42.499,1.785,75.86,Toyota Corolla 140H e-CVT 1.8,4.5,Gasolina 95 E5,2026-10-09
R0341,Bilbao,Huesca,317.877,3.252778,0.0,official_inventory_reference_B,toll_possible_not_valued,AP-68 / red foral (Bidegi),tabla_peajes_2026.csv + fuentes.csv (MITMA/BOE/concesionarias),Peaje posible para ligeros; tarifa no verificada hoy. Ampliar manual con Bidegi/autopistas.com. tax=0 provisional.,14.304,1.785,25.53,Toyota Corolla 140H e-CVT 1.8,4.5,Gasolina 95 E5,2026-10-09
R0342,Bilbao,Jaén,732.918,6.502778,0.0,official_inventory_reference_B,no_toll_expected_official_network,,tabla_peajes_2026.csv + fuentes.csv (MITMA/BOE/concesionarias),Red de referencia gratuita post-liberalizaciones (AP-1/AP-2/AP-4/AP-7 liberadas); ver tabla_peajes_2026.csv.,32.981,1.785,58.87,Toyota Corolla 140H e-CVT 1.8,4.5,Gasolina 95 E5,2026-10-09
R0343,Bilbao,León,330.835,2.923333,0.0,official_inventory_reference_B,no_toll_expected_official_network,,tabla_peajes_2026.csv + fuentes.csv (MITMA/BOE/concesionarias),Red de referencia gratuita post-liberalizaciones (AP-1/AP-2/AP-4/AP-7 liberadas); ver tabla_peajes_2026.csv.,14.888,1.785,26.57,Toyota Corolla 140H e-CVT 1.8,4.5,Gasolina 95 E5,2026-10-09
R0344,Bilbao,Lleida,449.71,3.891944,0.0,official_inventory_reference_B,toll_possible_not_valued,AP-68 / red foral (Bidegi),tabla_peajes_2026.csv + fuentes.csv (MITMA/BOE/concesionarias),Peaje posible para ligeros; tarifa no verificada hoy. Ampliar manual con Bidegi/autopistas.com. tax=0 provisional.,20.237,1.785,36.12,Toyota Corolla 140H e-CVT 1.8,4.5,Gasolina 95 E5,2026-10-09
R0345,Bilbao,Logroño,137.182,1.304722,0.0,official_inventory_reference_B,toll_possible_not_valued,AP-68 / red foral (Bidegi),tabla_peajes_2026.csv + fuentes.csv (MITMA/BOE/concesionarias),Peaje posible para ligeros; tarifa no verificada hoy. Ampliar manual con Bidegi/autopistas.com. tax=0 provisional.,6.173,1.785,11.02,Toyota Corolla 140H e-CVT 1.8,4.5,Gasolina 95 E5,2026-10-09
R0346,Bilbao,Lugo,550.285,4.791111,0.0,official_inventory_reference_B,no_toll_expected_official_network,,tabla_peajes_2026.csv + fuentes.csv (MITMA/BOE/concesionarias),Red de referencia gratuita post-liberalizaciones (AP-1/AP-2/AP-4/AP-7 liberadas); ver tabla_peajes_2026.csv.,24.763,1.785,44.2,Toyota Corolla 140H e-CVT 1.8,4.5,Gasolina 95 E5,2026-10-09
R0347,Bilbao,Madrid,396.556,3.601389,0.0,official_inventory_reference_B,no_toll_expected_official_network,,tabla_peajes_2026.csv + fuentes.csv (MITMA/BOE/concesionarias),Red de referencia gratuita post-liberalizaciones (AP-1/AP-2/AP-4/AP-7 liberadas); ver tabla_peajes_2026.csv.,17.845,1.785,31.85,Toyota Corolla 140H e-CVT 1.8,4.5,Gasolina 95 E5,2026-10-09
R0348,Bilbao,Málaga,930.023,8.997222,0.0,official_inventory_reference_B,no_toll_expected_official_network,,tabla_peajes_2026.csv + fuentes.csv (MITMA/BOE/concesionarias),Red de referencia gratuita post-liberalizaciones (AP-1/AP-2/AP-4/AP-7 liberadas); ver tabla_peajes_2026.csv.,41.851,1.785,74.7,Toyota Corolla 140H e-CVT 1.8,4.5,Gasolina 95 E5,2026-10-09
R0349,Bilbao,Murcia,784.09,6.914444,0.0,official_inventory_reference_B,no_toll_expected_official_network,,tabla_peajes_2026.csv + fuentes.csv (MITMA/BOE/concesionarias),Red de referencia gratuita post-liberalizaciones (AP-1/AP-2/AP-4/AP-7 liberadas); ver tabla_peajes_2026.csv.,35.284,1.785,62.98,Toyota Corolla 140H e-CVT 1.8,4.5,Gasolina 95 E5,2026-10-09
R0350,Bilbao,Ourense,611.767,5.417778,0.0,official_inventory_reference_B,no_toll_expected_official_network,,tabla_peajes_2026.csv + fuentes.csv (MITMA/BOE/concesionarias),Red de referencia gratuita post-liberalizaciones (AP-1/AP-2/AP-4/AP-7 liberadas); ver tabla_peajes_2026.csv.,27.53,1.785,49.14,Toyota Corolla 140H e-CVT 1.8,4.5,Gasolina 95 E5,2026-10-09
R0351,Bilbao,Oviedo,291.902,2.708056,0.0,official_inventory_reference_B,no_toll_expected_official_network,,tabla_peajes_2026.csv + fuentes.csv (MITMA/BOE/concesionarias),Corredor cantábrico/pirenaico sin AP-66 en la referencia.,13.136,1.785,23.45,Toyota Corolla 140H e-CVT 1.8,4.5,Gasolina 95 E5,2026-10-09
R0352,Bilbao,Palencia,243.284,2.206944,0.0,official_inventory_reference_B,no_toll_expected_official_network,,tabla_peajes_2026.csv + fuentes.csv (MITMA/BOE/concesionarias),Red de referencia gratuita post-liberalizaciones (AP-1/AP-2/AP-4/AP-7 liberadas); ver tabla_peajes_2026.csv.,10.948,1.785,19.54,Toyota Corolla 140H e-CVT 1.8,4.5,Gasolina 95 E5,2026-10-09
R0353,Bilbao,Pamplona,155.204,1.511111,0.0,official_inventory_reference_B,toll_possible_not_valued,AP-68 / red foral (Bidegi),tabla_peajes_2026.csv + fuentes.csv (MITMA/BOE/concesionarias),Peaje posible para ligeros; tarifa no verificada hoy. Ampliar manual con Bidegi/autopistas.com. tax=0 provisional.,6.984,1.785,12.47,Toyota Corolla 140H e-CVT 1.8,4.5,Gasolina 95 E5,2026-10-09
R0354,Bilbao,Pontevedra,650.361,6.024722,0.0,official_inventory_reference_B,no_toll_expected_official_network,,tabla_peajes_2026.csv + fuentes.csv (MITMA/BOE/concesionarias),Red de referencia gratuita post-liberalizaciones (AP-1/AP-2/AP-4/AP-7 liberadas); ver tabla_peajes_2026.csv.,29.266,1.785,52.24,Toyota Corolla 140H e-CVT 1.8,4.5,Gasolina 95 E5,2026-10-09
R0355,Bilbao,Salamanca,395.581,3.523056,0.0,official_inventory_reference_B,no_toll_expected_official_network,,tabla_peajes_2026.csv + fuentes.csv (MITMA/BOE/concesionarias),Red de referencia gratuita post-liberalizaciones (AP-1/AP-2/AP-4/AP-7 liberadas); ver tabla_peajes_2026.csv.,17.801,1.785,31.78,Toyota Corolla 140H e-CVT 1.8,4.5,Gasolina 95 E5,2026-10-09
R0356,Bilbao,San Sebastián,102.256,1.052778,0.0,official_inventory_reference_B,toll_possible_not_valued,AP-68 / red foral (Bidegi),tabla_peajes_2026.csv + fuentes.csv (MITMA/BOE/concesionarias),Peaje posible para ligeros; tarifa no verificada hoy. Ampliar manual con Bidegi/autopistas.com. tax=0 provisional.,4.602,1.785,8.21,Toyota Corolla 140H e-CVT 1.8,4.5,Gasolina 95 E5,2026-10-09
R0357,Bilbao,Santander,102.581,1.066389,0.0,official_inventory_reference_B,toll_possible_not_valued,AP-68 / red foral (Bidegi),tabla_peajes_2026.csv + fuentes.csv (MITMA/BOE/concesionarias),Peaje posible para ligeros; tarifa no verificada hoy. Ampliar manual con Bidegi/autopistas.com. tax=0 provisional.,4.616,1.785,8.24,Toyota Corolla 140H e-CVT 1.8,4.5,Gasolina 95 E5,2026-10-09
R0358,Bilbao,Segovia,351.767,3.350556,0.0,official_inventory_reference_B,no_toll_expected_official_network,,tabla_peajes_2026.csv + fuentes.csv (MITMA/BOE/concesionarias),Red de referencia gratuita post-liberalizaciones (AP-1/AP-2/AP-4/AP-7 liberadas); ver tabla_peajes_2026.csv.,15.83,1.785,28.26,Toyota Corolla 140H e-CVT 1.8,4.5,Gasolina 95 E5,2026-10-09
R0359,Bilbao,Sevilla,860.231,7.436389,0.0,official_inventory_reference_B,no_toll_expected_official_network,,tabla_peajes_2026.csv + fuentes.csv (MITMA/BOE/concesionarias),Red de referencia gratuita post-liberalizaciones (AP-1/AP-2/AP-4/AP-7 liberadas); ver tabla_peajes_2026.csv.,38.71,1.785,69.1,Toyota Corolla 140H e-CVT 1.8,4.5,Gasolina 95 E5,2026-10-09
R0360,Bilbao,Soria,221.495,2.300556,0.0,official_inventory_reference_B,no_toll_expected_official_network,,tabla_peajes_2026.csv + fuentes.csv (MITMA/BOE/concesionarias),Red de referencia gratuita post-liberalizaciones (AP-1/AP-2/AP-4/AP-7 liberadas); ver tabla_peajes_2026.csv.,9.967,1.785,17.79,Toyota Corolla 140H e-CVT 1.8,4.5,Gasolina 95 E5,2026-10-09
R0361,Bilbao,Tarragona,532.444,4.690278,0.0,official_inventory_reference_B,toll_possible_not_valued,AP-68 / red foral (Bidegi),tabla_peajes_2026.csv + fuentes.csv (MITMA/BOE/concesionarias),Peaje posible para ligeros; tarifa no verificada hoy. Ampliar manual con Bidegi/autopistas.com. tax=0 provisional.,23.96,1.785,42.77,Toyota Corolla 140H e-CVT 1.8,4.5,Gasolina 95 E5,2026-10-09
R0362,Bilbao,Teruel,473.712,4.14,0.0,official_inventory_reference_B,no_toll_expected_official_network,,tabla_peajes_2026.csv + fuentes.csv (MITMA/BOE/concesionarias),Red de referencia gratuita post-liberalizaciones (AP-1/AP-2/AP-4/AP-7 liberadas); ver tabla_peajes_2026.csv.,21.317,1.785,38.05,Toyota Corolla 140H e-CVT 1.8,4.5,Gasolina 95 E5,2026-10-09
R0363,Bilbao,Toledo,480.907,4.289722,0.0,official_inventory_reference_B,no_toll_expected_official_network,,tabla_peajes_2026.csv + fuentes.csv (MITMA/BOE/concesionarias),Red de referencia gratuita post-liberalizaciones (AP-1/AP-2/AP-4/AP-7 liberadas); ver tabla_peajes_2026.csv.,21.641,1.785,38.63,Toyota Corolla 140H e-CVT 1.8,4.5,Gasolina 95 E5,2026-10-09
R0364,Bilbao,Valencia,611.643,5.386389,0.0,official_inventory_reference_B,no_toll_expected_official_network,,tabla_peajes_2026.csv + fuentes.csv (MITMA/BOE/concesionarias),Red de referencia gratuita post-liberalizaciones (AP-1/AP-2/AP-4/AP-7 liberadas); ver tabla_peajes_2026.csv.,27.524,1.785,49.13,Toyota Corolla 140H e-CVT 1.8,4.5,Gasolina 95 E5,2026-10-09
R0365,Bilbao,Valladolid,280.368,2.544444,0.0,official_inventory_reference_B,no_toll_expected_official_network,,tabla_peajes_2026.csv + fuentes.csv (MITMA/BOE/concesionarias),Red de referencia gratuita post-liberalizaciones (AP-1/AP-2/AP-4/AP-7 liberadas); ver tabla_peajes_2026.csv.,12.617,1.785,22.52,Toyota Corolla 140H e-CVT 1.8,4.5,Gasolina 95 E5,2026-10-09
R0366,Bilbao,Vitoria-Gasteiz,64.289,0.715,0.0,official_inventory_reference_B,toll_possible_not_valued,AP-68 / red foral (Bidegi),tabla_peajes_2026.csv + fuentes.csv (MITMA/BOE/concesionarias),Peaje posible para ligeros; tarifa no verificada hoy. Ampliar manual con Bidegi/autopistas.com. tax=0 provisional.,2.893,1.785,5.16,Toyota Corolla 140H e-CVT 1.8,4.5,Gasolina 95 E5,2026-10-09
R0367,Bilbao,Zamora,386.589,3.565833,0.0,official_inventory_reference_B,no_toll_expected_official_network,,tabla_peajes_2026.csv + fuentes.csv (MITMA/BOE/concesionarias),Red de referencia gratuita post-liberalizaciones (AP-1/AP-2/AP-4/AP-7 liberadas); ver tabla_peajes_2026.csv.,17.397,1.785,31.05,Toyota Corolla 140H e-CVT 1.8,4.5,Gasolina 95 E5,2026-10-09
R0368,Bilbao,Zaragoza,304.128,2.710833,0.0,official_inventory_reference_B,toll_possible_not_valued,AP-68 / red foral (Bidegi),tabla_peajes_2026.csv + fuentes.csv (MITMA/BOE/concesionarias),Peaje posible para ligeros; tarifa no verificada hoy. Ampliar manual con Bidegi/autopistas.com. tax=0 provisional.,13.686,1.785,24.43,Toyota Corolla 140H e-CVT 1.8,4.5,Gasolina 95 E5,2026-10-09
R0369,Burgos,A Coruña,492.703,4.236667,0.0,official_inventory_reference_B,no_toll_expected_official_network,,tabla_peajes_2026.csv + fuentes.csv (MITMA/BOE/concesionarias),Red de referencia gratuita post-liberalizaciones (AP-1/AP-2/AP-4/AP-7 liberadas); ver tabla_peajes_2026.csv.,22.172,1.785,39.58,Toyota Corolla 140H e-CVT 1.8,4.5,Gasolina 95 E5,2026-10-09
R0370,Burgos,Albacete,488.287,4.293889,0.0,official_inventory_reference_B,no_toll_expected_official_network,,tabla_peajes_2026.csv + fuentes.csv (MITMA/BOE/concesionarias),Red de referencia gratuita post-liberalizaciones (AP-1/AP-2/AP-4/AP-7 liberadas); ver tabla_peajes_2026.csv.,21.973,1.785,39.22,Toyota Corolla 140H e-CVT 1.8,4.5,Gasolina 95 E5,2026-10-09
R0371,Burgos,Alicante,652.45,5.6925,0.0,official_inventory_reference_B,no_toll_expected_official_network,,tabla_peajes_2026.csv + fuentes.csv (MITMA/BOE/concesionarias),Red de referencia gratuita post-liberalizaciones (AP-1/AP-2/AP-4/AP-7 liberadas); ver tabla_peajes_2026.csv.,29.36,1.785,52.41,Toyota Corolla 140H e-CVT 1.8,4.5,Gasolina 95 E5,2026-10-09
R0372,Burgos,Almería,792.106,7.111389,0.0,official_inventory_reference_B,no_toll_expected_official_network,,tabla_peajes_2026.csv + fuentes.csv (MITMA/BOE/concesionarias),Red de referencia gratuita post-liberalizaciones (AP-1/AP-2/AP-4/AP-7 liberadas); ver tabla_peajes_2026.csv.,35.645,1.785,63.63,Toyota Corolla 140H e-CVT 1.8,4.5,Gasolina 95 E5,2026-10-09
R0373,Burgos,Ávila,267.785,2.473056,0.0,official_inventory_reference_B,no_toll_expected_official_network,,tabla_peajes_2026.csv + fuentes.csv (MITMA/BOE/concesionarias),Red de referencia gratuita post-liberalizaciones (AP-1/AP-2/AP-4/AP-7 liberadas); ver tabla_peajes_2026.csv.,12.05,1.785,21.51,Toyota Corolla 140H e-CVT 1.8,4.5,Gasolina 95 E5,2026-10-09
R0374,Burgos,Badajoz,538.067,4.908333,0.0,official_inventory_reference_B,no_toll_expected_official_network,,tabla_peajes_2026.csv + fuentes.csv (MITMA/BOE/concesionarias),Red de referencia gratuita post-liberalizaciones (AP-1/AP-2/AP-4/AP-7 liberadas); ver tabla_peajes_2026.csv.,24.213,1.785,43.22,Toyota Corolla 140H e-CVT 1.8,4.5,Gasolina 95 E5,2026-10-09
R0375,Burgos,Barcelona,589.983,5.355833,0.0,official_inventory_reference_B,no_toll_expected_official_network,,tabla_peajes_2026.csv + fuentes.csv (MITMA/BOE/concesionarias),Red de referencia gratuita post-liberalizaciones (AP-1/AP-2/AP-4/AP-7 liberadas); ver tabla_peajes_2026.csv.,26.549,1.785,47.39,Toyota Corolla 140H e-CVT 1.8,4.5,Gasolina 95 E5,2026-10-09
R0376,Burgos,Bilbao,158.88,1.472778,0.0,official_inventory_reference_B,no_toll_expected_official_network,,tabla_peajes_2026.csv + fuentes.csv (MITMA/BOE/concesionarias),Red de referencia gratuita post-liberalizaciones (AP-1/AP-2/AP-4/AP-7 liberadas); ver tabla_peajes_2026.csv.,7.15,1.785,12.76,Toyota Corolla 140H e-CVT 1.8,4.5,Gasolina 95 E5,2026-10-09
R0377,Burgos,Cáceres,452.99,4.01,0.0,official_inventory_reference_B,no_toll_expected_official_network,,tabla_peajes_2026.csv + fuentes.csv (MITMA/BOE/concesionarias),Red de referencia gratuita post-liberalizaciones (AP-1/AP-2/AP-4/AP-7 liberadas); ver tabla_peajes_2026.csv.,20.385,1.785,36.39,Toyota Corolla 140H e-CVT 1.8,4.5,Gasolina 95 E5,2026-10-09
R0378,Burgos,Cádiz,825.971,7.156667,0.0,official_inventory_reference_B,no_toll_expected_official_network,,tabla_peajes_2026.csv + fuentes.csv (MITMA/BOE/concesionarias),Red de referencia gratuita post-liberalizaciones (AP-1/AP-2/AP-4/AP-7 liberadas); ver tabla_peajes_2026.csv.,37.169,1.785,66.35,Toyota Corolla 140H e-CVT 1.8,4.5,Gasolina 95 E5,2026-10-09
R0379,Burgos,Castellón de la Plana,515.222,5.616111,0.0,official_inventory_reference_B,no_toll_expected_official_network,,tabla_peajes_2026.csv + fuentes.csv (MITMA/BOE/concesionarias),Red de referencia gratuita post-liberalizaciones (AP-1/AP-2/AP-4/AP-7 liberadas); ver tabla_peajes_2026.csv.,23.185,1.785,41.39,Toyota Corolla 140H e-CVT 1.8,4.5,Gasolina 95 E5,2026-10-09
R0380,Burgos,Ciudad Real,452.24,4.113889,0.0,official_inventory_reference_B,no_toll_expected_official_network,,tabla_peajes_2026.csv + fuentes.csv (MITMA/BOE/concesionarias),Red de referencia gratuita post-liberalizaciones (AP-1/AP-2/AP-4/AP-7 liberadas); ver tabla_peajes_2026.csv.,20.351,1.785,36.33,Toyota Corolla 140H e-CVT 1.8,4.5,Gasolina 95 E5,2026-10-09
R0381,Burgos,Córdoba,642.845,5.784167,0.0,official_inventory_reference_B,no_toll_expected_official_network,,tabla_peajes_2026.csv + fuentes.csv (MITMA/BOE/concesionarias),Red de referencia gratuita post-liberalizaciones (AP-1/AP-2/AP-4/AP-7 liberadas); ver tabla_peajes_2026.csv.,28.928,1.785,51.64,Toyota Corolla 140H e-CVT 1.8,4.5,Gasolina 95 E5,2026-10-09
R0382,Burgos,Cuenca,399.848,3.610278,0.0,official_inventory_reference_B,no_toll_expected_official_network,,tabla_peajes_2026.csv + fuentes.csv (MITMA/BOE/concesionarias),Red de referencia gratuita post-liberalizaciones (AP-1/AP-2/AP-4/AP-7 liberadas); ver tabla_peajes_2026.csv.,17.993,1.785,32.12,Toyota Corolla 140H e-CVT 1.8,4.5,Gasolina 95 E5,2026-10-09
R0383,Burgos,Girona,655.729,5.940833,0.0,official_inventory_reference_B,no_toll_expected_official_network,,tabla_peajes_2026.csv + fuentes.csv (MITMA/BOE/concesionarias),Red de referencia gratuita post-liberalizaciones (AP-1/AP-2/AP-4/AP-7 liberadas); ver tabla_peajes_2026.csv.,29.508,1.785,52.67,Toyota Corolla 140H e-CVT 1.8,4.5,Gasolina 95 E5,2026-10-09
R0384,Burgos,Granada,667.241,5.8875,0.0,official_inventory_reference_B,no_toll_expected_official_network,,tabla_peajes_2026.csv + fuentes.csv (MITMA/BOE/concesionarias),Red de referencia gratuita post-liberalizaciones (AP-1/AP-2/AP-4/AP-7 liberadas); ver tabla_peajes_2026.csv.,30.026,1.785,53.6,Toyota Corolla 140H e-CVT 1.8,4.5,Gasolina 95 E5,2026-10-09
R0385,Burgos,Guadalajara,267.99,2.443889,0.0,official_inventory_reference_B,no_toll_expected_official_network,,tabla_peajes_2026.csv + fuentes.csv (MITMA/BOE/concesionarias),Red de referencia gratuita post-liberalizaciones (AP-1/AP-2/AP-4/AP-7 liberadas); ver tabla_peajes_2026.csv.,12.06,1.785,21.53,Toyota Corolla 140H e-CVT 1.8,4.5,Gasolina 95 E5,2026-10-09
R0386,Burgos,Huelva,790.942,6.777222,0.0,official_inventory_reference_B,no_toll_expected_official_network,,tabla_peajes_2026.csv + fuentes.csv (MITMA/BOE/concesionarias),Red de referencia gratuita post-liberalizaciones (AP-1/AP-2/AP-4/AP-7 liberadas); ver tabla_peajes_2026.csv.,35.592,1.785,63.53,Toyota Corolla 140H e-CVT 1.8,4.5,Gasolina 95 E5,2026-10-09
R0387,Burgos,Huesca,372.762,3.6625,0.0,official_inventory_reference_B,no_toll_expected_official_network,,tabla_peajes_2026.csv + fuentes.csv (MITMA/BOE/concesionarias),Red de referencia gratuita post-liberalizaciones (AP-1/AP-2/AP-4/AP-7 liberadas); ver tabla_peajes_2026.csv.,16.774,1.785,29.94,Toyota Corolla 140H e-CVT 1.8,4.5,Gasolina 95 E5,2026-10-09
R0388,Burgos,Jaén,579.571,5.134444,0.0,official_inventory_reference_B,no_toll_expected_official_network,,tabla_peajes_2026.csv + fuentes.csv (MITMA/BOE/concesionarias),Red de referencia gratuita post-liberalizaciones (AP-1/AP-2/AP-4/AP-7 liberadas); ver tabla_peajes_2026.csv.,26.081,1.785,46.55,Toyota Corolla 140H e-CVT 1.8,4.5,Gasolina 95 E5,2026-10-09
R0389,Burgos,León,177.933,1.612778,0.0,official_inventory_reference_B,no_toll_expected_official_network,,tabla_peajes_2026.csv + fuentes.csv (MITMA/BOE/concesionarias),Red de referencia gratuita post-liberalizaciones (AP-1/AP-2/AP-4/AP-7 liberadas); ver tabla_peajes_2026.csv.,8.007,1.785,14.29,Toyota Corolla 140H e-CVT 1.8,4.5,Gasolina 95 E5,2026-10-09
R0390,Burgos,Lleida,429.063,3.930278,0.0,official_inventory_reference_B,no_toll_expected_official_network,,tabla_peajes_2026.csv + fuentes.csv (MITMA/BOE/concesionarias),Red de referencia gratuita post-liberalizaciones (AP-1/AP-2/AP-4/AP-7 liberadas); ver tabla_peajes_2026.csv.,19.308,1.785,34.46,Toyota Corolla 140H e-CVT 1.8,4.5,Gasolina 95 E5,2026-10-09
R0391,Burgos,Logroño,115.147,1.289444,0.0,official_inventory_reference_B,no_toll_expected_official_network,,tabla_peajes_2026.csv + fuentes.csv (MITMA/BOE/concesionarias),Red de referencia gratuita post-liberalizaciones (AP-1/AP-2/AP-4/AP-7 liberadas); ver tabla_peajes_2026.csv.,5.182,1.785,9.25,Toyota Corolla 140H e-CVT 1.8,4.5,Gasolina 95 E5,2026-10-09
R0392,Burgos,Lugo,396.806,3.421944,0.0,official_inventory_reference_B,no_toll_expected_official_network,,tabla_peajes_2026.csv + fuentes.csv (MITMA/BOE/concesionarias),Red de referencia gratuita post-liberalizaciones (AP-1/AP-2/AP-4/AP-7 liberadas); ver tabla_peajes_2026.csv.,17.856,1.785,31.87,Toyota Corolla 140H e-CVT 1.8,4.5,Gasolina 95 E5,2026-10-09
R0393,Burgos,Madrid,243.207,2.232778,0.0,official_inventory_reference_B,no_toll_expected_official_network,,tabla_peajes_2026.csv + fuentes.csv (MITMA/BOE/concesionarias),Red de referencia gratuita post-liberalizaciones (AP-1/AP-2/AP-4/AP-7 liberadas); ver tabla_peajes_2026.csv.,10.944,1.785,19.54,Toyota Corolla 140H e-CVT 1.8,4.5,Gasolina 95 E5,2026-10-09
R0394,Burgos,Málaga,776.676,7.628611,0.0,official_inventory_reference_B,no_toll_expected_official_network,,tabla_peajes_2026.csv + fuentes.csv (MITMA/BOE/concesionarias),Red de referencia gratuita post-liberalizaciones (AP-1/AP-2/AP-4/AP-7 liberadas); ver tabla_peajes_2026.csv.,34.95,1.785,62.39,Toyota Corolla 140H e-CVT 1.8,4.5,Gasolina 95 E5,2026-10-09
R0395,Burgos,Murcia,630.743,5.545833,0.0,official_inventory_reference_B,no_toll_expected_official_network,,tabla_peajes_2026.csv + fuentes.csv (MITMA/BOE/concesionarias),Red de referencia gratuita post-liberalizaciones (AP-1/AP-2/AP-4/AP-7 liberadas); ver tabla_peajes_2026.csv.,28.383,1.785,50.66,Toyota Corolla 140H e-CVT 1.8,4.5,Gasolina 95 E5,2026-10-09
R0396,Burgos,Ourense,458.29,4.048611,0.0,official_inventory_reference_B,no_toll_expected_official_network,,tabla_peajes_2026.csv + fuentes.csv (MITMA/BOE/concesionarias),Red de referencia gratuita post-liberalizaciones (AP-1/AP-2/AP-4/AP-7 liberadas); ver tabla_peajes_2026.csv.,20.623,1.785,36.81,Toyota Corolla 140H e-CVT 1.8,4.5,Gasolina 95 E5,2026-10-09
R0397,Burgos,Oviedo,297.879,2.660556,16.2,official_inventory_reference_B,valued_official_2026,AP-66 Campomanes-León,tabla_peajes_2026.csv + fuentes.csv (MITMA/BOE/concesionarias),Paso del Huerna hacia la Meseta/sur; sin alternativa rápida equivalente.,13.405,1.785,23.93,Toyota Corolla 140H e-CVT 1.8,4.5,Gasolina 95 E5,2026-10-09
R0398,Burgos,Palencia,89.793,0.8375,0.0,official_inventory_reference_B,no_toll_expected_official_network,,tabla_peajes_2026.csv + fuentes.csv (MITMA/BOE/concesionarias),Red de referencia gratuita post-liberalizaciones (AP-1/AP-2/AP-4/AP-7 liberadas); ver tabla_peajes_2026.csv.,4.041,1.785,7.21,Toyota Corolla 140H e-CVT 1.8,4.5,Gasolina 95 E5,2026-10-09
R0399,Burgos,Pamplona,210.089,1.920833,0.0,official_inventory_reference_B,no_toll_expected_official_network,,tabla_peajes_2026.csv + fuentes.csv (MITMA/BOE/concesionarias),Red de referencia gratuita post-liberalizaciones (AP-1/AP-2/AP-4/AP-7 liberadas); ver tabla_peajes_2026.csv.,9.454,1.785,16.88,Toyota Corolla 140H e-CVT 1.8,4.5,Gasolina 95 E5,2026-10-09
R0400,Burgos,Pontevedra,545.567,5.1325,0.0,official_inventory_reference_B,no_toll_expected_official_network,,tabla_peajes_2026.csv + fuentes.csv (MITMA/BOE/concesionarias),Red de referencia gratuita post-liberalizaciones (AP-1/AP-2/AP-4/AP-7 liberadas); ver tabla_peajes_2026.csv.,24.551,1.785,43.82,Toyota Corolla 140H e-CVT 1.8,4.5,Gasolina 95 E5,2026-10-09
R0401,Burgos,Salamanca,242.103,2.153611,0.0,official_inventory_reference_B,no_toll_expected_official_network,,tabla_peajes_2026.csv + fuentes.csv (MITMA/BOE/concesionarias),Red de referencia gratuita post-liberalizaciones (AP-1/AP-2/AP-4/AP-7 liberadas); ver tabla_peajes_2026.csv.,10.895,1.785,19.45,Toyota Corolla 140H e-CVT 1.8,4.5,Gasolina 95 E5,2026-10-09
R0402,Burgos,San Sebastián,214.036,1.990278,0.0,official_inventory_reference_B,no_toll_expected_official_network,,tabla_peajes_2026.csv + fuentes.csv (MITMA/BOE/concesionarias),Red de referencia gratuita post-liberalizaciones (AP-1/AP-2/AP-4/AP-7 liberadas); ver tabla_peajes_2026.csv.,9.632,1.785,17.19,Toyota Corolla 140H e-CVT 1.8,4.5,Gasolina 95 E5,2026-10-09
R0403,Burgos,Santander,180.922,1.894722,0.0,official_inventory_reference_B,no_toll_expected_official_network,,tabla_peajes_2026.csv + fuentes.csv (MITMA/BOE/concesionarias),Red de referencia gratuita post-liberalizaciones (AP-1/AP-2/AP-4/AP-7 liberadas); ver tabla_peajes_2026.csv.,8.141,1.785,14.53,Toyota Corolla 140H e-CVT 1.8,4.5,Gasolina 95 E5,2026-10-09
R0404,Burgos,Segovia,198.412,1.982222,0.0,official_inventory_reference_B,no_toll_expected_official_network,,tabla_peajes_2026.csv + fuentes.csv (MITMA/BOE/concesionarias),Red de referencia gratuita post-liberalizaciones (AP-1/AP-2/AP-4/AP-7 liberadas); ver tabla_peajes_2026.csv.,8.929,1.785,15.94,Toyota Corolla 140H e-CVT 1.8,4.5,Gasolina 95 E5,2026-10-09
R0405,Burgos,Sevilla,706.758,6.067222,0.0,official_inventory_reference_B,no_toll_expected_official_network,,tabla_peajes_2026.csv + fuentes.csv (MITMA/BOE/concesionarias),Red de referencia gratuita post-liberalizaciones (AP-1/AP-2/AP-4/AP-7 liberadas); ver tabla_peajes_2026.csv.,31.804,1.785,56.77,Toyota Corolla 140H e-CVT 1.8,4.5,Gasolina 95 E5,2026-10-09
R0406,Burgos,Soria,143.535,1.755556,0.0,official_inventory_reference_B,no_toll_expected_official_network,,tabla_peajes_2026.csv + fuentes.csv (MITMA/BOE/concesionarias),Red de referencia gratuita post-liberalizaciones (AP-1/AP-2/AP-4/AP-7 liberadas); ver tabla_peajes_2026.csv.,6.459,1.785,11.53,Toyota Corolla 140H e-CVT 1.8,4.5,Gasolina 95 E5,2026-10-09
R0407,Burgos,Tarragona,511.797,4.728611,0.0,official_inventory_reference_B,no_toll_expected_official_network,,tabla_peajes_2026.csv + fuentes.csv (MITMA/BOE/concesionarias),Red de referencia gratuita post-liberalizaciones (AP-1/AP-2/AP-4/AP-7 liberadas); ver tabla_peajes_2026.csv.,23.031,1.785,41.11,Toyota Corolla 140H e-CVT 1.8,4.5,Gasolina 95 E5,2026-10-09
R0408,Burgos,Teruel,453.065,4.178611,0.0,official_inventory_reference_B,no_toll_expected_official_network,,tabla_peajes_2026.csv + fuentes.csv (MITMA/BOE/concesionarias),Red de referencia gratuita post-liberalizaciones (AP-1/AP-2/AP-4/AP-7 liberadas); ver tabla_peajes_2026.csv.,20.388,1.785,36.39,Toyota Corolla 140H e-CVT 1.8,4.5,Gasolina 95 E5,2026-10-09
R0409,Burgos,Toledo,327.56,2.921111,0.0,official_inventory_reference_B,no_toll_expected_official_network,,tabla_peajes_2026.csv + fuentes.csv (MITMA/BOE/concesionarias),Red de referencia gratuita post-liberalizaciones (AP-1/AP-2/AP-4/AP-7 liberadas); ver tabla_peajes_2026.csv.,14.74,1.785,26.31,Toyota Corolla 140H e-CVT 1.8,4.5,Gasolina 95 E5,2026-10-09
R0410,Burgos,Valencia,588.094,5.191389,0.0,official_inventory_reference_B,no_toll_expected_official_network,,tabla_peajes_2026.csv + fuentes.csv (MITMA/BOE/concesionarias),Red de referencia gratuita post-liberalizaciones (AP-1/AP-2/AP-4/AP-7 liberadas); ver tabla_peajes_2026.csv.,26.464,1.785,47.24,Toyota Corolla 140H e-CVT 1.8,4.5,Gasolina 95 E5,2026-10-09
R0411,Burgos,Valladolid,126.888,1.175278,0.0,official_inventory_reference_B,no_toll_expected_official_network,,tabla_peajes_2026.csv + fuentes.csv (MITMA/BOE/concesionarias),Red de referencia gratuita post-liberalizaciones (AP-1/AP-2/AP-4/AP-7 liberadas); ver tabla_peajes_2026.csv.,5.71,1.785,10.19,Toyota Corolla 140H e-CVT 1.8,4.5,Gasolina 95 E5,2026-10-09
R0412,Burgos,Vitoria-Gasteiz,114.054,1.098333,0.0,official_inventory_reference_B,no_toll_expected_official_network,,tabla_peajes_2026.csv + fuentes.csv (MITMA/BOE/concesionarias),Red de referencia gratuita post-liberalizaciones (AP-1/AP-2/AP-4/AP-7 liberadas); ver tabla_peajes_2026.csv.,5.132,1.785,9.16,Toyota Corolla 140H e-CVT 1.8,4.5,Gasolina 95 E5,2026-10-09
R0413,Burgos,Zamora,233.109,2.196389,0.0,official_inventory_reference_B,no_toll_expected_official_network,,tabla_peajes_2026.csv + fuentes.csv (MITMA/BOE/concesionarias),Red de referencia gratuita post-liberalizaciones (AP-1/AP-2/AP-4/AP-7 liberadas); ver tabla_peajes_2026.csv.,10.49,1.785,18.72,Toyota Corolla 140H e-CVT 1.8,4.5,Gasolina 95 E5,2026-10-09
R0414,Burgos,Zaragoza,283.484,2.749167,0.0,official_inventory_reference_B,no_toll_expected_official_network,,tabla_peajes_2026.csv + fuentes.csv (MITMA/BOE/concesionarias),Red de referencia gratuita post-liberalizaciones (AP-1/AP-2/AP-4/AP-7 liberadas); ver tabla_peajes_2026.csv.,12.757,1.785,22.77,Toyota Corolla 140H e-CVT 1.8,4.5,Gasolina 95 E5,2026-10-09
R0415,Cáceres,A Coruña,669.117,5.752778,0.0,official_inventory_reference_B,no_toll_expected_official_network,,tabla_peajes_2026.csv + fuentes.csv (MITMA/BOE/concesionarias),Red de referencia gratuita post-liberalizaciones (AP-1/AP-2/AP-4/AP-7 liberadas); ver tabla_peajes_2026.csv.,30.11,1.785,53.75,Toyota Corolla 140H e-CVT 1.8,4.5,Gasolina 95 E5,2026-10-09
R0416,Cáceres,Albacete,520.73,4.577778,0.0,official_inventory_reference_B,no_toll_expected_official_network,,tabla_peajes_2026.csv + fuentes.csv (MITMA/BOE/concesionarias),Red de referencia gratuita post-liberalizaciones (AP-1/AP-2/AP-4/AP-7 liberadas); ver tabla_peajes_2026.csv.,23.433,1.785,41.83,Toyota Corolla 140H e-CVT 1.8,4.5,Gasolina 95 E5,2026-10-09
R0417,Cáceres,Alicante,684.897,5.976111,0.0,official_inventory_reference_B,no_toll_expected_official_network,,tabla_peajes_2026.csv + fuentes.csv (MITMA/BOE/concesionarias),Red de referencia gratuita post-liberalizaciones (AP-1/AP-2/AP-4/AP-7 liberadas); ver tabla_peajes_2026.csv.,30.82,1.785,55.01,Toyota Corolla 140H e-CVT 1.8,4.5,Gasolina 95 E5,2026-10-09
R0418,Cáceres,Almería,681.912,6.114722,0.0,official_inventory_reference_B,no_toll_expected_official_network,,tabla_peajes_2026.csv + fuentes.csv (MITMA/BOE/concesionarias),Red de referencia gratuita post-liberalizaciones (AP-1/AP-2/AP-4/AP-7 liberadas); ver tabla_peajes_2026.csv.,30.686,1.785,54.77,Toyota Corolla 140H e-CVT 1.8,4.5,Gasolina 95 E5,2026-10-09
R0419,Cáceres,Ávila,301.699,2.722778,0.0,official_inventory_reference_B,no_toll_expected_official_network,,tabla_peajes_2026.csv + fuentes.csv (MITMA/BOE/concesionarias),Red de referencia gratuita post-liberalizaciones (AP-1/AP-2/AP-4/AP-7 liberadas); ver tabla_peajes_2026.csv.,13.576,1.785,24.23,Toyota Corolla 140H e-CVT 1.8,4.5,Gasolina 95 E5,2026-10-09
R0420,Cáceres,Badajoz,94.747,1.228611,0.0,official_inventory_reference_B,no_toll_expected_official_network,,tabla_peajes_2026.csv + fuentes.csv (MITMA/BOE/concesionarias),Red de referencia gratuita post-liberalizaciones (AP-1/AP-2/AP-4/AP-7 liberadas); ver tabla_peajes_2026.csv.,4.264,1.785,7.61,Toyota Corolla 140H e-CVT 1.8,4.5,Gasolina 95 E5,2026-10-09
R0421,Cáceres,Barcelona,919.099,8.074167,0.0,official_inventory_reference_B,no_toll_expected_official_network,,tabla_peajes_2026.csv + fuentes.csv (MITMA/BOE/concesionarias),Red de referencia gratuita post-liberalizaciones (AP-1/AP-2/AP-4/AP-7 liberadas); ver tabla_peajes_2026.csv.,41.359,1.785,73.83,Toyota Corolla 140H e-CVT 1.8,4.5,Gasolina 95 E5,2026-10-09
R0422,Cáceres,Bilbao,601.455,5.256389,0.0,official_inventory_reference_B,no_toll_expected_official_network,,tabla_peajes_2026.csv + fuentes.csv (MITMA/BOE/concesionarias),Red de referencia gratuita post-liberalizaciones (AP-1/AP-2/AP-4/AP-7 liberadas); ver tabla_peajes_2026.csv.,27.065,1.785,48.31,Toyota Corolla 140H e-CVT 1.8,4.5,Gasolina 95 E5,2026-10-09
R0423,Cáceres,Burgos,447.543,3.895833,0.0,official_inventory_reference_B,no_toll_expected_official_network,,tabla_peajes_2026.csv + fuentes.csv (MITMA/BOE/concesionarias),Red de referencia gratuita post-liberalizaciones (AP-1/AP-2/AP-4/AP-7 liberadas); ver tabla_peajes_2026.csv.,20.139,1.785,35.95,Toyota Corolla 140H e-CVT 1.8,4.5,Gasolina 95 E5,2026-10-09
R0424,Cáceres,Cádiz,382.664,3.477222,0.0,official_inventory_reference_B,no_toll_expected_official_network,,tabla_peajes_2026.csv + fuentes.csv (MITMA/BOE/concesionarias),Red de referencia gratuita post-liberalizaciones (AP-1/AP-2/AP-4/AP-7 liberadas); ver tabla_peajes_2026.csv.,17.22,1.785,30.74,Toyota Corolla 140H e-CVT 1.8,4.5,Gasolina 95 E5,2026-10-09
R0425,Cáceres,Castellón de la Plana,726.503,6.360833,0.0,official_inventory_reference_B,no_toll_expected_official_network,,tabla_peajes_2026.csv + fuentes.csv (MITMA/BOE/concesionarias),Red de referencia gratuita post-liberalizaciones (AP-1/AP-2/AP-4/AP-7 liberadas); ver tabla_peajes_2026.csv.,32.693,1.785,58.36,Toyota Corolla 140H e-CVT 1.8,4.5,Gasolina 95 E5,2026-10-09
R0426,Cáceres,Ciudad Real,300.234,3.161389,0.0,official_inventory_reference_B,no_toll_expected_official_network,,tabla_peajes_2026.csv + fuentes.csv (MITMA/BOE/concesionarias),Red de referencia gratuita post-liberalizaciones (AP-1/AP-2/AP-4/AP-7 liberadas); ver tabla_peajes_2026.csv.,13.511,1.785,24.12,Toyota Corolla 140H e-CVT 1.8,4.5,Gasolina 95 E5,2026-10-09
R0427,Cáceres,Córdoba,319.624,3.450278,0.0,official_inventory_reference_B,no_toll_expected_official_network,,tabla_peajes_2026.csv + fuentes.csv (MITMA/BOE/concesionarias),Red de referencia gratuita post-liberalizaciones (AP-1/AP-2/AP-4/AP-7 liberadas); ver tabla_peajes_2026.csv.,14.383,1.785,25.67,Toyota Corolla 140H e-CVT 1.8,4.5,Gasolina 95 E5,2026-10-09
R0428,Cáceres,Cuenca,462.753,4.141389,0.0,official_inventory_reference_B,no_toll_expected_official_network,,tabla_peajes_2026.csv + fuentes.csv (MITMA/BOE/concesionarias),Red de referencia gratuita post-liberalizaciones (AP-1/AP-2/AP-4/AP-7 liberadas); ver tabla_peajes_2026.csv.,20.824,1.785,37.17,Toyota Corolla 140H e-CVT 1.8,4.5,Gasolina 95 E5,2026-10-09
R0429,Cáceres,Girona,984.845,8.659167,0.0,official_inventory_reference_B,no_toll_expected_official_network,,tabla_peajes_2026.csv + fuentes.csv (MITMA/BOE/concesionarias),Red de referencia gratuita post-liberalizaciones (AP-1/AP-2/AP-4/AP-7 liberadas); ver tabla_peajes_2026.csv.,44.318,1.785,79.11,Toyota Corolla 140H e-CVT 1.8,4.5,Gasolina 95 E5,2026-10-09
R0430,Cáceres,Granada,525.308,4.832778,0.0,official_inventory_reference_B,no_toll_expected_official_network,,tabla_peajes_2026.csv + fuentes.csv (MITMA/BOE/concesionarias),Red de referencia gratuita post-liberalizaciones (AP-1/AP-2/AP-4/AP-7 liberadas); ver tabla_peajes_2026.csv.,23.639,1.785,42.2,Toyota Corolla 140H e-CVT 1.8,4.5,Gasolina 95 E5,2026-10-09
R0431,Cáceres,Guadalajara,357.2,3.201667,0.0,official_inventory_reference_B,no_toll_expected_official_network,,tabla_peajes_2026.csv + fuentes.csv (MITMA/BOE/concesionarias),Red de referencia gratuita post-liberalizaciones (AP-1/AP-2/AP-4/AP-7 liberadas); ver tabla_peajes_2026.csv.,16.074,1.785,28.69,Toyota Corolla 140H e-CVT 1.8,4.5,Gasolina 95 E5,2026-10-09
R0432,Cáceres,Huelva,347.638,3.097778,0.0,official_inventory_reference_B,no_toll_expected_official_network,,tabla_peajes_2026.csv + fuentes.csv (MITMA/BOE/concesionarias),Red de referencia gratuita post-liberalizaciones (AP-1/AP-2/AP-4/AP-7 liberadas); ver tabla_peajes_2026.csv.,15.644,1.785,27.92,Toyota Corolla 140H e-CVT 1.8,4.5,Gasolina 95 E5,2026-10-09
R0433,Cáceres,Huesca,685.819,6.075,0.0,official_inventory_reference_B,no_toll_expected_official_network,,tabla_peajes_2026.csv + fuentes.csv (MITMA/BOE/concesionarias),Red de referencia gratuita post-liberalizaciones (AP-1/AP-2/AP-4/AP-7 liberadas); ver tabla_peajes_2026.csv.,30.862,1.785,55.09,Toyota Corolla 140H e-CVT 1.8,4.5,Gasolina 95 E5,2026-10-09
R0434,Cáceres,Jaén,430.861,4.493889,0.0,official_inventory_reference_B,no_toll_expected_official_network,,tabla_peajes_2026.csv + fuentes.csv (MITMA/BOE/concesionarias),Red de referencia gratuita post-liberalizaciones (AP-1/AP-2/AP-4/AP-7 liberadas); ver tabla_peajes_2026.csv.,19.389,1.785,34.61,Toyota Corolla 140H e-CVT 1.8,4.5,Gasolina 95 E5,2026-10-09
R0435,Cáceres,León,410.202,3.621944,0.0,official_inventory_reference_B,no_toll_expected_official_network,,tabla_peajes_2026.csv + fuentes.csv (MITMA/BOE/concesionarias),Red de referencia gratuita post-liberalizaciones (AP-1/AP-2/AP-4/AP-7 liberadas); ver tabla_peajes_2026.csv.,18.459,1.785,32.95,Toyota Corolla 140H e-CVT 1.8,4.5,Gasolina 95 E5,2026-10-09
R0436,Cáceres,Lleida,758.179,6.648889,0.0,official_inventory_reference_B,no_toll_expected_official_network,,tabla_peajes_2026.csv + fuentes.csv (MITMA/BOE/concesionarias),Red de referencia gratuita post-liberalizaciones (AP-1/AP-2/AP-4/AP-7 liberadas); ver tabla_peajes_2026.csv.,34.118,1.785,60.9,Toyota Corolla 140H e-CVT 1.8,4.5,Gasolina 95 E5,2026-10-09
R0437,Cáceres,Logroño,563.384,5.123056,0.0,official_inventory_reference_B,no_toll_expected_official_network,,tabla_peajes_2026.csv + fuentes.csv (MITMA/BOE/concesionarias),Red de referencia gratuita post-liberalizaciones (AP-1/AP-2/AP-4/AP-7 liberadas); ver tabla_peajes_2026.csv.,25.352,1.785,45.25,Toyota Corolla 140H e-CVT 1.8,4.5,Gasolina 95 E5,2026-10-09
R0438,Cáceres,Lugo,573.224,4.938333,0.0,official_inventory_reference_B,no_toll_expected_official_network,,tabla_peajes_2026.csv + fuentes.csv (MITMA/BOE/concesionarias),Red de referencia gratuita post-liberalizaciones (AP-1/AP-2/AP-4/AP-7 liberadas); ver tabla_peajes_2026.csv.,25.795,1.785,46.04,Toyota Corolla 140H e-CVT 1.8,4.5,Gasolina 95 E5,2026-10-09
R0439,Cáceres,Madrid,301.459,2.753889,0.0,official_inventory_reference_B,no_toll_expected_official_network,,tabla_peajes_2026.csv + fuentes.csv (MITMA/BOE/concesionarias),Red de referencia gratuita post-liberalizaciones (AP-1/AP-2/AP-4/AP-7 liberadas); ver tabla_peajes_2026.csv.,13.566,1.785,24.21,Toyota Corolla 140H e-CVT 1.8,4.5,Gasolina 95 E5,2026-10-09
R0440,Cáceres,Málaga,480.584,5.134167,0.0,official_inventory_reference_B,no_toll_expected_official_network,,tabla_peajes_2026.csv + fuentes.csv (MITMA/BOE/concesionarias),Red de referencia gratuita post-liberalizaciones (AP-1/AP-2/AP-4/AP-7 liberadas); ver tabla_peajes_2026.csv.,21.626,1.785,38.6,Toyota Corolla 140H e-CVT 1.8,4.5,Gasolina 95 E5,2026-10-09
R0441,Cáceres,Murcia,663.19,5.829444,0.0,official_inventory_reference_B,no_toll_expected_official_network,,tabla_peajes_2026.csv + fuentes.csv (MITMA/BOE/concesionarias),Red de referencia gratuita post-liberalizaciones (AP-1/AP-2/AP-4/AP-7 liberadas); ver tabla_peajes_2026.csv.,29.844,1.785,53.27,Toyota Corolla 140H e-CVT 1.8,4.5,Gasolina 95 E5,2026-10-09
R0442,Cáceres,Ourense,529.344,4.946667,0.0,official_inventory_reference_B,no_toll_expected_official_network,,tabla_peajes_2026.csv + fuentes.csv (MITMA/BOE/concesionarias),Red de referencia gratuita post-liberalizaciones (AP-1/AP-2/AP-4/AP-7 liberadas); ver tabla_peajes_2026.csv.,23.82,1.785,42.52,Toyota Corolla 140H e-CVT 1.8,4.5,Gasolina 95 E5,2026-10-09
R0443,Cáceres,Oviedo,519.61,4.606389,16.2,official_inventory_reference_B,valued_official_2026,AP-66 Campomanes-León,tabla_peajes_2026.csv + fuentes.csv (MITMA/BOE/concesionarias),Paso del Huerna hacia la Meseta/sur; sin alternativa rápida equivalente.,23.382,1.785,41.74,Toyota Corolla 140H e-CVT 1.8,4.5,Gasolina 95 E5,2026-10-09
R0444,Cáceres,Palencia,369.422,3.269444,0.0,official_inventory_reference_B,no_toll_expected_official_network,,tabla_peajes_2026.csv + fuentes.csv (MITMA/BOE/concesionarias),Red de referencia gratuita post-liberalizaciones (AP-1/AP-2/AP-4/AP-7 liberadas); ver tabla_peajes_2026.csv.,16.624,1.785,29.67,Toyota Corolla 140H e-CVT 1.8,4.5,Gasolina 95 E5,2026-10-09
R0445,Cáceres,Pamplona,652.656,5.703889,0.0,official_inventory_reference_B,no_toll_expected_official_network,,tabla_peajes_2026.csv + fuentes.csv (MITMA/BOE/concesionarias),Red de referencia gratuita post-liberalizaciones (AP-1/AP-2/AP-4/AP-7 liberadas); ver tabla_peajes_2026.csv.,29.37,1.785,52.42,Toyota Corolla 140H e-CVT 1.8,4.5,Gasolina 95 E5,2026-10-09
R0446,Cáceres,Pontevedra,616.621,6.030556,0.0,official_inventory_reference_B,no_toll_expected_official_network,,tabla_peajes_2026.csv + fuentes.csv (MITMA/BOE/concesionarias),Red de referencia gratuita post-liberalizaciones (AP-1/AP-2/AP-4/AP-7 liberadas); ver tabla_peajes_2026.csv.,27.748,1.785,49.53,Toyota Corolla 140H e-CVT 1.8,4.5,Gasolina 95 E5,2026-10-09
R0447,Cáceres,Salamanca,200.362,1.844167,0.0,official_inventory_reference_B,no_toll_expected_official_network,,tabla_peajes_2026.csv + fuentes.csv (MITMA/BOE/concesionarias),Red de referencia gratuita post-liberalizaciones (AP-1/AP-2/AP-4/AP-7 liberadas); ver tabla_peajes_2026.csv.,9.016,1.785,16.09,Toyota Corolla 140H e-CVT 1.8,4.5,Gasolina 95 E5,2026-10-09
R0448,Cáceres,San Sebastián,664.295,5.870278,0.0,official_inventory_reference_B,no_toll_expected_official_network,,tabla_peajes_2026.csv + fuentes.csv (MITMA/BOE/concesionarias),Red de referencia gratuita post-liberalizaciones (AP-1/AP-2/AP-4/AP-7 liberadas); ver tabla_peajes_2026.csv.,29.893,1.785,53.36,Toyota Corolla 140H e-CVT 1.8,4.5,Gasolina 95 E5,2026-10-09
R0449,Cáceres,Santander,566.978,4.970833,0.0,official_inventory_reference_B,no_toll_expected_official_network,,tabla_peajes_2026.csv + fuentes.csv (MITMA/BOE/concesionarias),Red de referencia gratuita post-liberalizaciones (AP-1/AP-2/AP-4/AP-7 liberadas); ver tabla_peajes_2026.csv.,25.514,1.785,45.54,Toyota Corolla 140H e-CVT 1.8,4.5,Gasolina 95 E5,2026-10-09
R0450,Cáceres,Segovia,372.369,3.379444,0.0,official_inventory_reference_B,no_toll_expected_official_network,,tabla_peajes_2026.csv + fuentes.csv (MITMA/BOE/concesionarias),Red de referencia gratuita post-liberalizaciones (AP-1/AP-2/AP-4/AP-7 liberadas); ver tabla_peajes_2026.csv.,16.757,1.785,29.91,Toyota Corolla 140H e-CVT 1.8,4.5,Gasolina 95 E5,2026-10-09
R0451,Cáceres,Sevilla,263.444,2.388056,0.0,official_inventory_reference_B,no_toll_expected_official_network,,tabla_peajes_2026.csv + fuentes.csv (MITMA/BOE/concesionarias),Red de referencia gratuita post-liberalizaciones (AP-1/AP-2/AP-4/AP-7 liberadas); ver tabla_peajes_2026.csv.,11.855,1.785,21.16,Toyota Corolla 140H e-CVT 1.8,4.5,Gasolina 95 E5,2026-10-09
R0452,Cáceres,Soria,526.53,4.649444,0.0,official_inventory_reference_B,no_toll_expected_official_network,,tabla_peajes_2026.csv + fuentes.csv (MITMA/BOE/concesionarias),Red de referencia gratuita post-liberalizaciones (AP-1/AP-2/AP-4/AP-7 liberadas); ver tabla_peajes_2026.csv.,23.694,1.785,42.29,Toyota Corolla 140H e-CVT 1.8,4.5,Gasolina 95 E5,2026-10-09
R0453,Cáceres,Tarragona,847.852,7.492222,0.0,official_inventory_reference_B,no_toll_expected_official_network,,tabla_peajes_2026.csv + fuentes.csv (MITMA/BOE/concesionarias),Red de referencia gratuita post-liberalizaciones (AP-1/AP-2/AP-4/AP-7 liberadas); ver tabla_peajes_2026.csv.,38.153,1.785,68.1,Toyota Corolla 140H e-CVT 1.8,4.5,Gasolina 95 E5,2026-10-09
R0454,Cáceres,Teruel,585.816,5.791389,0.0,official_inventory_reference_B,no_toll_expected_official_network,,tabla_peajes_2026.csv + fuentes.csv (MITMA/BOE/concesionarias),Red de referencia gratuita post-liberalizaciones (AP-1/AP-2/AP-4/AP-7 liberadas); ver tabla_peajes_2026.csv.,26.362,1.785,47.06,Toyota Corolla 140H e-CVT 1.8,4.5,Gasolina 95 E5,2026-10-09
R0455,Cáceres,Toledo,264.038,2.426389,0.0,official_inventory_reference_B,no_toll_expected_official_network,,tabla_peajes_2026.csv + fuentes.csv (MITMA/BOE/concesionarias),Red de referencia gratuita post-liberalizaciones (AP-1/AP-2/AP-4/AP-7 liberadas); ver tabla_peajes_2026.csv.,11.882,1.785,21.21,Toyota Corolla 140H e-CVT 1.8,4.5,Gasolina 95 E5,2026-10-09
R0456,Cáceres,Valencia,653.391,5.716667,0.0,official_inventory_reference_B,no_toll_expected_official_network,,tabla_peajes_2026.csv + fuentes.csv (MITMA/BOE/concesionarias),Red de referencia gratuita post-liberalizaciones (AP-1/AP-2/AP-4/AP-7 liberadas); ver tabla_peajes_2026.csv.,29.403,1.785,52.48,Toyota Corolla 140H e-CVT 1.8,4.5,Gasolina 95 E5,2026-10-09
R0457,Cáceres,Valladolid,323.478,2.896944,0.0,official_inventory_reference_B,no_toll_expected_official_network,,tabla_peajes_2026.csv + fuentes.csv (MITMA/BOE/concesionarias),Red de referencia gratuita post-liberalizaciones (AP-1/AP-2/AP-4/AP-7 liberadas); ver tabla_peajes_2026.csv.,14.557,1.785,25.98,Toyota Corolla 140H e-CVT 1.8,4.5,Gasolina 95 E5,2026-10-09
R0458,Cáceres,Vitoria-Gasteiz,556.632,4.881667,0.0,official_inventory_reference_B,no_toll_expected_official_network,,tabla_peajes_2026.csv + fuentes.csv (MITMA/BOE/concesionarias),Red de referencia gratuita post-liberalizaciones (AP-1/AP-2/AP-4/AP-7 liberadas); ver tabla_peajes_2026.csv.,25.048,1.785,44.71,Toyota Corolla 140H e-CVT 1.8,4.5,Gasolina 95 E5,2026-10-09
R0459,Cáceres,Zamora,274.419,2.655278,0.0,official_inventory_reference_B,no_toll_expected_official_network,,tabla_peajes_2026.csv + fuentes.csv (MITMA/BOE/concesionarias),Red de referencia gratuita post-liberalizaciones (AP-1/AP-2/AP-4/AP-7 liberadas); ver tabla_peajes_2026.csv.,12.349,1.785,22.04,Toyota Corolla 140H e-CVT 1.8,4.5,Gasolina 95 E5,2026-10-09
R0460,Cáceres,Zaragoza,617.685,5.516667,0.0,official_inventory_reference_B,no_toll_expected_official_network,,tabla_peajes_2026.csv + fuentes.csv (MITMA/BOE/concesionarias),Red de referencia gratuita post-liberalizaciones (AP-1/AP-2/AP-4/AP-7 liberadas); ver tabla_peajes_2026.csv.,27.796,1.785,49.62,Toyota Corolla 140H e-CVT 1.8,4.5,Gasolina 95 E5,2026-10-09
R0461,Cádiz,A Coruña,1048.342,9.045833,0.0,official_inventory_reference_B,no_toll_expected_official_network,,tabla_peajes_2026.csv + fuentes.csv (MITMA/BOE/concesionarias),Red de referencia gratuita post-liberalizaciones (AP-1/AP-2/AP-4/AP-7 liberadas); ver tabla_peajes_2026.csv.,47.175,1.785,84.21,Toyota Corolla 140H e-CVT 1.8,4.5,Gasolina 95 E5,2026-10-09
R0462,Cádiz,Albacete,639.029,5.738056,0.0,official_inventory_reference_B,no_toll_expected_official_network,,tabla_peajes_2026.csv + fuentes.csv (MITMA/BOE/concesionarias),Red de referencia gratuita post-liberalizaciones (AP-1/AP-2/AP-4/AP-7 liberadas); ver tabla_peajes_2026.csv.,28.756,1.785,51.33,Toyota Corolla 140H e-CVT 1.8,4.5,Gasolina 95 E5,2026-10-09
R0463,Cádiz,Alicante,639.948,6.3675,0.0,official_inventory_reference_B,no_toll_expected_official_network,,tabla_peajes_2026.csv + fuentes.csv (MITMA/BOE/concesionarias),Red de referencia gratuita post-liberalizaciones (AP-1/AP-2/AP-4/AP-7 liberadas); ver tabla_peajes_2026.csv.,28.798,1.785,51.4,Toyota Corolla 140H e-CVT 1.8,4.5,Gasolina 95 E5,2026-10-09
R0464,Cádiz,Almería,450.289,4.604167,0.0,official_inventory_reference_B,no_toll_expected_official_network,,tabla_peajes_2026.csv + fuentes.csv (MITMA/BOE/concesionarias),Red de referencia gratuita post-liberalizaciones (AP-1/AP-2/AP-4/AP-7 liberadas); ver tabla_peajes_2026.csv.,20.263,1.785,36.17,Toyota Corolla 140H e-CVT 1.8,4.5,Gasolina 95 E5,2026-10-09
R0465,Cádiz,Ávila,634.584,5.934167,0.0,official_inventory_reference_B,no_toll_expected_official_network,,tabla_peajes_2026.csv + fuentes.csv (MITMA/BOE/concesionarias),Red de referencia gratuita post-liberalizaciones (AP-1/AP-2/AP-4/AP-7 liberadas); ver tabla_peajes_2026.csv.,28.556,1.785,50.97,Toyota Corolla 140H e-CVT 1.8,4.5,Gasolina 95 E5,2026-10-09
R0466,Cádiz,Badajoz,328.311,3.244722,0.0,official_inventory_reference_B,no_toll_expected_official_network,,tabla_peajes_2026.csv + fuentes.csv (MITMA/BOE/concesionarias),Red de referencia gratuita post-liberalizaciones (AP-1/AP-2/AP-4/AP-7 liberadas); ver tabla_peajes_2026.csv.,14.774,1.785,26.37,Toyota Corolla 140H e-CVT 1.8,4.5,Gasolina 95 E5,2026-10-09
R0467,Cádiz,Barcelona,1157.797,10.226667,0.0,official_inventory_reference_B,no_toll_expected_official_network,,tabla_peajes_2026.csv + fuentes.csv (MITMA/BOE/concesionarias),Red de referencia gratuita post-liberalizaciones (AP-1/AP-2/AP-4/AP-7 liberadas); ver tabla_peajes_2026.csv.,52.101,1.785,93.0,Toyota Corolla 140H e-CVT 1.8,4.5,Gasolina 95 E5,2026-10-09
R0468,Cádiz,Bilbao,980.674,8.549444,0.0,official_inventory_reference_B,no_toll_expected_official_network,,tabla_peajes_2026.csv + fuentes.csv (MITMA/BOE/concesionarias),Red de referencia gratuita post-liberalizaciones (AP-1/AP-2/AP-4/AP-7 liberadas); ver tabla_peajes_2026.csv.,44.13,1.785,78.77,Toyota Corolla 140H e-CVT 1.8,4.5,Gasolina 95 E5,2026-10-09
R0469,Cádiz,Burgos,826.761,7.188611,0.0,official_inventory_reference_B,no_toll_expected_official_network,,tabla_peajes_2026.csv + fuentes.csv (MITMA/BOE/concesionarias),Red de referencia gratuita post-liberalizaciones (AP-1/AP-2/AP-4/AP-7 liberadas); ver tabla_peajes_2026.csv.,37.204,1.785,66.41,Toyota Corolla 140H e-CVT 1.8,4.5,Gasolina 95 E5,2026-10-09
R0470,Cádiz,Cáceres,378.432,3.486111,0.0,official_inventory_reference_B,no_toll_expected_official_network,,tabla_peajes_2026.csv + fuentes.csv (MITMA/BOE/concesionarias),Red de referencia gratuita post-liberalizaciones (AP-1/AP-2/AP-4/AP-7 liberadas); ver tabla_peajes_2026.csv.,17.029,1.785,30.4,Toyota Corolla 140H e-CVT 1.8,4.5,Gasolina 95 E5,2026-10-09
R0471,Cádiz,Castellón de la Plana,888.893,7.909444,0.0,official_inventory_reference_B,no_toll_expected_official_network,,tabla_peajes_2026.csv + fuentes.csv (MITMA/BOE/concesionarias),Red de referencia gratuita post-liberalizaciones (AP-1/AP-2/AP-4/AP-7 liberadas); ver tabla_peajes_2026.csv.,40.0,1.785,71.4,Toyota Corolla 140H e-CVT 1.8,4.5,Gasolina 95 E5,2026-10-09
R0472,Cádiz,Ciudad Real,441.882,4.261389,0.0,official_inventory_reference_B,no_toll_expected_official_network,,tabla_peajes_2026.csv + fuentes.csv (MITMA/BOE/concesionarias),Red de referencia gratuita post-liberalizaciones (AP-1/AP-2/AP-4/AP-7 liberadas); ver tabla_peajes_2026.csv.,19.885,1.785,35.49,Toyota Corolla 140H e-CVT 1.8,4.5,Gasolina 95 E5,2026-10-09
R0473,Cádiz,Córdoba,258.875,2.433333,0.0,official_inventory_reference_B,no_toll_expected_official_network,,tabla_peajes_2026.csv + fuentes.csv (MITMA/BOE/concesionarias),Red de referencia gratuita post-liberalizaciones (AP-1/AP-2/AP-4/AP-7 liberadas); ver tabla_peajes_2026.csv.,11.649,1.785,20.79,Toyota Corolla 140H e-CVT 1.8,4.5,Gasolina 95 E5,2026-10-09
R0474,Cádiz,Cuenca,708.806,6.402222,0.0,official_inventory_reference_B,no_toll_expected_official_network,,tabla_peajes_2026.csv + fuentes.csv (MITMA/BOE/concesionarias),Red de referencia gratuita post-liberalizaciones (AP-1/AP-2/AP-4/AP-7 liberadas); ver tabla_peajes_2026.csv.,31.896,1.785,56.93,Toyota Corolla 140H e-CVT 1.8,4.5,Gasolina 95 E5,2026-10-09
R0475,Cádiz,Girona,1250.328,10.944722,0.0,official_inventory_reference_B,no_toll_expected_official_network,,tabla_peajes_2026.csv + fuentes.csv (MITMA/BOE/concesionarias),Red de referencia gratuita post-liberalizaciones (AP-1/AP-2/AP-4/AP-7 liberadas); ver tabla_peajes_2026.csv.,56.265,1.785,100.43,Toyota Corolla 140H e-CVT 1.8,4.5,Gasolina 95 E5,2026-10-09
R0476,Cádiz,Granada,293.699,3.325833,0.0,official_inventory_reference_B,no_toll_expected_official_network,,tabla_peajes_2026.csv + fuentes.csv (MITMA/BOE/concesionarias),Red de referencia gratuita post-liberalizaciones (AP-1/AP-2/AP-4/AP-7 liberadas); ver tabla_peajes_2026.csv.,13.216,1.785,23.59,Toyota Corolla 140H e-CVT 1.8,4.5,Gasolina 95 E5,2026-10-09
R0477,Cádiz,Guadalajara,697.396,6.309167,0.0,official_inventory_reference_B,no_toll_expected_official_network,,tabla_peajes_2026.csv + fuentes.csv (MITMA/BOE/concesionarias),Red de referencia gratuita post-liberalizaciones (AP-1/AP-2/AP-4/AP-7 liberadas); ver tabla_peajes_2026.csv.,31.383,1.785,56.02,Toyota Corolla 140H e-CVT 1.8,4.5,Gasolina 95 E5,2026-10-09
R0478,Cádiz,Huelva,211.769,2.01,0.0,official_inventory_reference_B,no_toll_expected_official_network,,tabla_peajes_2026.csv + fuentes.csv (MITMA/BOE/concesionarias),Red de referencia gratuita post-liberalizaciones (AP-1/AP-2/AP-4/AP-7 liberadas); ver tabla_peajes_2026.csv.,9.53,1.785,17.01,Toyota Corolla 140H e-CVT 1.8,4.5,Gasolina 95 E5,2026-10-09
R0479,Cádiz,Huesca,1026.015,9.1825,0.0,official_inventory_reference_B,no_toll_expected_official_network,,tabla_peajes_2026.csv + fuentes.csv (MITMA/BOE/concesionarias),Red de referencia gratuita post-liberalizaciones (AP-1/AP-2/AP-4/AP-7 liberadas); ver tabla_peajes_2026.csv.,46.171,1.785,82.41,Toyota Corolla 140H e-CVT 1.8,4.5,Gasolina 95 E5,2026-10-09
R0480,Cádiz,Jaén,369.891,3.468611,0.0,official_inventory_reference_B,no_toll_expected_official_network,,tabla_peajes_2026.csv + fuentes.csv (MITMA/BOE/concesionarias),Red de referencia gratuita post-liberalizaciones (AP-1/AP-2/AP-4/AP-7 liberadas); ver tabla_peajes_2026.csv.,16.645,1.785,29.71,Toyota Corolla 140H e-CVT 1.8,4.5,Gasolina 95 E5,2026-10-09
R0481,Cádiz,León,789.432,6.914444,0.0,official_inventory_reference_B,no_toll_expected_official_network,,tabla_peajes_2026.csv + fuentes.csv (MITMA/BOE/concesionarias),Red de referencia gratuita post-liberalizaciones (AP-1/AP-2/AP-4/AP-7 liberadas); ver tabla_peajes_2026.csv.,35.524,1.785,63.41,Toyota Corolla 140H e-CVT 1.8,4.5,Gasolina 95 E5,2026-10-09
R0482,Cádiz,Lleida,1098.371,9.755833,0.0,official_inventory_reference_B,no_toll_expected_official_network,,tabla_peajes_2026.csv + fuentes.csv (MITMA/BOE/concesionarias),Red de referencia gratuita post-liberalizaciones (AP-1/AP-2/AP-4/AP-7 liberadas); ver tabla_peajes_2026.csv.,49.427,1.785,88.23,Toyota Corolla 140H e-CVT 1.8,4.5,Gasolina 95 E5,2026-10-09
R0483,Cádiz,Logroño,965.348,8.874444,0.0,official_inventory_reference_B,no_toll_expected_official_network,,tabla_peajes_2026.csv + fuentes.csv (MITMA/BOE/concesionarias),Red de referencia gratuita post-liberalizaciones (AP-1/AP-2/AP-4/AP-7 liberadas); ver tabla_peajes_2026.csv.,43.441,1.785,77.54,Toyota Corolla 140H e-CVT 1.8,4.5,Gasolina 95 E5,2026-10-09
R0484,Cádiz,Lugo,952.44,8.231389,0.0,official_inventory_reference_B,no_toll_expected_official_network,,tabla_peajes_2026.csv + fuentes.csv (MITMA/BOE/concesionarias),Red de referencia gratuita post-liberalizaciones (AP-1/AP-2/AP-4/AP-7 liberadas); ver tabla_peajes_2026.csv.,42.86,1.785,76.5,Toyota Corolla 140H e-CVT 1.8,4.5,Gasolina 95 E5,2026-10-09
R0485,Cádiz,Madrid,653.466,5.799167,0.0,official_inventory_reference_B,no_toll_expected_official_network,,tabla_peajes_2026.csv + fuentes.csv (MITMA/BOE/concesionarias),Red de referencia gratuita post-liberalizaciones (AP-1/AP-2/AP-4/AP-7 liberadas); ver tabla_peajes_2026.csv.,29.406,1.785,52.49,Toyota Corolla 140H e-CVT 1.8,4.5,Gasolina 95 E5,2026-10-09
R0486,Cádiz,Málaga,239.411,3.023056,0.0,official_inventory_reference_B,no_toll_expected_official_network,,tabla_peajes_2026.csv + fuentes.csv (MITMA/BOE/concesionarias),Red de referencia gratuita post-liberalizaciones (AP-1/AP-2/AP-4/AP-7 liberadas); ver tabla_peajes_2026.csv.,10.773,1.785,19.23,Toyota Corolla 140H e-CVT 1.8,4.5,Gasolina 95 E5,2026-10-09
R0487,Cádiz,Murcia,567.489,5.774722,0.0,official_inventory_reference_B,no_toll_expected_official_network,,tabla_peajes_2026.csv + fuentes.csv (MITMA/BOE/concesionarias),Red de referencia gratuita post-liberalizaciones (AP-1/AP-2/AP-4/AP-7 liberadas); ver tabla_peajes_2026.csv.,25.537,1.785,45.58,Toyota Corolla 140H e-CVT 1.8,4.5,Gasolina 95 E5,2026-10-09
R0488,Cádiz,Ourense,908.567,8.24,0.0,official_inventory_reference_B,no_toll_expected_official_network,,tabla_peajes_2026.csv + fuentes.csv (MITMA/BOE/concesionarias),Red de referencia gratuita post-liberalizaciones (AP-1/AP-2/AP-4/AP-7 liberadas); ver tabla_peajes_2026.csv.,40.886,1.785,72.98,Toyota Corolla 140H e-CVT 1.8,4.5,Gasolina 95 E5,2026-10-09
R0489,Cádiz,Oviedo,898.838,7.899444,16.2,official_inventory_reference_B,valued_official_2026,AP-66 Campomanes-León,tabla_peajes_2026.csv + fuentes.csv (MITMA/BOE/concesionarias),Paso del Huerna hacia la Meseta/sur; sin alternativa rápida equivalente.,40.448,1.785,72.2,Toyota Corolla 140H e-CVT 1.8,4.5,Gasolina 95 E5,2026-10-09
R0490,Cádiz,Palencia,748.651,6.562778,0.0,official_inventory_reference_B,no_toll_expected_official_network,,tabla_peajes_2026.csv + fuentes.csv (MITMA/BOE/concesionarias),Red de referencia gratuita post-liberalizaciones (AP-1/AP-2/AP-4/AP-7 liberadas); ver tabla_peajes_2026.csv.,33.689,1.785,60.14,Toyota Corolla 140H e-CVT 1.8,4.5,Gasolina 95 E5,2026-10-09
R0491,Cádiz,Pamplona,1031.875,8.996667,0.0,official_inventory_reference_B,no_toll_expected_official_network,,tabla_peajes_2026.csv + fuentes.csv (MITMA/BOE/concesionarias),Red de referencia gratuita post-liberalizaciones (AP-1/AP-2/AP-4/AP-7 liberadas); ver tabla_peajes_2026.csv.,46.434,1.785,82.89,Toyota Corolla 140H e-CVT 1.8,4.5,Gasolina 95 E5,2026-10-09
R0492,Cádiz,Pontevedra,995.849,9.323611,0.0,official_inventory_reference_B,no_toll_expected_official_network,,tabla_peajes_2026.csv + fuentes.csv (MITMA/BOE/concesionarias),Red de referencia gratuita post-liberalizaciones (AP-1/AP-2/AP-4/AP-7 liberadas); ver tabla_peajes_2026.csv.,44.813,1.785,79.99,Toyota Corolla 140H e-CVT 1.8,4.5,Gasolina 95 E5,2026-10-09
R0493,Cádiz,Salamanca,579.59,5.136944,0.0,official_inventory_reference_B,no_toll_expected_official_network,,tabla_peajes_2026.csv + fuentes.csv (MITMA/BOE/concesionarias),Red de referencia gratuita post-liberalizaciones (AP-1/AP-2/AP-4/AP-7 liberadas); ver tabla_peajes_2026.csv.,26.082,1.785,46.56,Toyota Corolla 140H e-CVT 1.8,4.5,Gasolina 95 E5,2026-10-09
R0494,Cádiz,San Sebastián,1035.822,9.066389,0.0,official_inventory_reference_B,no_toll_expected_official_network,,tabla_peajes_2026.csv + fuentes.csv (MITMA/BOE/concesionarias),Red de referencia gratuita post-liberalizaciones (AP-1/AP-2/AP-4/AP-7 liberadas); ver tabla_peajes_2026.csv.,46.612,1.785,83.2,Toyota Corolla 140H e-CVT 1.8,4.5,Gasolina 95 E5,2026-10-09
R0495,Cádiz,Santander,946.197,8.263611,0.0,official_inventory_reference_B,no_toll_expected_official_network,,tabla_peajes_2026.csv + fuentes.csv (MITMA/BOE/concesionarias),Red de referencia gratuita post-liberalizaciones (AP-1/AP-2/AP-4/AP-7 liberadas); ver tabla_peajes_2026.csv.,42.579,1.785,76.0,Toyota Corolla 140H e-CVT 1.8,4.5,Gasolina 95 E5,2026-10-09
R0496,Cádiz,Segovia,724.383,6.424722,0.0,official_inventory_reference_B,no_toll_expected_official_network,,tabla_peajes_2026.csv + fuentes.csv (MITMA/BOE/concesionarias),Red de referencia gratuita post-liberalizaciones (AP-1/AP-2/AP-4/AP-7 liberadas); ver tabla_peajes_2026.csv.,32.597,1.785,58.19,Toyota Corolla 140H e-CVT 1.8,4.5,Gasolina 95 E5,2026-10-09
R0497,Cádiz,Sevilla,124.722,1.266667,0.0,official_inventory_reference_B,no_toll_expected_official_network,,tabla_peajes_2026.csv + fuentes.csv (MITMA/BOE/concesionarias),Red de referencia gratuita post-liberalizaciones (AP-1/AP-2/AP-4/AP-7 liberadas); ver tabla_peajes_2026.csv.,5.612,1.785,10.02,Toyota Corolla 140H e-CVT 1.8,4.5,Gasolina 95 E5,2026-10-09
R0498,Cádiz,Soria,866.723,7.756111,0.0,official_inventory_reference_B,no_toll_expected_official_network,,tabla_peajes_2026.csv + fuentes.csv (MITMA/BOE/concesionarias),Red de referencia gratuita post-liberalizaciones (AP-1/AP-2/AP-4/AP-7 liberadas); ver tabla_peajes_2026.csv.,39.003,1.785,69.62,Toyota Corolla 140H e-CVT 1.8,4.5,Gasolina 95 E5,2026-10-09
R0499,Cádiz,Tarragona,1066.744,9.371667,0.0,official_inventory_reference_B,no_toll_expected_official_network,,tabla_peajes_2026.csv + fuentes.csv (MITMA/BOE/concesionarias),Red de referencia gratuita post-liberalizaciones (AP-1/AP-2/AP-4/AP-7 liberadas); ver tabla_peajes_2026.csv.,48.003,1.785,85.69,Toyota Corolla 140H e-CVT 1.8,4.5,Gasolina 95 E5,2026-10-09
R0500,Cádiz,Teruel,845.789,7.828611,0.0,official_inventory_reference_B,no_toll_expected_official_network,,tabla_peajes_2026.csv + fuentes.csv (MITMA/BOE/concesionarias),Red de referencia gratuita post-liberalizaciones (AP-1/AP-2/AP-4/AP-7 liberadas); ver tabla_peajes_2026.csv.,38.061,1.785,67.94,Toyota Corolla 140H e-CVT 1.8,4.5,Gasolina 95 E5,2026-10-09
R0501,Cádiz,Toledo,595.618,5.398611,0.0,official_inventory_reference_B,no_toll_expected_official_network,,tabla_peajes_2026.csv + fuentes.csv (MITMA/BOE/concesionarias),Red de referencia gratuita post-liberalizaciones (AP-1/AP-2/AP-4/AP-7 liberadas); ver tabla_peajes_2026.csv.,26.803,1.785,47.84,Toyota Corolla 140H e-CVT 1.8,4.5,Gasolina 95 E5,2026-10-09
R0502,Cádiz,Valencia,815.771,7.264722,0.0,official_inventory_reference_B,no_toll_expected_official_network,,tabla_peajes_2026.csv + fuentes.csv (MITMA/BOE/concesionarias),Red de referencia gratuita post-liberalizaciones (AP-1/AP-2/AP-4/AP-7 liberadas); ver tabla_peajes_2026.csv.,36.71,1.785,65.53,Toyota Corolla 140H e-CVT 1.8,4.5,Gasolina 95 E5,2026-10-09
R0503,Cádiz,Valladolid,702.703,6.19,0.0,official_inventory_reference_B,no_toll_expected_official_network,,tabla_peajes_2026.csv + fuentes.csv (MITMA/BOE/concesionarias),Red de referencia gratuita post-liberalizaciones (AP-1/AP-2/AP-4/AP-7 liberadas); ver tabla_peajes_2026.csv.,31.622,1.785,56.44,Toyota Corolla 140H e-CVT 1.8,4.5,Gasolina 95 E5,2026-10-09
R0504,Cádiz,Vitoria-Gasteiz,935.852,8.174722,0.0,official_inventory_reference_B,no_toll_expected_official_network,,tabla_peajes_2026.csv + fuentes.csv (MITMA/BOE/concesionarias),Red de referencia gratuita post-liberalizaciones (AP-1/AP-2/AP-4/AP-7 liberadas); ver tabla_peajes_2026.csv.,42.113,1.785,75.17,Toyota Corolla 140H e-CVT 1.8,4.5,Gasolina 95 E5,2026-10-09
R0505,Cádiz,Zamora,653.653,5.948333,0.0,official_inventory_reference_B,no_toll_expected_official_network,,tabla_peajes_2026.csv + fuentes.csv (MITMA/BOE/concesionarias),Red de referencia gratuita post-liberalizaciones (AP-1/AP-2/AP-4/AP-7 liberadas); ver tabla_peajes_2026.csv.,29.414,1.785,52.5,Toyota Corolla 140H e-CVT 1.8,4.5,Gasolina 95 E5,2026-10-09
R0506,Cádiz,Zaragoza,957.873,8.623611,0.0,official_inventory_reference_B,no_toll_expected_official_network,,tabla_peajes_2026.csv + fuentes.csv (MITMA/BOE/concesionarias),Red de referencia gratuita post-liberalizaciones (AP-1/AP-2/AP-4/AP-7 liberadas); ver tabla_peajes_2026.csv.,43.104,1.785,76.94,Toyota Corolla 140H e-CVT 1.8,4.5,Gasolina 95 E5,2026-10-09
R0507,Castellón de la Plana,A Coruña,1037.917,9.006667,0.0,official_inventory_reference_B,no_toll_expected_official_network,,tabla_peajes_2026.csv + fuentes.csv (MITMA/BOE/concesionarias),Red de referencia gratuita post-liberalizaciones (AP-1/AP-2/AP-4/AP-7 liberadas); ver tabla_peajes_2026.csv.,46.706,1.785,83.37,Toyota Corolla 140H e-CVT 1.8,4.5,Gasolina 95 E5,2026-10-09
R0508,Castellón de la Plana,Albacete,236.734,2.481944,0.0,official_inventory_reference_B,no_toll_expected_official_network,,tabla_peajes_2026.csv + fuentes.csv (MITMA/BOE/concesionarias),Red de referencia gratuita post-liberalizaciones (AP-1/AP-2/AP-4/AP-7 liberadas); ver tabla_peajes_2026.csv.,10.653,1.785,19.02,Toyota Corolla 140H e-CVT 1.8,4.5,Gasolina 95 E5,2026-10-09
R0509,Castellón de la Plana,Alicante,262.189,2.416667,0.0,official_inventory_reference_B,no_toll_expected_official_network,,tabla_peajes_2026.csv + fuentes.csv (MITMA/BOE/concesionarias),Red de referencia gratuita post-liberalizaciones (AP-1/AP-2/AP-4/AP-7 liberadas); ver tabla_peajes_2026.csv.,11.799,1.785,21.06,Toyota Corolla 140H e-CVT 1.8,4.5,Gasolina 95 E5,2026-10-09
R0510,Castellón de la Plana,Almería,492.626,4.336944,0.0,official_inventory_reference_B,no_toll_expected_official_network,,tabla_peajes_2026.csv + fuentes.csv (MITMA/BOE/concesionarias),Red de referencia gratuita post-liberalizaciones (AP-1/AP-2/AP-4/AP-7 liberadas); ver tabla_peajes_2026.csv.,22.168,1.785,39.57,Toyota Corolla 140H e-CVT 1.8,4.5,Gasolina 95 E5,2026-10-09
R0511,Castellón de la Plana,Ávila,554.179,4.999167,0.0,official_inventory_reference_B,no_toll_expected_official_network,,tabla_peajes_2026.csv + fuentes.csv (MITMA/BOE/concesionarias),Red de referencia gratuita post-liberalizaciones (AP-1/AP-2/AP-4/AP-7 liberadas); ver tabla_peajes_2026.csv.,24.938,1.785,44.51,Toyota Corolla 140H e-CVT 1.8,4.5,Gasolina 95 E5,2026-10-09
R0512,Castellón de la Plana,Badajoz,823.017,7.174722,0.0,official_inventory_reference_B,no_toll_expected_official_network,,tabla_peajes_2026.csv + fuentes.csv (MITMA/BOE/concesionarias),Red de referencia gratuita post-liberalizaciones (AP-1/AP-2/AP-4/AP-7 liberadas); ver tabla_peajes_2026.csv.,37.036,1.785,66.11,Toyota Corolla 140H e-CVT 1.8,4.5,Gasolina 95 E5,2026-10-09
R0513,Castellón de la Plana,Barcelona,282.172,2.663889,0.0,official_inventory_reference_B,no_toll_expected_official_network,,tabla_peajes_2026.csv + fuentes.csv (MITMA/BOE/concesionarias),Red de referencia gratuita post-liberalizaciones (AP-1/AP-2/AP-4/AP-7 liberadas); ver tabla_peajes_2026.csv.,12.698,1.785,22.67,Toyota Corolla 140H e-CVT 1.8,4.5,Gasolina 95 E5,2026-10-09
R0514,Castellón de la Plana,Bilbao,615.729,5.544722,0.0,official_inventory_reference_B,no_toll_expected_official_network,,tabla_peajes_2026.csv + fuentes.csv (MITMA/BOE/concesionarias),Red de referencia gratuita post-liberalizaciones (AP-1/AP-2/AP-4/AP-7 liberadas); ver tabla_peajes_2026.csv.,27.708,1.785,49.46,Toyota Corolla 140H e-CVT 1.8,4.5,Gasolina 95 E5,2026-10-09
R0515,Castellón de la Plana,Burgos,513.41,5.566667,0.0,official_inventory_reference_B,no_toll_expected_official_network,,tabla_peajes_2026.csv + fuentes.csv (MITMA/BOE/concesionarias),Red de referencia gratuita post-liberalizaciones (AP-1/AP-2/AP-4/AP-7 liberadas); ver tabla_peajes_2026.csv.,23.103,1.785,41.24,Toyota Corolla 140H e-CVT 1.8,4.5,Gasolina 95 E5,2026-10-09
R0516,Castellón de la Plana,Cáceres,696.748,6.315278,0.0,official_inventory_reference_B,no_toll_expected_official_network,,tabla_peajes_2026.csv + fuentes.csv (MITMA/BOE/concesionarias),Red de referencia gratuita post-liberalizaciones (AP-1/AP-2/AP-4/AP-7 liberadas); ver tabla_peajes_2026.csv.,31.354,1.785,55.97,Toyota Corolla 140H e-CVT 1.8,4.5,Gasolina 95 E5,2026-10-09
R0517,Castellón de la Plana,Cádiz,840.129,7.464444,0.0,official_inventory_reference_B,no_toll_expected_official_network,,tabla_peajes_2026.csv + fuentes.csv (MITMA/BOE/concesionarias),Red de referencia gratuita post-liberalizaciones (AP-1/AP-2/AP-4/AP-7 liberadas); ver tabla_peajes_2026.csv.,37.806,1.785,67.48,Toyota Corolla 140H e-CVT 1.8,4.5,Gasolina 95 E5,2026-10-09
R0518,Castellón de la Plana,Ciudad Real,419.107,3.708889,0.0,official_inventory_reference_B,no_toll_expected_official_network,,tabla_peajes_2026.csv + fuentes.csv (MITMA/BOE/concesionarias),Red de referencia gratuita post-liberalizaciones (AP-1/AP-2/AP-4/AP-7 liberadas); ver tabla_peajes_2026.csv.,18.86,1.785,33.66,Toyota Corolla 140H e-CVT 1.8,4.5,Gasolina 95 E5,2026-10-09
R0519,Castellón de la Plana,Córdoba,591.701,5.353056,0.0,official_inventory_reference_B,no_toll_expected_official_network,,tabla_peajes_2026.csv + fuentes.csv (MITMA/BOE/concesionarias),Red de referencia gratuita post-liberalizaciones (AP-1/AP-2/AP-4/AP-7 liberadas); ver tabla_peajes_2026.csv.,26.627,1.785,47.53,Toyota Corolla 140H e-CVT 1.8,4.5,Gasolina 95 E5,2026-10-09
R0520,Castellón de la Plana,Cuenca,265.636,2.668889,0.0,official_inventory_reference_B,no_toll_expected_official_network,,tabla_peajes_2026.csv + fuentes.csv (MITMA/BOE/concesionarias),Red de referencia gratuita post-liberalizaciones (AP-1/AP-2/AP-4/AP-7 liberadas); ver tabla_peajes_2026.csv.,11.954,1.785,21.34,Toyota Corolla 140H e-CVT 1.8,4.5,Gasolina 95 E5,2026-10-09
R0521,Castellón de la Plana,Girona,374.705,3.381667,0.0,official_inventory_reference_B,no_toll_expected_official_network,,tabla_peajes_2026.csv + fuentes.csv (MITMA/BOE/concesionarias),Red de referencia gratuita post-liberalizaciones (AP-1/AP-2/AP-4/AP-7 liberadas); ver tabla_peajes_2026.csv.,16.862,1.785,30.1,Toyota Corolla 140H e-CVT 1.8,4.5,Gasolina 95 E5,2026-10-09
R0522,Castellón de la Plana,Granada,613.232,5.415833,0.0,official_inventory_reference_B,no_toll_expected_official_network,,tabla_peajes_2026.csv + fuentes.csv (MITMA/BOE/concesionarias),Red de referencia gratuita post-liberalizaciones (AP-1/AP-2/AP-4/AP-7 liberadas); ver tabla_peajes_2026.csv.,27.595,1.785,49.26,Toyota Corolla 140H e-CVT 1.8,4.5,Gasolina 95 E5,2026-10-09
R0523,Castellón de la Plana,Guadalajara,399.802,4.086111,0.0,official_inventory_reference_B,no_toll_expected_official_network,,tabla_peajes_2026.csv + fuentes.csv (MITMA/BOE/concesionarias),Red de referencia gratuita post-liberalizaciones (AP-1/AP-2/AP-4/AP-7 liberadas); ver tabla_peajes_2026.csv.,17.991,1.785,32.11,Toyota Corolla 140H e-CVT 1.8,4.5,Gasolina 95 E5,2026-10-09
R0524,Castellón de la Plana,Huelva,818.217,7.276944,0.0,official_inventory_reference_B,no_toll_expected_official_network,,tabla_peajes_2026.csv + fuentes.csv (MITMA/BOE/concesionarias),Red de referencia gratuita post-liberalizaciones (AP-1/AP-2/AP-4/AP-7 liberadas); ver tabla_peajes_2026.csv.,36.82,1.785,65.72,Toyota Corolla 140H e-CVT 1.8,4.5,Gasolina 95 E5,2026-10-09
R0525,Castellón de la Plana,Huesca,391.317,3.620278,0.0,official_inventory_reference_B,no_toll_expected_official_network,,tabla_peajes_2026.csv + fuentes.csv (MITMA/BOE/concesionarias),Red de referencia gratuita post-liberalizaciones (AP-1/AP-2/AP-4/AP-7 liberadas); ver tabla_peajes_2026.csv.,17.609,1.785,31.43,Toyota Corolla 140H e-CVT 1.8,4.5,Gasolina 95 E5,2026-10-09
R0526,Castellón de la Plana,Jaén,528.428,4.701667,0.0,official_inventory_reference_B,no_toll_expected_official_network,,tabla_peajes_2026.csv + fuentes.csv (MITMA/BOE/concesionarias),Red de referencia gratuita post-liberalizaciones (AP-1/AP-2/AP-4/AP-7 liberadas); ver tabla_peajes_2026.csv.,23.779,1.785,42.45,Toyota Corolla 140H e-CVT 1.8,4.5,Gasolina 95 E5,2026-10-09
R0527,Castellón de la Plana,León,764.244,6.823889,0.0,official_inventory_reference_B,no_toll_expected_official_network,,tabla_peajes_2026.csv + fuentes.csv (MITMA/BOE/concesionarias),Red de referencia gratuita post-liberalizaciones (AP-1/AP-2/AP-4/AP-7 liberadas); ver tabla_peajes_2026.csv.,34.391,1.785,61.39,Toyota Corolla 140H e-CVT 1.8,4.5,Gasolina 95 E5,2026-10-09
R0528,Castellón de la Plana,Lleida,274.516,2.570833,0.0,official_inventory_reference_B,no_toll_expected_official_network,,tabla_peajes_2026.csv + fuentes.csv (MITMA/BOE/concesionarias),Red de referencia gratuita post-liberalizaciones (AP-1/AP-2/AP-4/AP-7 liberadas); ver tabla_peajes_2026.csv.,12.353,1.785,22.05,Toyota Corolla 140H e-CVT 1.8,4.5,Gasolina 95 E5,2026-10-09
R0529,Castellón de la Plana,Logroño,482.741,4.409444,0.0,official_inventory_reference_B,no_toll_expected_official_network,,tabla_peajes_2026.csv + fuentes.csv (MITMA/BOE/concesionarias),Red de referencia gratuita post-liberalizaciones (AP-1/AP-2/AP-4/AP-7 liberadas); ver tabla_peajes_2026.csv.,21.723,1.785,38.78,Toyota Corolla 140H e-CVT 1.8,4.5,Gasolina 95 E5,2026-10-09
R0530,Castellón de la Plana,Lugo,927.25,8.14,0.0,official_inventory_reference_B,no_toll_expected_official_network,,tabla_peajes_2026.csv + fuentes.csv (MITMA/BOE/concesionarias),Red de referencia gratuita post-liberalizaciones (AP-1/AP-2/AP-4/AP-7 liberadas); ver tabla_peajes_2026.csv.,41.726,1.785,74.48,Toyota Corolla 140H e-CVT 1.8,4.5,Gasolina 95 E5,2026-10-09
R0531,Castellón de la Plana,Madrid,423.652,3.821111,0.0,official_inventory_reference_B,no_toll_expected_official_network,,tabla_peajes_2026.csv + fuentes.csv (MITMA/BOE/concesionarias),Red de referencia gratuita post-liberalizaciones (AP-1/AP-2/AP-4/AP-7 liberadas); ver tabla_peajes_2026.csv.,19.064,1.785,34.03,Toyota Corolla 140H e-CVT 1.8,4.5,Gasolina 95 E5,2026-10-09
R0532,Castellón de la Plana,Málaga,685.447,6.890556,0.0,official_inventory_reference_B,no_toll_expected_official_network,,tabla_peajes_2026.csv + fuentes.csv (MITMA/BOE/concesionarias),Red de referencia gratuita post-liberalizaciones (AP-1/AP-2/AP-4/AP-7 liberadas); ver tabla_peajes_2026.csv.,30.845,1.785,55.06,Toyota Corolla 140H e-CVT 1.8,4.5,Gasolina 95 E5,2026-10-09
R0533,Castellón de la Plana,Murcia,300.735,2.776111,0.0,official_inventory_reference_B,no_toll_expected_official_network,,tabla_peajes_2026.csv + fuentes.csv (MITMA/BOE/concesionarias),Red de referencia gratuita post-liberalizaciones (AP-1/AP-2/AP-4/AP-7 liberadas); ver tabla_peajes_2026.csv.,13.533,1.785,24.16,Toyota Corolla 140H e-CVT 1.8,4.5,Gasolina 95 E5,2026-10-09
R0534,Castellón de la Plana,Ourense,942.427,8.368333,0.0,official_inventory_reference_B,no_toll_expected_official_network,,tabla_peajes_2026.csv + fuentes.csv (MITMA/BOE/concesionarias),Red de referencia gratuita post-liberalizaciones (AP-1/AP-2/AP-4/AP-7 liberadas); ver tabla_peajes_2026.csv.,42.409,1.785,75.7,Toyota Corolla 140H e-CVT 1.8,4.5,Gasolina 95 E5,2026-10-09
R0535,Castellón de la Plana,Oviedo,803.494,8.110278,16.2,official_inventory_reference_B,valued_official_2026,AP-66 Campomanes-León,tabla_peajes_2026.csv + fuentes.csv (MITMA/BOE/concesionarias),Paso del Huerna hacia la Meseta/sur; sin alternativa rápida equivalente.,36.157,1.785,64.54,Toyota Corolla 140H e-CVT 1.8,4.5,Gasolina 95 E5,2026-10-09
R0536,Castellón de la Plana,Palencia,572.346,6.135278,0.0,official_inventory_reference_B,no_toll_expected_official_network,,tabla_peajes_2026.csv + fuentes.csv (MITMA/BOE/concesionarias),Red de referencia gratuita post-liberalizaciones (AP-1/AP-2/AP-4/AP-7 liberadas); ver tabla_peajes_2026.csv.,25.756,1.785,45.97,Toyota Corolla 140H e-CVT 1.8,4.5,Gasolina 95 E5,2026-10-09
R0537,Castellón de la Plana,Pamplona,492.394,4.549167,0.0,official_inventory_reference_B,no_toll_expected_official_network,,tabla_peajes_2026.csv + fuentes.csv (MITMA/BOE/concesionarias),Red de referencia gratuita post-liberalizaciones (AP-1/AP-2/AP-4/AP-7 liberadas); ver tabla_peajes_2026.csv.,22.158,1.785,39.55,Toyota Corolla 140H e-CVT 1.8,4.5,Gasolina 95 E5,2026-10-09
R0538,Castellón de la Plana,Pontevedra,1029.709,9.451944,0.0,official_inventory_reference_B,no_toll_expected_official_network,,tabla_peajes_2026.csv + fuentes.csv (MITMA/BOE/concesionarias),Red de referencia gratuita post-liberalizaciones (AP-1/AP-2/AP-4/AP-7 liberadas); ver tabla_peajes_2026.csv.,46.337,1.785,82.71,Toyota Corolla 140H e-CVT 1.8,4.5,Gasolina 95 E5,2026-10-09
R0539,Castellón de la Plana,Salamanca,638.189,5.765,0.0,official_inventory_reference_B,no_toll_expected_official_network,,tabla_peajes_2026.csv + fuentes.csv (MITMA/BOE/concesionarias),Red de referencia gratuita post-liberalizaciones (AP-1/AP-2/AP-4/AP-7 liberadas); ver tabla_peajes_2026.csv.,28.719,1.785,51.26,Toyota Corolla 140H e-CVT 1.8,4.5,Gasolina 95 E5,2026-10-09
R0540,Castellón de la Plana,San Sebastián,576.943,5.340556,0.0,official_inventory_reference_B,no_toll_expected_official_network,,tabla_peajes_2026.csv + fuentes.csv (MITMA/BOE/concesionarias),Red de referencia gratuita post-liberalizaciones (AP-1/AP-2/AP-4/AP-7 liberadas); ver tabla_peajes_2026.csv.,25.962,1.785,46.34,Toyota Corolla 140H e-CVT 1.8,4.5,Gasolina 95 E5,2026-10-09
R0541,Castellón de la Plana,Santander,712.702,6.461389,0.0,official_inventory_reference_B,no_toll_expected_official_network,,tabla_peajes_2026.csv + fuentes.csv (MITMA/BOE/concesionarias),Red de referencia gratuita post-liberalizaciones (AP-1/AP-2/AP-4/AP-7 liberadas); ver tabla_peajes_2026.csv.,32.072,1.785,57.25,Toyota Corolla 140H e-CVT 1.8,4.5,Gasolina 95 E5,2026-10-09
R0542,Castellón de la Plana,Segovia,531.95,4.811944,0.0,official_inventory_reference_B,no_toll_expected_official_network,,tabla_peajes_2026.csv + fuentes.csv (MITMA/BOE/concesionarias),Red de referencia gratuita post-liberalizaciones (AP-1/AP-2/AP-4/AP-7 liberadas); ver tabla_peajes_2026.csv.,23.938,1.785,42.73,Toyota Corolla 140H e-CVT 1.8,4.5,Gasolina 95 E5,2026-10-09
R0543,Castellón de la Plana,Sevilla,725.801,6.506111,0.0,official_inventory_reference_B,no_toll_expected_official_network,,tabla_peajes_2026.csv + fuentes.csv (MITMA/BOE/concesionarias),Red de referencia gratuita post-liberalizaciones (AP-1/AP-2/AP-4/AP-7 liberadas); ver tabla_peajes_2026.csv.,32.661,1.785,58.3,Toyota Corolla 140H e-CVT 1.8,4.5,Gasolina 95 E5,2026-10-09
R0544,Castellón de la Plana,Soria,369.125,3.873333,0.0,official_inventory_reference_B,no_toll_expected_official_network,,tabla_peajes_2026.csv + fuentes.csv (MITMA/BOE/concesionarias),Red de referencia gratuita post-liberalizaciones (AP-1/AP-2/AP-4/AP-7 liberadas); ver tabla_peajes_2026.csv.,16.611,1.785,29.65,Toyota Corolla 140H e-CVT 1.8,4.5,Gasolina 95 E5,2026-10-09
R0545,Castellón de la Plana,Tarragona,191.115,1.808611,0.0,official_inventory_reference_B,no_toll_expected_official_network,,tabla_peajes_2026.csv + fuentes.csv (MITMA/BOE/concesionarias),Red de referencia gratuita post-liberalizaciones (AP-1/AP-2/AP-4/AP-7 liberadas); ver tabla_peajes_2026.csv.,8.6,1.785,15.35,Toyota Corolla 140H e-CVT 1.8,4.5,Gasolina 95 E5,2026-10-09
R0546,Castellón de la Plana,Teruel,147.793,1.560278,0.0,official_inventory_reference_B,no_toll_expected_official_network,,tabla_peajes_2026.csv + fuentes.csv (MITMA/BOE/concesionarias),Red de referencia gratuita post-liberalizaciones (AP-1/AP-2/AP-4/AP-7 liberadas); ver tabla_peajes_2026.csv.,6.651,1.785,11.87,Toyota Corolla 140H e-CVT 1.8,4.5,Gasolina 95 E5,2026-10-09
R0547,Castellón de la Plana,Toledo,458.506,4.063333,0.0,official_inventory_reference_B,no_toll_expected_official_network,,tabla_peajes_2026.csv + fuentes.csv (MITMA/BOE/concesionarias),Red de referencia gratuita post-liberalizaciones (AP-1/AP-2/AP-4/AP-7 liberadas); ver tabla_peajes_2026.csv.,20.633,1.785,36.83,Toyota Corolla 140H e-CVT 1.8,4.5,Gasolina 95 E5,2026-10-09
R0548,Castellón de la Plana,Valencia,76.304,0.844167,0.0,official_inventory_reference_B,no_toll_expected_official_network,,tabla_peajes_2026.csv + fuentes.csv (MITMA/BOE/concesionarias),Red de referencia gratuita post-liberalizaciones (AP-1/AP-2/AP-4/AP-7 liberadas); ver tabla_peajes_2026.csv.,3.434,1.785,6.13,Toyota Corolla 140H e-CVT 1.8,4.5,Gasolina 95 E5,2026-10-09
R0549,Castellón de la Plana,Valladolid,650.68,5.808056,0.0,official_inventory_reference_B,no_toll_expected_official_network,,tabla_peajes_2026.csv + fuentes.csv (MITMA/BOE/concesionarias),Red de referencia gratuita post-liberalizaciones (AP-1/AP-2/AP-4/AP-7 liberadas); ver tabla_peajes_2026.csv.,29.281,1.785,52.27,Toyota Corolla 140H e-CVT 1.8,4.5,Gasolina 95 E5,2026-10-09
R0550,Castellón de la Plana,Vitoria-Gasteiz,569.92,5.186944,0.0,official_inventory_reference_B,no_toll_expected_official_network,,tabla_peajes_2026.csv + fuentes.csv (MITMA/BOE/concesionarias),Red de referencia gratuita post-liberalizaciones (AP-1/AP-2/AP-4/AP-7 liberadas); ver tabla_peajes_2026.csv.,25.646,1.785,45.78,Toyota Corolla 140H e-CVT 1.8,4.5,Gasolina 95 E5,2026-10-09
R0551,Castellón de la Plana,Zamora,702.503,6.379722,0.0,official_inventory_reference_B,no_toll_expected_official_network,,tabla_peajes_2026.csv + fuentes.csv (MITMA/BOE/concesionarias),Red de referencia gratuita post-liberalizaciones (AP-1/AP-2/AP-4/AP-7 liberadas); ver tabla_peajes_2026.csv.,31.613,1.785,56.43,Toyota Corolla 140H e-CVT 1.8,4.5,Gasolina 95 E5,2026-10-09
R0552,Castellón de la Plana,Zaragoza,318.636,3.031944,0.0,official_inventory_reference_B,no_toll_expected_official_network,,tabla_peajes_2026.csv + fuentes.csv (MITMA/BOE/concesionarias),Red de referencia gratuita post-liberalizaciones (AP-1/AP-2/AP-4/AP-7 liberadas); ver tabla_peajes_2026.csv.,14.339,1.785,25.59,Toyota Corolla 140H e-CVT 1.8,4.5,Gasolina 95 E5,2026-10-09
R0553,Ciudad Real,A Coruña,784.204,7.013056,0.0,official_inventory_reference_B,no_toll_expected_official_network,,tabla_peajes_2026.csv + fuentes.csv (MITMA/BOE/concesionarias),Red de referencia gratuita post-liberalizaciones (AP-1/AP-2/AP-4/AP-7 liberadas); ver tabla_peajes_2026.csv.,35.289,1.785,62.99,Toyota Corolla 140H e-CVT 1.8,4.5,Gasolina 95 E5,2026-10-09
R0554,Ciudad Real,Albacete,219.282,1.961944,0.0,official_inventory_reference_B,no_toll_expected_official_network,,tabla_peajes_2026.csv + fuentes.csv (MITMA/BOE/concesionarias),Red de referencia gratuita post-liberalizaciones (AP-1/AP-2/AP-4/AP-7 liberadas); ver tabla_peajes_2026.csv.,9.868,1.785,17.61,Toyota Corolla 140H e-CVT 1.8,4.5,Gasolina 95 E5,2026-10-09
R0555,Ciudad Real,Alicante,383.451,3.360556,0.0,official_inventory_reference_B,no_toll_expected_official_network,,tabla_peajes_2026.csv + fuentes.csv (MITMA/BOE/concesionarias),Red de referencia gratuita post-liberalizaciones (AP-1/AP-2/AP-4/AP-7 liberadas); ver tabla_peajes_2026.csv.,17.255,1.785,30.8,Toyota Corolla 140H e-CVT 1.8,4.5,Gasolina 95 E5,2026-10-09
R0556,Ciudad Real,Almería,402.005,3.850278,0.0,official_inventory_reference_B,no_toll_expected_official_network,,tabla_peajes_2026.csv + fuentes.csv (MITMA/BOE/concesionarias),Red de referencia gratuita post-liberalizaciones (AP-1/AP-2/AP-4/AP-7 liberadas); ver tabla_peajes_2026.csv.,18.09,1.785,32.29,Toyota Corolla 140H e-CVT 1.8,4.5,Gasolina 95 E5,2026-10-09
R0557,Ciudad Real,Ávila,251.025,2.863611,0.0,official_inventory_reference_B,no_toll_expected_official_network,,tabla_peajes_2026.csv + fuentes.csv (MITMA/BOE/concesionarias),Red de referencia gratuita post-liberalizaciones (AP-1/AP-2/AP-4/AP-7 liberadas); ver tabla_peajes_2026.csv.,11.296,1.785,20.16,Toyota Corolla 140H e-CVT 1.8,4.5,Gasolina 95 E5,2026-10-09
R0558,Ciudad Real,Badajoz,304.127,3.168333,0.0,official_inventory_reference_B,no_toll_expected_official_network,,tabla_peajes_2026.csv + fuentes.csv (MITMA/BOE/concesionarias),Red de referencia gratuita post-liberalizaciones (AP-1/AP-2/AP-4/AP-7 liberadas); ver tabla_peajes_2026.csv.,13.686,1.785,24.43,Toyota Corolla 140H e-CVT 1.8,4.5,Gasolina 95 E5,2026-10-09
R0559,Ciudad Real,Barcelona,693.975,6.064167,0.0,official_inventory_reference_B,no_toll_expected_official_network,,tabla_peajes_2026.csv + fuentes.csv (MITMA/BOE/concesionarias),Red de referencia gratuita post-liberalizaciones (AP-1/AP-2/AP-4/AP-7 liberadas); ver tabla_peajes_2026.csv.,31.229,1.785,55.74,Toyota Corolla 140H e-CVT 1.8,4.5,Gasolina 95 E5,2026-10-09
R0560,Ciudad Real,Bilbao,605.92,5.438333,0.0,official_inventory_reference_B,no_toll_expected_official_network,,tabla_peajes_2026.csv + fuentes.csv (MITMA/BOE/concesionarias),Red de referencia gratuita post-liberalizaciones (AP-1/AP-2/AP-4/AP-7 liberadas); ver tabla_peajes_2026.csv.,27.266,1.785,48.67,Toyota Corolla 140H e-CVT 1.8,4.5,Gasolina 95 E5,2026-10-09
R0561,Ciudad Real,Burgos,451.823,4.070833,0.0,official_inventory_reference_B,no_toll_expected_official_network,,tabla_peajes_2026.csv + fuentes.csv (MITMA/BOE/concesionarias),Red de referencia gratuita post-liberalizaciones (AP-1/AP-2/AP-4/AP-7 liberadas); ver tabla_peajes_2026.csv.,20.332,1.785,36.29,Toyota Corolla 140H e-CVT 1.8,4.5,Gasolina 95 E5,2026-10-09
R0562,Ciudad Real,Cáceres,273.435,3.132222,0.0,official_inventory_reference_B,no_toll_expected_official_network,,tabla_peajes_2026.csv + fuentes.csv (MITMA/BOE/concesionarias),Red de referencia gratuita post-liberalizaciones (AP-1/AP-2/AP-4/AP-7 liberadas); ver tabla_peajes_2026.csv.,12.305,1.785,21.96,Toyota Corolla 140H e-CVT 1.8,4.5,Gasolina 95 E5,2026-10-09
R0563,Ciudad Real,Cádiz,441.886,4.248889,0.0,official_inventory_reference_B,no_toll_expected_official_network,,tabla_peajes_2026.csv + fuentes.csv (MITMA/BOE/concesionarias),Red de referencia gratuita post-liberalizaciones (AP-1/AP-2/AP-4/AP-7 liberadas); ver tabla_peajes_2026.csv.,19.885,1.785,35.49,Toyota Corolla 140H e-CVT 1.8,4.5,Gasolina 95 E5,2026-10-09
R0564,Ciudad Real,Castellón de la Plana,425.069,3.745,0.0,official_inventory_reference_B,no_toll_expected_official_network,,tabla_peajes_2026.csv + fuentes.csv (MITMA/BOE/concesionarias),Red de referencia gratuita post-liberalizaciones (AP-1/AP-2/AP-4/AP-7 liberadas); ver tabla_peajes_2026.csv.,19.128,1.785,34.14,Toyota Corolla 140H e-CVT 1.8,4.5,Gasolina 95 E5,2026-10-09
R0565,Ciudad Real,Córdoba,190.591,2.097222,0.0,official_inventory_reference_B,no_toll_expected_official_network,,tabla_peajes_2026.csv + fuentes.csv (MITMA/BOE/concesionarias),Red de referencia gratuita post-liberalizaciones (AP-1/AP-2/AP-4/AP-7 liberadas); ver tabla_peajes_2026.csv.,8.577,1.785,15.31,Toyota Corolla 140H e-CVT 1.8,4.5,Gasolina 95 E5,2026-10-09
R0566,Ciudad Real,Cuenca,267.838,2.5325,0.0,official_inventory_reference_B,no_toll_expected_official_network,,tabla_peajes_2026.csv + fuentes.csv (MITMA/BOE/concesionarias),Red de referencia gratuita post-liberalizaciones (AP-1/AP-2/AP-4/AP-7 liberadas); ver tabla_peajes_2026.csv.,12.053,1.785,21.51,Toyota Corolla 140H e-CVT 1.8,4.5,Gasolina 95 E5,2026-10-09
R0567,Ciudad Real,Girona,786.506,6.782222,0.0,official_inventory_reference_B,no_toll_expected_official_network,,tabla_peajes_2026.csv + fuentes.csv (MITMA/BOE/concesionarias),Red de referencia gratuita post-liberalizaciones (AP-1/AP-2/AP-4/AP-7 liberadas); ver tabla_peajes_2026.csv.,35.393,1.785,63.18,Toyota Corolla 140H e-CVT 1.8,4.5,Gasolina 95 E5,2026-10-09
R0568,Ciudad Real,Granada,277.153,2.630278,0.0,official_inventory_reference_B,no_toll_expected_official_network,,tabla_peajes_2026.csv + fuentes.csv (MITMA/BOE/concesionarias),Red de referencia gratuita post-liberalizaciones (AP-1/AP-2/AP-4/AP-7 liberadas); ver tabla_peajes_2026.csv.,12.472,1.785,22.26,Toyota Corolla 140H e-CVT 1.8,4.5,Gasolina 95 E5,2026-10-09
R0569,Ciudad Real,Guadalajara,256.433,2.439722,0.0,official_inventory_reference_B,no_toll_expected_official_network,,tabla_peajes_2026.csv + fuentes.csv (MITMA/BOE/concesionarias),Red de referencia gratuita post-liberalizaciones (AP-1/AP-2/AP-4/AP-7 liberadas); ver tabla_peajes_2026.csv.,11.539,1.785,20.6,Toyota Corolla 140H e-CVT 1.8,4.5,Gasolina 95 E5,2026-10-09
R0570,Ciudad Real,Huelva,419.974,4.061389,0.0,official_inventory_reference_B,no_toll_expected_official_network,,tabla_peajes_2026.csv + fuentes.csv (MITMA/BOE/concesionarias),Red de referencia gratuita post-liberalizaciones (AP-1/AP-2/AP-4/AP-7 liberadas); ver tabla_peajes_2026.csv.,18.899,1.785,33.73,Toyota Corolla 140H e-CVT 1.8,4.5,Gasolina 95 E5,2026-10-09
R0571,Ciudad Real,Huesca,585.058,5.313611,0.0,official_inventory_reference_B,no_toll_expected_official_network,,tabla_peajes_2026.csv + fuentes.csv (MITMA/BOE/concesionarias),Red de referencia gratuita post-liberalizaciones (AP-1/AP-2/AP-4/AP-7 liberadas); ver tabla_peajes_2026.csv.,26.328,1.785,46.99,Toyota Corolla 140H e-CVT 1.8,4.5,Gasolina 95 E5,2026-10-09
R0572,Ciudad Real,Jaén,189.479,1.876944,0.0,official_inventory_reference_B,no_toll_expected_official_network,,tabla_peajes_2026.csv + fuentes.csv (MITMA/BOE/concesionarias),Red de referencia gratuita post-liberalizaciones (AP-1/AP-2/AP-4/AP-7 liberadas); ver tabla_peajes_2026.csv.,8.527,1.785,15.22,Toyota Corolla 140H e-CVT 1.8,4.5,Gasolina 95 E5,2026-10-09
R0573,Ciudad Real,León,525.296,4.882222,0.0,official_inventory_reference_B,no_toll_expected_official_network,,tabla_peajes_2026.csv + fuentes.csv (MITMA/BOE/concesionarias),Red de referencia gratuita post-liberalizaciones (AP-1/AP-2/AP-4/AP-7 liberadas); ver tabla_peajes_2026.csv.,23.638,1.785,42.19,Toyota Corolla 140H e-CVT 1.8,4.5,Gasolina 95 E5,2026-10-09
R0574,Ciudad Real,Lleida,657.414,5.886944,0.0,official_inventory_reference_B,no_toll_expected_official_network,,tabla_peajes_2026.csv + fuentes.csv (MITMA/BOE/concesionarias),Red de referencia gratuita post-liberalizaciones (AP-1/AP-2/AP-4/AP-7 liberadas); ver tabla_peajes_2026.csv.,29.584,1.785,52.81,Toyota Corolla 140H e-CVT 1.8,4.5,Gasolina 95 E5,2026-10-09
R0575,Ciudad Real,Logroño,524.391,5.005556,0.0,official_inventory_reference_B,no_toll_expected_official_network,,tabla_peajes_2026.csv + fuentes.csv (MITMA/BOE/concesionarias),Red de referencia gratuita post-liberalizaciones (AP-1/AP-2/AP-4/AP-7 liberadas); ver tabla_peajes_2026.csv.,23.598,1.785,42.12,Toyota Corolla 140H e-CVT 1.8,4.5,Gasolina 95 E5,2026-10-09
R0576,Ciudad Real,Lugo,688.302,6.198611,0.0,official_inventory_reference_B,no_toll_expected_official_network,,tabla_peajes_2026.csv + fuentes.csv (MITMA/BOE/concesionarias),Red de referencia gratuita post-liberalizaciones (AP-1/AP-2/AP-4/AP-7 liberadas); ver tabla_peajes_2026.csv.,30.974,1.785,55.29,Toyota Corolla 140H e-CVT 1.8,4.5,Gasolina 95 E5,2026-10-09
R0577,Ciudad Real,Madrid,205.688,2.044722,0.0,official_inventory_reference_B,no_toll_expected_official_network,,tabla_peajes_2026.csv + fuentes.csv (MITMA/BOE/concesionarias),Red de referencia gratuita post-liberalizaciones (AP-1/AP-2/AP-4/AP-7 liberadas); ver tabla_peajes_2026.csv.,9.256,1.785,16.52,Toyota Corolla 140H e-CVT 1.8,4.5,Gasolina 95 E5,2026-10-09
R0578,Ciudad Real,Málaga,341.43,4.201667,0.0,official_inventory_reference_B,no_toll_expected_official_network,,tabla_peajes_2026.csv + fuentes.csv (MITMA/BOE/concesionarias),Red de referencia gratuita post-liberalizaciones (AP-1/AP-2/AP-4/AP-7 liberadas); ver tabla_peajes_2026.csv.,15.364,1.785,27.43,Toyota Corolla 140H e-CVT 1.8,4.5,Gasolina 95 E5,2026-10-09
R0579,Ciudad Real,Murcia,361.743,3.213889,0.0,official_inventory_reference_B,no_toll_expected_official_network,,tabla_peajes_2026.csv + fuentes.csv (MITMA/BOE/concesionarias),Red de referencia gratuita post-liberalizaciones (AP-1/AP-2/AP-4/AP-7 liberadas); ver tabla_peajes_2026.csv.,16.278,1.785,29.06,Toyota Corolla 140H e-CVT 1.8,4.5,Gasolina 95 E5,2026-10-09
R0580,Ciudad Real,Ourense,688.714,6.374722,0.0,official_inventory_reference_B,no_toll_expected_official_network,,tabla_peajes_2026.csv + fuentes.csv (MITMA/BOE/concesionarias),Red de referencia gratuita post-liberalizaciones (AP-1/AP-2/AP-4/AP-7 liberadas); ver tabla_peajes_2026.csv.,30.992,1.785,55.32,Toyota Corolla 140H e-CVT 1.8,4.5,Gasolina 95 E5,2026-10-09
R0581,Ciudad Real,Oviedo,634.7,5.866667,16.2,official_inventory_reference_B,valued_official_2026,AP-66 Campomanes-León,tabla_peajes_2026.csv + fuentes.csv (MITMA/BOE/concesionarias),Paso del Huerna hacia la Meseta/sur; sin alternativa rápida equivalente.,28.562,1.785,50.98,Toyota Corolla 140H e-CVT 1.8,4.5,Gasolina 95 E5,2026-10-09
R0582,Ciudad Real,Palencia,442.907,4.186944,0.0,official_inventory_reference_B,no_toll_expected_official_network,,tabla_peajes_2026.csv + fuentes.csv (MITMA/BOE/concesionarias),Red de referencia gratuita post-liberalizaciones (AP-1/AP-2/AP-4/AP-7 liberadas); ver tabla_peajes_2026.csv.,19.931,1.785,35.58,Toyota Corolla 140H e-CVT 1.8,4.5,Gasolina 95 E5,2026-10-09
R0583,Ciudad Real,Pamplona,603.016,5.663333,0.0,official_inventory_reference_B,no_toll_expected_official_network,,tabla_peajes_2026.csv + fuentes.csv (MITMA/BOE/concesionarias),Red de referencia gratuita post-liberalizaciones (AP-1/AP-2/AP-4/AP-7 liberadas); ver tabla_peajes_2026.csv.,27.136,1.785,48.44,Toyota Corolla 140H e-CVT 1.8,4.5,Gasolina 95 E5,2026-10-09
R0584,Ciudad Real,Pontevedra,775.996,7.458333,0.0,official_inventory_reference_B,no_toll_expected_official_network,,tabla_peajes_2026.csv + fuentes.csv (MITMA/BOE/concesionarias),Red de referencia gratuita post-liberalizaciones (AP-1/AP-2/AP-4/AP-7 liberadas); ver tabla_peajes_2026.csv.,34.92,1.785,62.33,Toyota Corolla 140H e-CVT 1.8,4.5,Gasolina 95 E5,2026-10-09
R0585,Ciudad Real,Salamanca,354.928,3.786944,0.0,official_inventory_reference_B,no_toll_expected_official_network,,tabla_peajes_2026.csv + fuentes.csv (MITMA/BOE/concesionarias),Red de referencia gratuita post-liberalizaciones (AP-1/AP-2/AP-4/AP-7 liberadas); ver tabla_peajes_2026.csv.,15.972,1.785,28.51,Toyota Corolla 140H e-CVT 1.8,4.5,Gasolina 95 E5,2026-10-09
R0586,Ciudad Real,San Sebastián,661.068,5.955556,0.0,official_inventory_reference_B,no_toll_expected_official_network,,tabla_peajes_2026.csv + fuentes.csv (MITMA/BOE/concesionarias),Red de referencia gratuita post-liberalizaciones (AP-1/AP-2/AP-4/AP-7 liberadas); ver tabla_peajes_2026.csv.,29.748,1.785,53.1,Toyota Corolla 140H e-CVT 1.8,4.5,Gasolina 95 E5,2026-10-09
R0587,Ciudad Real,Santander,662.066,5.931667,0.0,official_inventory_reference_B,no_toll_expected_official_network,,tabla_peajes_2026.csv + fuentes.csv (MITMA/BOE/concesionarias),Red de referencia gratuita post-liberalizaciones (AP-1/AP-2/AP-4/AP-7 liberadas); ver tabla_peajes_2026.csv.,29.793,1.785,53.18,Toyota Corolla 140H e-CVT 1.8,4.5,Gasolina 95 E5,2026-10-09
R0588,Ciudad Real,Segovia,278.231,2.818333,0.0,official_inventory_reference_B,no_toll_expected_official_network,,tabla_peajes_2026.csv + fuentes.csv (MITMA/BOE/concesionarias),Red de referencia gratuita post-liberalizaciones (AP-1/AP-2/AP-4/AP-7 liberadas); ver tabla_peajes_2026.csv.,12.52,1.785,22.35,Toyota Corolla 140H e-CVT 1.8,4.5,Gasolina 95 E5,2026-10-09
R0589,Ciudad Real,Sevilla,327.558,3.290556,0.0,official_inventory_reference_B,no_toll_expected_official_network,,tabla_peajes_2026.csv + fuentes.csv (MITMA/BOE/concesionarias),Red de referencia gratuita post-liberalizaciones (AP-1/AP-2/AP-4/AP-7 liberadas); ver tabla_peajes_2026.csv.,14.74,1.785,26.31,Toyota Corolla 140H e-CVT 1.8,4.5,Gasolina 95 E5,2026-10-09
R0590,Ciudad Real,Soria,425.766,3.887222,0.0,official_inventory_reference_B,no_toll_expected_official_network,,tabla_peajes_2026.csv + fuentes.csv (MITMA/BOE/concesionarias),Red de referencia gratuita post-liberalizaciones (AP-1/AP-2/AP-4/AP-7 liberadas); ver tabla_peajes_2026.csv.,19.159,1.785,34.2,Toyota Corolla 140H e-CVT 1.8,4.5,Gasolina 95 E5,2026-10-09
R0591,Ciudad Real,Tarragona,602.922,5.208889,0.0,official_inventory_reference_B,no_toll_expected_official_network,,tabla_peajes_2026.csv + fuentes.csv (MITMA/BOE/concesionarias),Red de referencia gratuita post-liberalizaciones (AP-1/AP-2/AP-4/AP-7 liberadas); ver tabla_peajes_2026.csv.,27.131,1.785,48.43,Toyota Corolla 140H e-CVT 1.8,4.5,Gasolina 95 E5,2026-10-09
R0592,Ciudad Real,Teruel,381.967,3.666111,0.0,official_inventory_reference_B,no_toll_expected_official_network,,tabla_peajes_2026.csv + fuentes.csv (MITMA/BOE/concesionarias),Red de referencia gratuita post-liberalizaciones (AP-1/AP-2/AP-4/AP-7 liberadas); ver tabla_peajes_2026.csv.,17.189,1.785,30.68,Toyota Corolla 140H e-CVT 1.8,4.5,Gasolina 95 E5,2026-10-09
R0593,Ciudad Real,Toledo,123.084,1.400833,0.0,official_inventory_reference_B,no_toll_expected_official_network,,tabla_peajes_2026.csv + fuentes.csv (MITMA/BOE/concesionarias),Red de referencia gratuita post-liberalizaciones (AP-1/AP-2/AP-4/AP-7 liberadas); ver tabla_peajes_2026.csv.,5.539,1.785,9.89,Toyota Corolla 140H e-CVT 1.8,4.5,Gasolina 95 E5,2026-10-09
R0594,Ciudad Real,Valencia,351.947,3.100556,0.0,official_inventory_reference_B,no_toll_expected_official_network,,tabla_peajes_2026.csv + fuentes.csv (MITMA/BOE/concesionarias),Red de referencia gratuita post-liberalizaciones (AP-1/AP-2/AP-4/AP-7 liberadas); ver tabla_peajes_2026.csv.,15.838,1.785,28.27,Toyota Corolla 140H e-CVT 1.8,4.5,Gasolina 95 E5,2026-10-09
R0595,Ciudad Real,Valladolid,396.967,3.814167,0.0,official_inventory_reference_B,no_toll_expected_official_network,,tabla_peajes_2026.csv + fuentes.csv (MITMA/BOE/concesionarias),Red de referencia gratuita post-liberalizaciones (AP-1/AP-2/AP-4/AP-7 liberadas); ver tabla_peajes_2026.csv.,17.864,1.785,31.89,Toyota Corolla 140H e-CVT 1.8,4.5,Gasolina 95 E5,2026-10-09
R0596,Ciudad Real,Vitoria-Gasteiz,561.098,5.063889,0.0,official_inventory_reference_B,no_toll_expected_official_network,,tabla_peajes_2026.csv + fuentes.csv (MITMA/BOE/concesionarias),Red de referencia gratuita post-liberalizaciones (AP-1/AP-2/AP-4/AP-7 liberadas); ver tabla_peajes_2026.csv.,25.249,1.785,45.07,Toyota Corolla 140H e-CVT 1.8,4.5,Gasolina 95 E5,2026-10-09
R0597,Ciudad Real,Zamora,448.79,4.386111,0.0,official_inventory_reference_B,no_toll_expected_official_network,,tabla_peajes_2026.csv + fuentes.csv (MITMA/BOE/concesionarias),Red de referencia gratuita post-liberalizaciones (AP-1/AP-2/AP-4/AP-7 liberadas); ver tabla_peajes_2026.csv.,20.196,1.785,36.05,Toyota Corolla 140H e-CVT 1.8,4.5,Gasolina 95 E5,2026-10-09
R0598,Ciudad Real,Zaragoza,516.916,4.754722,0.0,official_inventory_reference_B,no_toll_expected_official_network,,tabla_peajes_2026.csv + fuentes.csv (MITMA/BOE/concesionarias),Red de referencia gratuita post-liberalizaciones (AP-1/AP-2/AP-4/AP-7 liberadas); ver tabla_peajes_2026.csv.,23.261,1.785,41.52,Toyota Corolla 140H e-CVT 1.8,4.5,Gasolina 95 E5,2026-10-09
R0599,Córdoba,A Coruña,991.735,8.706944,0.0,official_inventory_reference_B,no_toll_expected_official_network,,tabla_peajes_2026.csv + fuentes.csv (MITMA/BOE/concesionarias),Red de referencia gratuita post-liberalizaciones (AP-1/AP-2/AP-4/AP-7 liberadas); ver tabla_peajes_2026.csv.,44.628,1.785,79.66,Toyota Corolla 140H e-CVT 1.8,4.5,Gasolina 95 E5,2026-10-09
R0600,Córdoba,Albacete,349.811,3.598611,0.0,official_inventory_reference_B,no_toll_expected_official_network,,tabla_peajes_2026.csv + fuentes.csv (MITMA/BOE/concesionarias),Red de referencia gratuita post-liberalizaciones (AP-1/AP-2/AP-4/AP-7 liberadas); ver tabla_peajes_2026.csv.,15.741,1.785,28.1,Toyota Corolla 140H e-CVT 1.8,4.5,Gasolina 95 E5,2026-10-09
R0601,Córdoba,Alicante,512.415,4.998333,0.0,official_inventory_reference_B,no_toll_expected_official_network,,tabla_peajes_2026.csv + fuentes.csv (MITMA/BOE/concesionarias),Red de referencia gratuita post-liberalizaciones (AP-1/AP-2/AP-4/AP-7 liberadas); ver tabla_peajes_2026.csv.,23.059,1.785,41.16,Toyota Corolla 140H e-CVT 1.8,4.5,Gasolina 95 E5,2026-10-09
R0602,Córdoba,Almería,318.019,3.218056,0.0,official_inventory_reference_B,no_toll_expected_official_network,,tabla_peajes_2026.csv + fuentes.csv (MITMA/BOE/concesionarias),Red de referencia gratuita post-liberalizaciones (AP-1/AP-2/AP-4/AP-7 liberadas); ver tabla_peajes_2026.csv.,14.311,1.785,25.54,Toyota Corolla 140H e-CVT 1.8,4.5,Gasolina 95 E5,2026-10-09
R0603,Córdoba,Ávila,471.776,4.654167,0.0,official_inventory_reference_B,no_toll_expected_official_network,,tabla_peajes_2026.csv + fuentes.csv (MITMA/BOE/concesionarias),Red de referencia gratuita post-liberalizaciones (AP-1/AP-2/AP-4/AP-7 liberadas); ver tabla_peajes_2026.csv.,21.23,1.785,37.9,Toyota Corolla 140H e-CVT 1.8,4.5,Gasolina 95 E5,2026-10-09
R0604,Córdoba,Badajoz,266.369,3.143333,0.0,official_inventory_reference_B,no_toll_expected_official_network,,tabla_peajes_2026.csv + fuentes.csv (MITMA/BOE/concesionarias),Red de referencia gratuita post-liberalizaciones (AP-1/AP-2/AP-4/AP-7 liberadas); ver tabla_peajes_2026.csv.,11.987,1.785,21.4,Toyota Corolla 140H e-CVT 1.8,4.5,Gasolina 95 E5,2026-10-09
R0605,Córdoba,Barcelona,906.002,8.020556,0.0,official_inventory_reference_B,no_toll_expected_official_network,,tabla_peajes_2026.csv + fuentes.csv (MITMA/BOE/concesionarias),Red de referencia gratuita post-liberalizaciones (AP-1/AP-2/AP-4/AP-7 liberadas); ver tabla_peajes_2026.csv.,40.77,1.785,72.77,Toyota Corolla 140H e-CVT 1.8,4.5,Gasolina 95 E5,2026-10-09
R0606,Córdoba,Bilbao,795.082,7.101111,0.0,official_inventory_reference_B,no_toll_expected_official_network,,tabla_peajes_2026.csv + fuentes.csv (MITMA/BOE/concesionarias),Red de referencia gratuita post-liberalizaciones (AP-1/AP-2/AP-4/AP-7 liberadas); ver tabla_peajes_2026.csv.,35.779,1.785,63.86,Toyota Corolla 140H e-CVT 1.8,4.5,Gasolina 95 E5,2026-10-09
R0607,Córdoba,Burgos,640.985,5.733611,0.0,official_inventory_reference_B,no_toll_expected_official_network,,tabla_peajes_2026.csv + fuentes.csv (MITMA/BOE/concesionarias),Red de referencia gratuita post-liberalizaciones (AP-1/AP-2/AP-4/AP-7 liberadas); ver tabla_peajes_2026.csv.,28.844,1.785,51.49,Toyota Corolla 140H e-CVT 1.8,4.5,Gasolina 95 E5,2026-10-09
R0608,Córdoba,Cáceres,316.752,3.398889,0.0,official_inventory_reference_B,no_toll_expected_official_network,,tabla_peajes_2026.csv + fuentes.csv (MITMA/BOE/concesionarias),Red de referencia gratuita post-liberalizaciones (AP-1/AP-2/AP-4/AP-7 liberadas); ver tabla_peajes_2026.csv.,14.254,1.785,25.44,Toyota Corolla 140H e-CVT 1.8,4.5,Gasolina 95 E5,2026-10-09
R0609,Córdoba,Cádiz,257.789,2.369167,0.0,official_inventory_reference_B,no_toll_expected_official_network,,tabla_peajes_2026.csv + fuentes.csv (MITMA/BOE/concesionarias),Red de referencia gratuita post-liberalizaciones (AP-1/AP-2/AP-4/AP-7 liberadas); ver tabla_peajes_2026.csv.,11.601,1.785,20.71,Toyota Corolla 140H e-CVT 1.8,4.5,Gasolina 95 E5,2026-10-09
R0610,Córdoba,Castellón de la Plana,637.098,5.703333,0.0,official_inventory_reference_B,no_toll_expected_official_network,,tabla_peajes_2026.csv + fuentes.csv (MITMA/BOE/concesionarias),Red de referencia gratuita post-liberalizaciones (AP-1/AP-2/AP-4/AP-7 liberadas); ver tabla_peajes_2026.csv.,28.669,1.785,51.17,Toyota Corolla 140H e-CVT 1.8,4.5,Gasolina 95 E5,2026-10-09
R0611,Córdoba,Ciudad Real,190.083,2.053611,0.0,official_inventory_reference_B,no_toll_expected_official_network,,tabla_peajes_2026.csv + fuentes.csv (MITMA/BOE/concesionarias),Red de referencia gratuita post-liberalizaciones (AP-1/AP-2/AP-4/AP-7 liberadas); ver tabla_peajes_2026.csv.,8.554,1.785,15.27,Toyota Corolla 140H e-CVT 1.8,4.5,Gasolina 95 E5,2026-10-09
R0612,Córdoba,Cuenca,456.996,4.195556,0.0,official_inventory_reference_B,no_toll_expected_official_network,,tabla_peajes_2026.csv + fuentes.csv (MITMA/BOE/concesionarias),Red de referencia gratuita post-liberalizaciones (AP-1/AP-2/AP-4/AP-7 liberadas); ver tabla_peajes_2026.csv.,20.565,1.785,36.71,Toyota Corolla 140H e-CVT 1.8,4.5,Gasolina 95 E5,2026-10-09
R0613,Córdoba,Girona,998.533,8.738611,0.0,official_inventory_reference_B,no_toll_expected_official_network,,tabla_peajes_2026.csv + fuentes.csv (MITMA/BOE/concesionarias),Red de referencia gratuita post-liberalizaciones (AP-1/AP-2/AP-4/AP-7 liberadas); ver tabla_peajes_2026.csv.,44.934,1.785,80.21,Toyota Corolla 140H e-CVT 1.8,4.5,Gasolina 95 E5,2026-10-09
R0614,Córdoba,Granada,167.923,1.973611,0.0,official_inventory_reference_B,no_toll_expected_official_network,,tabla_peajes_2026.csv + fuentes.csv (MITMA/BOE/concesionarias),Red de referencia gratuita post-liberalizaciones (AP-1/AP-2/AP-4/AP-7 liberadas); ver tabla_peajes_2026.csv.,7.557,1.785,13.49,Toyota Corolla 140H e-CVT 1.8,4.5,Gasolina 95 E5,2026-10-09
R0615,Córdoba,Guadalajara,445.595,4.1025,0.0,official_inventory_reference_B,no_toll_expected_official_network,,tabla_peajes_2026.csv + fuentes.csv (MITMA/BOE/concesionarias),Red de referencia gratuita post-liberalizaciones (AP-1/AP-2/AP-4/AP-7 liberadas); ver tabla_peajes_2026.csv.,20.052,1.785,35.79,Toyota Corolla 140H e-CVT 1.8,4.5,Gasolina 95 E5,2026-10-09
R0616,Córdoba,Huelva,235.874,2.181111,0.0,official_inventory_reference_B,no_toll_expected_official_network,,tabla_peajes_2026.csv + fuentes.csv (MITMA/BOE/concesionarias),Red de referencia gratuita post-liberalizaciones (AP-1/AP-2/AP-4/AP-7 liberadas); ver tabla_peajes_2026.csv.,10.614,1.785,18.95,Toyota Corolla 140H e-CVT 1.8,4.5,Gasolina 95 E5,2026-10-09
R0617,Córdoba,Huesca,774.22,6.976389,0.0,official_inventory_reference_B,no_toll_expected_official_network,,tabla_peajes_2026.csv + fuentes.csv (MITMA/BOE/concesionarias),Red de referencia gratuita post-liberalizaciones (AP-1/AP-2/AP-4/AP-7 liberadas); ver tabla_peajes_2026.csv.,34.84,1.785,62.19,Toyota Corolla 140H e-CVT 1.8,4.5,Gasolina 95 E5,2026-10-09
R0618,Córdoba,Jaén,118.092,1.261111,0.0,official_inventory_reference_B,no_toll_expected_official_network,,tabla_peajes_2026.csv + fuentes.csv (MITMA/BOE/concesionarias),Red de referencia gratuita post-liberalizaciones (AP-1/AP-2/AP-4/AP-7 liberadas); ver tabla_peajes_2026.csv.,5.314,1.785,9.49,Toyota Corolla 140H e-CVT 1.8,4.5,Gasolina 95 E5,2026-10-09
R0619,Córdoba,León,727.755,6.827222,0.0,official_inventory_reference_B,no_toll_expected_official_network,,tabla_peajes_2026.csv + fuentes.csv (MITMA/BOE/concesionarias),Red de referencia gratuita post-liberalizaciones (AP-1/AP-2/AP-4/AP-7 liberadas); ver tabla_peajes_2026.csv.,32.749,1.785,58.46,Toyota Corolla 140H e-CVT 1.8,4.5,Gasolina 95 E5,2026-10-09
R0620,Córdoba,Lleida,846.576,7.549722,0.0,official_inventory_reference_B,no_toll_expected_official_network,,tabla_peajes_2026.csv + fuentes.csv (MITMA/BOE/concesionarias),Red de referencia gratuita post-liberalizaciones (AP-1/AP-2/AP-4/AP-7 liberadas); ver tabla_peajes_2026.csv.,38.096,1.785,68.0,Toyota Corolla 140H e-CVT 1.8,4.5,Gasolina 95 E5,2026-10-09
R0621,Córdoba,Logroño,713.553,6.668056,0.0,official_inventory_reference_B,no_toll_expected_official_network,,tabla_peajes_2026.csv + fuentes.csv (MITMA/BOE/concesionarias),Red de referencia gratuita post-liberalizaciones (AP-1/AP-2/AP-4/AP-7 liberadas); ver tabla_peajes_2026.csv.,32.11,1.785,57.32,Toyota Corolla 140H e-CVT 1.8,4.5,Gasolina 95 E5,2026-10-09
R0622,Córdoba,Lugo,895.833,7.8925,0.0,official_inventory_reference_B,no_toll_expected_official_network,,tabla_peajes_2026.csv + fuentes.csv (MITMA/BOE/concesionarias),Red de referencia gratuita post-liberalizaciones (AP-1/AP-2/AP-4/AP-7 liberadas); ver tabla_peajes_2026.csv.,40.312,1.785,71.96,Toyota Corolla 140H e-CVT 1.8,4.5,Gasolina 95 E5,2026-10-09
R0623,Córdoba,Madrid,394.85,3.7075,0.0,official_inventory_reference_B,no_toll_expected_official_network,,tabla_peajes_2026.csv + fuentes.csv (MITMA/BOE/concesionarias),Red de referencia gratuita post-liberalizaciones (AP-1/AP-2/AP-4/AP-7 liberadas); ver tabla_peajes_2026.csv.,17.768,1.785,31.72,Toyota Corolla 140H e-CVT 1.8,4.5,Gasolina 95 E5,2026-10-09
R0624,Córdoba,Málaga,157.319,2.321111,0.0,official_inventory_reference_B,no_toll_expected_official_network,,tabla_peajes_2026.csv + fuentes.csv (MITMA/BOE/concesionarias),Red de referencia gratuita post-liberalizaciones (AP-1/AP-2/AP-4/AP-7 liberadas); ver tabla_peajes_2026.csv.,7.079,1.785,12.64,Toyota Corolla 140H e-CVT 1.8,4.5,Gasolina 95 E5,2026-10-09
R0625,Córdoba,Murcia,482.226,4.761389,0.0,official_inventory_reference_B,no_toll_expected_official_network,,tabla_peajes_2026.csv + fuentes.csv (MITMA/BOE/concesionarias),Red de referencia gratuita post-liberalizaciones (AP-1/AP-2/AP-4/AP-7 liberadas); ver tabla_peajes_2026.csv.,21.7,1.785,38.73,Toyota Corolla 140H e-CVT 1.8,4.5,Gasolina 95 E5,2026-10-09
R0626,Córdoba,Ourense,846.89,8.1525,0.0,official_inventory_reference_B,no_toll_expected_official_network,,tabla_peajes_2026.csv + fuentes.csv (MITMA/BOE/concesionarias),Red de referencia gratuita post-liberalizaciones (AP-1/AP-2/AP-4/AP-7 liberadas); ver tabla_peajes_2026.csv.,38.11,1.785,68.03,Toyota Corolla 140H e-CVT 1.8,4.5,Gasolina 95 E5,2026-10-09
R0627,Córdoba,Oviedo,842.231,7.560556,16.2,official_inventory_reference_B,valued_official_2026,AP-66 Campomanes-León,tabla_peajes_2026.csv + fuentes.csv (MITMA/BOE/concesionarias),Paso del Huerna hacia la Meseta/sur; sin alternativa rápida equivalente.,37.9,1.785,67.65,Toyota Corolla 140H e-CVT 1.8,4.5,Gasolina 95 E5,2026-10-09
R0628,Córdoba,Palencia,650.438,5.880833,0.0,official_inventory_reference_B,no_toll_expected_official_network,,tabla_peajes_2026.csv + fuentes.csv (MITMA/BOE/concesionarias),Red de referencia gratuita post-liberalizaciones (AP-1/AP-2/AP-4/AP-7 liberadas); ver tabla_peajes_2026.csv.,29.27,1.785,52.25,Toyota Corolla 140H e-CVT 1.8,4.5,Gasolina 95 E5,2026-10-09
R0629,Córdoba,Pamplona,792.178,7.326111,0.0,official_inventory_reference_B,no_toll_expected_official_network,,tabla_peajes_2026.csv + fuentes.csv (MITMA/BOE/concesionarias),Red de referencia gratuita post-liberalizaciones (AP-1/AP-2/AP-4/AP-7 liberadas); ver tabla_peajes_2026.csv.,35.648,1.785,63.63,Toyota Corolla 140H e-CVT 1.8,4.5,Gasolina 95 E5,2026-10-09
R0630,Córdoba,Pontevedra,839.424,8.631111,0.0,official_inventory_reference_B,no_toll_expected_official_network,,tabla_peajes_2026.csv + fuentes.csv (MITMA/BOE/concesionarias),Red de referencia gratuita post-liberalizaciones (AP-1/AP-2/AP-4/AP-7 liberadas); ver tabla_peajes_2026.csv.,37.774,1.785,67.43,Toyota Corolla 140H e-CVT 1.8,4.5,Gasolina 95 E5,2026-10-09
R0631,Córdoba,Salamanca,517.918,5.049722,0.0,official_inventory_reference_B,no_toll_expected_official_network,,tabla_peajes_2026.csv + fuentes.csv (MITMA/BOE/concesionarias),Red de referencia gratuita post-liberalizaciones (AP-1/AP-2/AP-4/AP-7 liberadas); ver tabla_peajes_2026.csv.,23.306,1.785,41.6,Toyota Corolla 140H e-CVT 1.8,4.5,Gasolina 95 E5,2026-10-09
R0632,Córdoba,San Sebastián,850.23,7.618333,0.0,official_inventory_reference_B,no_toll_expected_official_network,,tabla_peajes_2026.csv + fuentes.csv (MITMA/BOE/concesionarias),Red de referencia gratuita post-liberalizaciones (AP-1/AP-2/AP-4/AP-7 liberadas); ver tabla_peajes_2026.csv.,38.26,1.785,68.29,Toyota Corolla 140H e-CVT 1.8,4.5,Gasolina 95 E5,2026-10-09
R0633,Córdoba,Santander,851.228,7.594444,0.0,official_inventory_reference_B,no_toll_expected_official_network,,tabla_peajes_2026.csv + fuentes.csv (MITMA/BOE/concesionarias),Red de referencia gratuita post-liberalizaciones (AP-1/AP-2/AP-4/AP-7 liberadas); ver tabla_peajes_2026.csv.,38.305,1.785,68.37,Toyota Corolla 140H e-CVT 1.8,4.5,Gasolina 95 E5,2026-10-09
R0634,Córdoba,Segovia,485.768,4.512222,0.0,official_inventory_reference_B,no_toll_expected_official_network,,tabla_peajes_2026.csv + fuentes.csv (MITMA/BOE/concesionarias),Red de referencia gratuita post-liberalizaciones (AP-1/AP-2/AP-4/AP-7 liberadas); ver tabla_peajes_2026.csv.,21.86,1.785,39.02,Toyota Corolla 140H e-CVT 1.8,4.5,Gasolina 95 E5,2026-10-09
R0635,Córdoba,Sevilla,143.451,1.410278,0.0,official_inventory_reference_B,no_toll_expected_official_network,,tabla_peajes_2026.csv + fuentes.csv (MITMA/BOE/concesionarias),Red de referencia gratuita post-liberalizaciones (AP-1/AP-2/AP-4/AP-7 liberadas); ver tabla_peajes_2026.csv.,6.455,1.785,11.52,Toyota Corolla 140H e-CVT 1.8,4.5,Gasolina 95 E5,2026-10-09
R0636,Córdoba,Soria,614.928,5.55,0.0,official_inventory_reference_B,no_toll_expected_official_network,,tabla_peajes_2026.csv + fuentes.csv (MITMA/BOE/concesionarias),Red de referencia gratuita post-liberalizaciones (AP-1/AP-2/AP-4/AP-7 liberadas); ver tabla_peajes_2026.csv.,27.672,1.785,49.39,Toyota Corolla 140H e-CVT 1.8,4.5,Gasolina 95 E5,2026-10-09
R0637,Córdoba,Tarragona,814.949,7.165278,0.0,official_inventory_reference_B,no_toll_expected_official_network,,tabla_peajes_2026.csv + fuentes.csv (MITMA/BOE/concesionarias),Red de referencia gratuita post-liberalizaciones (AP-1/AP-2/AP-4/AP-7 liberadas); ver tabla_peajes_2026.csv.,36.673,1.785,65.46,Toyota Corolla 140H e-CVT 1.8,4.5,Gasolina 95 E5,2026-10-09
R0638,Córdoba,Teruel,593.994,5.6225,0.0,official_inventory_reference_B,no_toll_expected_official_network,,tabla_peajes_2026.csv + fuentes.csv (MITMA/BOE/concesionarias),Red de referencia gratuita post-liberalizaciones (AP-1/AP-2/AP-4/AP-7 liberadas); ver tabla_peajes_2026.csv.,26.73,1.785,47.71,Toyota Corolla 140H e-CVT 1.8,4.5,Gasolina 95 E5,2026-10-09
R0639,Córdoba,Toledo,343.819,3.191667,0.0,official_inventory_reference_B,no_toll_expected_official_network,,tabla_peajes_2026.csv + fuentes.csv (MITMA/BOE/concesionarias),Red de referencia gratuita post-liberalizaciones (AP-1/AP-2/AP-4/AP-7 liberadas); ver tabla_peajes_2026.csv.,15.472,1.785,27.62,Toyota Corolla 140H e-CVT 1.8,4.5,Gasolina 95 E5,2026-10-09
R0640,Córdoba,Valencia,563.976,5.058611,0.0,official_inventory_reference_B,no_toll_expected_official_network,,tabla_peajes_2026.csv + fuentes.csv (MITMA/BOE/concesionarias),Red de referencia gratuita post-liberalizaciones (AP-1/AP-2/AP-4/AP-7 liberadas); ver tabla_peajes_2026.csv.,25.379,1.785,45.3,Toyota Corolla 140H e-CVT 1.8,4.5,Gasolina 95 E5,2026-10-09
R0641,Córdoba,Valladolid,604.498,5.508056,0.0,official_inventory_reference_B,no_toll_expected_official_network,,tabla_peajes_2026.csv + fuentes.csv (MITMA/BOE/concesionarias),Red de referencia gratuita post-liberalizaciones (AP-1/AP-2/AP-4/AP-7 liberadas); ver tabla_peajes_2026.csv.,27.202,1.785,48.56,Toyota Corolla 140H e-CVT 1.8,4.5,Gasolina 95 E5,2026-10-09
R0642,Córdoba,Vitoria-Gasteiz,750.26,6.726667,0.0,official_inventory_reference_B,no_toll_expected_official_network,,tabla_peajes_2026.csv + fuentes.csv (MITMA/BOE/concesionarias),Red de referencia gratuita post-liberalizaciones (AP-1/AP-2/AP-4/AP-7 liberadas); ver tabla_peajes_2026.csv.,33.762,1.785,60.26,Toyota Corolla 140H e-CVT 1.8,4.5,Gasolina 95 E5,2026-10-09
R0643,Córdoba,Zamora,656.321,6.079722,0.0,official_inventory_reference_B,no_toll_expected_official_network,,tabla_peajes_2026.csv + fuentes.csv (MITMA/BOE/concesionarias),Red de referencia gratuita post-liberalizaciones (AP-1/AP-2/AP-4/AP-7 liberadas); ver tabla_peajes_2026.csv.,29.534,1.785,52.72,Toyota Corolla 140H e-CVT 1.8,4.5,Gasolina 95 E5,2026-10-09
R0644,Córdoba,Zaragoza,706.078,6.4175,0.0,official_inventory_reference_B,no_toll_expected_official_network,,tabla_peajes_2026.csv + fuentes.csv (MITMA/BOE/concesionarias),Red de referencia gratuita post-liberalizaciones (AP-1/AP-2/AP-4/AP-7 liberadas); ver tabla_peajes_2026.csv.,31.774,1.785,56.72,Toyota Corolla 140H e-CVT 1.8,4.5,Gasolina 95 E5,2026-10-09
R0645,Cuenca,A Coruña,782.315,6.798889,0.0,official_inventory_reference_B,no_toll_expected_official_network,,tabla_peajes_2026.csv + fuentes.csv (MITMA/BOE/concesionarias),Red de referencia gratuita post-liberalizaciones (AP-1/AP-2/AP-4/AP-7 liberadas); ver tabla_peajes_2026.csv.,35.204,1.785,62.84,Toyota Corolla 140H e-CVT 1.8,4.5,Gasolina 95 E5,2026-10-09
R0646,Cuenca,Albacete,163.344,1.605833,0.0,official_inventory_reference_B,no_toll_expected_official_network,,tabla_peajes_2026.csv + fuentes.csv (MITMA/BOE/concesionarias),Red de referencia gratuita post-liberalizaciones (AP-1/AP-2/AP-4/AP-7 liberadas); ver tabla_peajes_2026.csv.,7.35,1.785,13.12,Toyota Corolla 140H e-CVT 1.8,4.5,Gasolina 95 E5,2026-10-09
R0647,Cuenca,Alicante,327.518,3.004444,0.0,official_inventory_reference_B,no_toll_expected_official_network,,tabla_peajes_2026.csv + fuentes.csv (MITMA/BOE/concesionarias),Red de referencia gratuita post-liberalizaciones (AP-1/AP-2/AP-4/AP-7 liberadas); ver tabla_peajes_2026.csv.,14.738,1.785,26.31,Toyota Corolla 140H e-CVT 1.8,4.5,Gasolina 95 E5,2026-10-09
R0648,Cuenca,Almería,497.702,4.418611,0.0,official_inventory_reference_B,no_toll_expected_official_network,,tabla_peajes_2026.csv + fuentes.csv (MITMA/BOE/concesionarias),Red de referencia gratuita post-liberalizaciones (AP-1/AP-2/AP-4/AP-7 liberadas); ver tabla_peajes_2026.csv.,22.397,1.785,39.98,Toyota Corolla 140H e-CVT 1.8,4.5,Gasolina 95 E5,2026-10-09
R0649,Cuenca,Ávila,298.577,2.791111,0.0,official_inventory_reference_B,no_toll_expected_official_network,,tabla_peajes_2026.csv + fuentes.csv (MITMA/BOE/concesionarias),Red de referencia gratuita post-liberalizaciones (AP-1/AP-2/AP-4/AP-7 liberadas); ver tabla_peajes_2026.csv.,13.436,1.785,23.98,Toyota Corolla 140H e-CVT 1.8,4.5,Gasolina 95 E5,2026-10-09
R0650,Cuenca,Badajoz,543.27,4.943333,0.0,official_inventory_reference_B,no_toll_expected_official_network,,tabla_peajes_2026.csv + fuentes.csv (MITMA/BOE/concesionarias),Red de referencia gratuita post-liberalizaciones (AP-1/AP-2/AP-4/AP-7 liberadas); ver tabla_peajes_2026.csv.,24.447,1.785,43.64,Toyota Corolla 140H e-CVT 1.8,4.5,Gasolina 95 E5,2026-10-09
R0651,Cuenca,Barcelona,540.779,5.032222,0.0,official_inventory_reference_B,no_toll_expected_official_network,,tabla_peajes_2026.csv + fuentes.csv (MITMA/BOE/concesionarias),Red de referencia gratuita post-liberalizaciones (AP-1/AP-2/AP-4/AP-7 liberadas); ver tabla_peajes_2026.csv.,24.335,1.785,43.44,Toyota Corolla 140H e-CVT 1.8,4.5,Gasolina 95 E5,2026-10-09
R0652,Cuenca,Bilbao,493.097,5.138333,0.0,official_inventory_reference_B,no_toll_expected_official_network,,tabla_peajes_2026.csv + fuentes.csv (MITMA/BOE/concesionarias),Red de referencia gratuita post-liberalizaciones (AP-1/AP-2/AP-4/AP-7 liberadas); ver tabla_peajes_2026.csv.,22.189,1.785,39.61,Toyota Corolla 140H e-CVT 1.8,4.5,Gasolina 95 E5,2026-10-09
R0653,Cuenca,Burgos,402.236,3.560556,0.0,official_inventory_reference_B,no_toll_expected_official_network,,tabla_peajes_2026.csv + fuentes.csv (MITMA/BOE/concesionarias),Red de referencia gratuita post-liberalizaciones (AP-1/AP-2/AP-4/AP-7 liberadas); ver tabla_peajes_2026.csv.,18.101,1.785,32.31,Toyota Corolla 140H e-CVT 1.8,4.5,Gasolina 95 E5,2026-10-09
R0654,Cuenca,Cáceres,441.14,4.1075,0.0,official_inventory_reference_B,no_toll_expected_official_network,,tabla_peajes_2026.csv + fuentes.csv (MITMA/BOE/concesionarias),Red de referencia gratuita post-liberalizaciones (AP-1/AP-2/AP-4/AP-7 liberadas); ver tabla_peajes_2026.csv.,19.851,1.785,35.43,Toyota Corolla 140H e-CVT 1.8,4.5,Gasolina 95 E5,2026-10-09
R0655,Cuenca,Cádiz,682.532,6.185278,0.0,official_inventory_reference_B,no_toll_expected_official_network,,tabla_peajes_2026.csv + fuentes.csv (MITMA/BOE/concesionarias),Red de referencia gratuita post-liberalizaciones (AP-1/AP-2/AP-4/AP-7 liberadas); ver tabla_peajes_2026.csv.,30.714,1.785,54.82,Toyota Corolla 140H e-CVT 1.8,4.5,Gasolina 95 E5,2026-10-09
R0656,Cuenca,Castellón de la Plana,271.866,2.713056,0.0,official_inventory_reference_B,no_toll_expected_official_network,,tabla_peajes_2026.csv + fuentes.csv (MITMA/BOE/concesionarias),Red de referencia gratuita post-liberalizaciones (AP-1/AP-2/AP-4/AP-7 liberadas); ver tabla_peajes_2026.csv.,12.234,1.785,21.84,Toyota Corolla 140H e-CVT 1.8,4.5,Gasolina 95 E5,2026-10-09
R0657,Cuenca,Ciudad Real,261.505,2.428889,0.0,official_inventory_reference_B,no_toll_expected_official_network,,tabla_peajes_2026.csv + fuentes.csv (MITMA/BOE/concesionarias),Red de referencia gratuita post-liberalizaciones (AP-1/AP-2/AP-4/AP-7 liberadas); ver tabla_peajes_2026.csv.,11.768,1.785,21.01,Toyota Corolla 140H e-CVT 1.8,4.5,Gasolina 95 E5,2026-10-09
R0658,Cuenca,Córdoba,431.24,4.034722,0.0,official_inventory_reference_B,no_toll_expected_official_network,,tabla_peajes_2026.csv + fuentes.csv (MITMA/BOE/concesionarias),Red de referencia gratuita post-liberalizaciones (AP-1/AP-2/AP-4/AP-7 liberadas); ver tabla_peajes_2026.csv.,19.406,1.785,34.64,Toyota Corolla 140H e-CVT 1.8,4.5,Gasolina 95 E5,2026-10-09
R0659,Cuenca,Girona,633.31,5.750278,0.0,official_inventory_reference_B,no_toll_expected_official_network,,tabla_peajes_2026.csv + fuentes.csv (MITMA/BOE/concesionarias),Red de referencia gratuita post-liberalizaciones (AP-1/AP-2/AP-4/AP-7 liberadas); ver tabla_peajes_2026.csv.,28.499,1.785,50.87,Toyota Corolla 140H e-CVT 1.8,4.5,Gasolina 95 E5,2026-10-09
R0660,Cuenca,Granada,455.635,4.136667,0.0,official_inventory_reference_B,no_toll_expected_official_network,,tabla_peajes_2026.csv + fuentes.csv (MITMA/BOE/concesionarias),Red de referencia gratuita post-liberalizaciones (AP-1/AP-2/AP-4/AP-7 liberadas); ver tabla_peajes_2026.csv.,20.504,1.785,36.6,Toyota Corolla 140H e-CVT 1.8,4.5,Gasolina 95 E5,2026-10-09
R0661,Cuenca,Guadalajara,136.536,1.677778,0.0,official_inventory_reference_B,no_toll_expected_official_network,,tabla_peajes_2026.csv + fuentes.csv (MITMA/BOE/concesionarias),Red de referencia gratuita post-liberalizaciones (AP-1/AP-2/AP-4/AP-7 liberadas); ver tabla_peajes_2026.csv.,6.144,1.785,10.97,Toyota Corolla 140H e-CVT 1.8,4.5,Gasolina 95 E5,2026-10-09
R0662,Cuenca,Huelva,660.62,5.997778,0.0,official_inventory_reference_B,no_toll_expected_official_network,,tabla_peajes_2026.csv + fuentes.csv (MITMA/BOE/concesionarias),Red de referencia gratuita post-liberalizaciones (AP-1/AP-2/AP-4/AP-7 liberadas); ver tabla_peajes_2026.csv.,29.728,1.785,53.06,Toyota Corolla 140H e-CVT 1.8,4.5,Gasolina 95 E5,2026-10-09
R0663,Cuenca,Huesca,396.819,3.862222,0.0,official_inventory_reference_B,no_toll_expected_official_network,,tabla_peajes_2026.csv + fuentes.csv (MITMA/BOE/concesionarias),Red de referencia gratuita post-liberalizaciones (AP-1/AP-2/AP-4/AP-7 liberadas); ver tabla_peajes_2026.csv.,17.857,1.785,31.87,Toyota Corolla 140H e-CVT 1.8,4.5,Gasolina 95 E5,2026-10-09
R0664,Cuenca,Jaén,367.967,3.383611,0.0,official_inventory_reference_B,no_toll_expected_official_network,,tabla_peajes_2026.csv + fuentes.csv (MITMA/BOE/concesionarias),Red de referencia gratuita post-liberalizaciones (AP-1/AP-2/AP-4/AP-7 liberadas); ver tabla_peajes_2026.csv.,16.559,1.785,29.56,Toyota Corolla 140H e-CVT 1.8,4.5,Gasolina 95 E5,2026-10-09
R0665,Cuenca,León,523.407,4.668056,0.0,official_inventory_reference_B,no_toll_expected_official_network,,tabla_peajes_2026.csv + fuentes.csv (MITMA/BOE/concesionarias),Red de referencia gratuita post-liberalizaciones (AP-1/AP-2/AP-4/AP-7 liberadas); ver tabla_peajes_2026.csv.,23.553,1.785,42.04,Toyota Corolla 140H e-CVT 1.8,4.5,Gasolina 95 E5,2026-10-09
R0666,Cuenca,Lleida,533.121,4.939167,0.0,official_inventory_reference_B,no_toll_expected_official_network,,tabla_peajes_2026.csv + fuentes.csv (MITMA/BOE/concesionarias),Red de referencia gratuita post-liberalizaciones (AP-1/AP-2/AP-4/AP-7 liberadas); ver tabla_peajes_2026.csv.,23.99,1.785,42.82,Toyota Corolla 140H e-CVT 1.8,4.5,Gasolina 95 E5,2026-10-09
R0667,Cuenca,Logroño,371.874,4.050556,0.0,official_inventory_reference_B,no_toll_expected_official_network,,tabla_peajes_2026.csv + fuentes.csv (MITMA/BOE/concesionarias),Red de referencia gratuita post-liberalizaciones (AP-1/AP-2/AP-4/AP-7 liberadas); ver tabla_peajes_2026.csv.,16.734,1.785,29.87,Toyota Corolla 140H e-CVT 1.8,4.5,Gasolina 95 E5,2026-10-09
R0668,Cuenca,Lugo,686.413,5.984444,0.0,official_inventory_reference_B,no_toll_expected_official_network,,tabla_peajes_2026.csv + fuentes.csv (MITMA/BOE/concesionarias),Red de referencia gratuita post-liberalizaciones (AP-1/AP-2/AP-4/AP-7 liberadas); ver tabla_peajes_2026.csv.,30.889,1.785,55.14,Toyota Corolla 140H e-CVT 1.8,4.5,Gasolina 95 E5,2026-10-09
R0669,Cuenca,Madrid,168.052,1.613056,0.0,official_inventory_reference_B,no_toll_expected_official_network,,tabla_peajes_2026.csv + fuentes.csv (MITMA/BOE/concesionarias),Red de referencia gratuita post-liberalizaciones (AP-1/AP-2/AP-4/AP-7 liberadas); ver tabla_peajes_2026.csv.,7.562,1.785,13.5,Toyota Corolla 140H e-CVT 1.8,4.5,Gasolina 95 E5,2026-10-09
R0670,Cuenca,Málaga,565.071,5.878333,0.0,official_inventory_reference_B,no_toll_expected_official_network,,tabla_peajes_2026.csv + fuentes.csv (MITMA/BOE/concesionarias),Red de referencia gratuita post-liberalizaciones (AP-1/AP-2/AP-4/AP-7 liberadas); ver tabla_peajes_2026.csv.,25.428,1.785,45.39,Toyota Corolla 140H e-CVT 1.8,4.5,Gasolina 95 E5,2026-10-09
R0671,Cuenca,Murcia,305.805,2.857778,0.0,official_inventory_reference_B,no_toll_expected_official_network,,tabla_peajes_2026.csv + fuentes.csv (MITMA/BOE/concesionarias),Red de referencia gratuita post-liberalizaciones (AP-1/AP-2/AP-4/AP-7 liberadas); ver tabla_peajes_2026.csv.,13.761,1.785,24.56,Toyota Corolla 140H e-CVT 1.8,4.5,Gasolina 95 E5,2026-10-09
R0672,Cuenca,Ourense,686.825,6.160278,0.0,official_inventory_reference_B,no_toll_expected_official_network,,tabla_peajes_2026.csv + fuentes.csv (MITMA/BOE/concesionarias),Red de referencia gratuita post-liberalizaciones (AP-1/AP-2/AP-4/AP-7 liberadas); ver tabla_peajes_2026.csv.,30.907,1.785,55.17,Toyota Corolla 140H e-CVT 1.8,4.5,Gasolina 95 E5,2026-10-09
R0673,Cuenca,Oviedo,632.811,5.6525,16.2,official_inventory_reference_B,valued_official_2026,AP-66 Campomanes-León,tabla_peajes_2026.csv + fuentes.csv (MITMA/BOE/concesionarias),Paso del Huerna hacia la Meseta/sur; sin alternativa rápida equivalente.,28.476,1.785,50.83,Toyota Corolla 140H e-CVT 1.8,4.5,Gasolina 95 E5,2026-10-09
R0674,Cuenca,Palencia,405.312,3.914722,0.0,official_inventory_reference_B,no_toll_expected_official_network,,tabla_peajes_2026.csv + fuentes.csv (MITMA/BOE/concesionarias),Red de referencia gratuita post-liberalizaciones (AP-1/AP-2/AP-4/AP-7 liberadas); ver tabla_peajes_2026.csv.,18.239,1.785,32.56,Toyota Corolla 140H e-CVT 1.8,4.5,Gasolina 95 E5,2026-10-09
R0675,Cuenca,Pamplona,450.499,4.708333,0.0,official_inventory_reference_B,no_toll_expected_official_network,,tabla_peajes_2026.csv + fuentes.csv (MITMA/BOE/concesionarias),Red de referencia gratuita post-liberalizaciones (AP-1/AP-2/AP-4/AP-7 liberadas); ver tabla_peajes_2026.csv.,20.272,1.785,36.19,Toyota Corolla 140H e-CVT 1.8,4.5,Gasolina 95 E5,2026-10-09
R0676,Cuenca,Pontevedra,774.107,7.243889,0.0,official_inventory_reference_B,no_toll_expected_official_network,,tabla_peajes_2026.csv + fuentes.csv (MITMA/BOE/concesionarias),Red de referencia gratuita post-liberalizaciones (AP-1/AP-2/AP-4/AP-7 liberadas); ver tabla_peajes_2026.csv.,34.835,1.785,62.18,Toyota Corolla 140H e-CVT 1.8,4.5,Gasolina 95 E5,2026-10-09
R0677,Cuenca,Salamanca,397.352,3.609444,0.0,official_inventory_reference_B,no_toll_expected_official_network,,tabla_peajes_2026.csv + fuentes.csv (MITMA/BOE/concesionarias),Red de referencia gratuita post-liberalizaciones (AP-1/AP-2/AP-4/AP-7 liberadas); ver tabla_peajes_2026.csv.,17.881,1.785,31.92,Toyota Corolla 140H e-CVT 1.8,4.5,Gasolina 95 E5,2026-10-09
R0678,Cuenca,San Sebastián,535.048,5.499444,0.0,official_inventory_reference_B,no_toll_expected_official_network,,tabla_peajes_2026.csv + fuentes.csv (MITMA/BOE/concesionarias),Red de referencia gratuita post-liberalizaciones (AP-1/AP-2/AP-4/AP-7 liberadas); ver tabla_peajes_2026.csv.,24.077,1.785,42.98,Toyota Corolla 140H e-CVT 1.8,4.5,Gasolina 95 E5,2026-10-09
R0679,Cuenca,Santander,612.479,5.421389,0.0,official_inventory_reference_B,no_toll_expected_official_network,,tabla_peajes_2026.csv + fuentes.csv (MITMA/BOE/concesionarias),Red de referencia gratuita post-liberalizaciones (AP-1/AP-2/AP-4/AP-7 liberadas); ver tabla_peajes_2026.csv.,27.562,1.785,49.2,Toyota Corolla 140H e-CVT 1.8,4.5,Gasolina 95 E5,2026-10-09
R0680,Cuenca,Segovia,276.348,2.604167,0.0,official_inventory_reference_B,no_toll_expected_official_network,,tabla_peajes_2026.csv + fuentes.csv (MITMA/BOE/concesionarias),Red de referencia gratuita post-liberalizaciones (AP-1/AP-2/AP-4/AP-7 liberadas); ver tabla_peajes_2026.csv.,12.436,1.785,22.2,Toyota Corolla 140H e-CVT 1.8,4.5,Gasolina 95 E5,2026-10-09
R0681,Cuenca,Sevilla,568.204,5.226944,0.0,official_inventory_reference_B,no_toll_expected_official_network,,tabla_peajes_2026.csv + fuentes.csv (MITMA/BOE/concesionarias),Red de referencia gratuita post-liberalizaciones (AP-1/AP-2/AP-4/AP-7 liberadas); ver tabla_peajes_2026.csv.,25.569,1.785,45.64,Toyota Corolla 140H e-CVT 1.8,4.5,Gasolina 95 E5,2026-10-09
R0682,Cuenca,Soria,305.855,3.140278,0.0,official_inventory_reference_B,no_toll_expected_official_network,,tabla_peajes_2026.csv + fuentes.csv (MITMA/BOE/concesionarias),Red de referencia gratuita post-liberalizaciones (AP-1/AP-2/AP-4/AP-7 liberadas); ver tabla_peajes_2026.csv.,13.763,1.785,24.57,Toyota Corolla 140H e-CVT 1.8,4.5,Gasolina 95 E5,2026-10-09
R0683,Cuenca,Tarragona,449.726,4.177222,0.0,official_inventory_reference_B,no_toll_expected_official_network,,tabla_peajes_2026.csv + fuentes.csv (MITMA/BOE/concesionarias),Red de referencia gratuita post-liberalizaciones (AP-1/AP-2/AP-4/AP-7 liberadas); ver tabla_peajes_2026.csv.,20.238,1.785,36.12,Toyota Corolla 140H e-CVT 1.8,4.5,Gasolina 95 E5,2026-10-09
R0684,Cuenca,Teruel,146.624,1.7125,0.0,official_inventory_reference_B,no_toll_expected_official_network,,tabla_peajes_2026.csv + fuentes.csv (MITMA/BOE/concesionarias),Red de referencia gratuita post-liberalizaciones (AP-1/AP-2/AP-4/AP-7 liberadas); ver tabla_peajes_2026.csv.,6.598,1.785,11.78,Toyota Corolla 140H e-CVT 1.8,4.5,Gasolina 95 E5,2026-10-09
R0685,Cuenca,Toledo,184.929,1.847778,0.0,official_inventory_reference_B,no_toll_expected_official_network,,tabla_peajes_2026.csv + fuentes.csv (MITMA/BOE/concesionarias),Red de referencia gratuita post-liberalizaciones (AP-1/AP-2/AP-4/AP-7 liberadas); ver tabla_peajes_2026.csv.,8.322,1.785,14.85,Toyota Corolla 140H e-CVT 1.8,4.5,Gasolina 95 E5,2026-10-09
R0686,Cuenca,Valencia,198.747,2.068611,0.0,official_inventory_reference_B,no_toll_expected_official_network,,tabla_peajes_2026.csv + fuentes.csv (MITMA/BOE/concesionarias),Red de referencia gratuita post-liberalizaciones (AP-1/AP-2/AP-4/AP-7 liberadas); ver tabla_peajes_2026.csv.,8.944,1.785,15.96,Toyota Corolla 140H e-CVT 1.8,4.5,Gasolina 95 E5,2026-10-09
R0687,Cuenca,Valladolid,389.716,3.591389,0.0,official_inventory_reference_B,no_toll_expected_official_network,,tabla_peajes_2026.csv + fuentes.csv (MITMA/BOE/concesionarias),Red de referencia gratuita post-liberalizaciones (AP-1/AP-2/AP-4/AP-7 liberadas); ver tabla_peajes_2026.csv.,17.537,1.785,31.3,Toyota Corolla 140H e-CVT 1.8,4.5,Gasolina 95 E5,2026-10-09
R0688,Cuenca,Vitoria-Gasteiz,511.511,4.553611,0.0,official_inventory_reference_B,no_toll_expected_official_network,,tabla_peajes_2026.csv + fuentes.csv (MITMA/BOE/concesionarias),Red de referencia gratuita post-liberalizaciones (AP-1/AP-2/AP-4/AP-7 liberadas); ver tabla_peajes_2026.csv.,23.018,1.785,41.09,Toyota Corolla 140H e-CVT 1.8,4.5,Gasolina 95 E5,2026-10-09
R0689,Cuenca,Zamora,432.139,4.119167,0.0,official_inventory_reference_B,no_toll_expected_official_network,,tabla_peajes_2026.csv + fuentes.csv (MITMA/BOE/concesionarias),Red de referencia gratuita post-liberalizaciones (AP-1/AP-2/AP-4/AP-7 liberadas); ver tabla_peajes_2026.csv.,19.446,1.785,34.71,Toyota Corolla 140H e-CVT 1.8,4.5,Gasolina 95 E5,2026-10-09
R0690,Cuenca,Zaragoza,324.138,3.273611,0.0,official_inventory_reference_B,no_toll_expected_official_network,,tabla_peajes_2026.csv + fuentes.csv (MITMA/BOE/concesionarias),Red de referencia gratuita post-liberalizaciones (AP-1/AP-2/AP-4/AP-7 liberadas); ver tabla_peajes_2026.csv.,14.586,1.785,26.04,Toyota Corolla 140H e-CVT 1.8,4.5,Gasolina 95 E5,2026-10-09
R0691,Girona,A Coruña,1162.635,10.061389,0.0,official_inventory_reference_B,no_toll_expected_official_network,,tabla_peajes_2026.csv + fuentes.csv (MITMA/BOE/concesionarias),Red de referencia gratuita post-liberalizaciones (AP-1/AP-2/AP-4/AP-7 liberadas); ver tabla_peajes_2026.csv.,52.319,1.785,93.39,Toyota Corolla 140H e-CVT 1.8,4.5,Gasolina 95 E5,2026-10-09
R0692,Girona,Albacete,603.823,5.632778,0.0,official_inventory_reference_B,no_toll_expected_official_network,,tabla_peajes_2026.csv + fuentes.csv (MITMA/BOE/concesionarias),Red de referencia gratuita post-liberalizaciones (AP-1/AP-2/AP-4/AP-7 liberadas); ver tabla_peajes_2026.csv.,27.172,1.785,48.5,Toyota Corolla 140H e-CVT 1.8,4.5,Gasolina 95 E5,2026-10-09
R0693,Girona,Alicante,629.277,5.568056,0.0,official_inventory_reference_B,no_toll_expected_official_network,,tabla_peajes_2026.csv + fuentes.csv (MITMA/BOE/concesionarias),Red de referencia gratuita post-liberalizaciones (AP-1/AP-2/AP-4/AP-7 liberadas); ver tabla_peajes_2026.csv.,28.317,1.785,50.55,Toyota Corolla 140H e-CVT 1.8,4.5,Gasolina 95 E5,2026-10-09
R0694,Girona,Almería,859.716,7.488333,0.0,official_inventory_reference_B,no_toll_expected_official_network,,tabla_peajes_2026.csv + fuentes.csv (MITMA/BOE/concesionarias),Red de referencia gratuita post-liberalizaciones (AP-1/AP-2/AP-4/AP-7 liberadas); ver tabla_peajes_2026.csv.,38.687,1.785,69.06,Toyota Corolla 140H e-CVT 1.8,4.5,Gasolina 95 E5,2026-10-09
R0695,Girona,Ávila,806.079,7.196389,0.0,official_inventory_reference_B,no_toll_expected_official_network,,tabla_peajes_2026.csv + fuentes.csv (MITMA/BOE/concesionarias),Red de referencia gratuita post-liberalizaciones (AP-1/AP-2/AP-4/AP-7 liberadas); ver tabla_peajes_2026.csv.,36.274,1.785,64.75,Toyota Corolla 140H e-CVT 1.8,4.5,Gasolina 95 E5,2026-10-09
R0696,Girona,Badajoz,1096.484,9.511111,0.0,official_inventory_reference_B,no_toll_expected_official_network,,tabla_peajes_2026.csv + fuentes.csv (MITMA/BOE/concesionarias),Red de referencia gratuita post-liberalizaciones (AP-1/AP-2/AP-4/AP-7 liberadas); ver tabla_peajes_2026.csv.,49.342,1.785,88.08,Toyota Corolla 140H e-CVT 1.8,4.5,Gasolina 95 E5,2026-10-09
R0697,Girona,Barcelona,103.116,1.041944,0.0,official_inventory_reference_B,no_toll_expected_official_network,,tabla_peajes_2026.csv + fuentes.csv (MITMA/BOE/concesionarias),Red de referencia gratuita post-liberalizaciones (AP-1/AP-2/AP-4/AP-7 liberadas); ver tabla_peajes_2026.csv.,4.64,1.785,8.28,Toyota Corolla 140H e-CVT 1.8,4.5,Gasolina 95 E5,2026-10-09
R0698,Girona,Bilbao,678.782,5.909167,0.0,official_inventory_reference_B,toll_possible_not_valued,AP-68 / red foral (Bidegi),tabla_peajes_2026.csv + fuentes.csv (MITMA/BOE/concesionarias),Peaje posible para ligeros; tarifa no verificada hoy. Ampliar manual con Bidegi/autopistas.com. tax=0 provisional.,30.545,1.785,54.52,Toyota Corolla 140H e-CVT 1.8,4.5,Gasolina 95 E5,2026-10-09
R0699,Girona,Burgos,674.155,5.924444,0.0,official_inventory_reference_B,no_toll_expected_official_network,,tabla_peajes_2026.csv + fuentes.csv (MITMA/BOE/concesionarias),Red de referencia gratuita post-liberalizaciones (AP-1/AP-2/AP-4/AP-7 liberadas); ver tabla_peajes_2026.csv.,30.337,1.785,54.15,Toyota Corolla 140H e-CVT 1.8,4.5,Gasolina 95 E5,2026-10-09
R0700,Girona,Cáceres,994.35,8.675278,0.0,official_inventory_reference_B,no_toll_expected_official_network,,tabla_peajes_2026.csv + fuentes.csv (MITMA/BOE/concesionarias),Red de referencia gratuita post-liberalizaciones (AP-1/AP-2/AP-4/AP-7 liberadas); ver tabla_peajes_2026.csv.,44.746,1.785,79.87,Toyota Corolla 140H e-CVT 1.8,4.5,Gasolina 95 E5,2026-10-09
R0701,Girona,Cádiz,1207.222,10.616111,0.0,official_inventory_reference_B,no_toll_expected_official_network,,tabla_peajes_2026.csv + fuentes.csv (MITMA/BOE/concesionarias),Red de referencia gratuita post-liberalizaciones (AP-1/AP-2/AP-4/AP-7 liberadas); ver tabla_peajes_2026.csv.,54.325,1.785,96.97,Toyota Corolla 140H e-CVT 1.8,4.5,Gasolina 95 E5,2026-10-09
R0702,Girona,Castellón de la Plana,372.769,3.437778,0.0,official_inventory_reference_B,no_toll_expected_official_network,,tabla_peajes_2026.csv + fuentes.csv (MITMA/BOE/concesionarias),Red de referencia gratuita post-liberalizaciones (AP-1/AP-2/AP-4/AP-7 liberadas); ver tabla_peajes_2026.csv.,16.775,1.785,29.94,Toyota Corolla 140H e-CVT 1.8,4.5,Gasolina 95 E5,2026-10-09
R0703,Girona,Ciudad Real,787.238,6.880833,0.0,official_inventory_reference_B,no_toll_expected_official_network,,tabla_peajes_2026.csv + fuentes.csv (MITMA/BOE/concesionarias),Red de referencia gratuita post-liberalizaciones (AP-1/AP-2/AP-4/AP-7 liberadas); ver tabla_peajes_2026.csv.,35.426,1.785,63.23,Toyota Corolla 140H e-CVT 1.8,4.5,Gasolina 95 E5,2026-10-09
R0704,Girona,Córdoba,956.973,8.486111,0.0,official_inventory_reference_B,no_toll_expected_official_network,,tabla_peajes_2026.csv + fuentes.csv (MITMA/BOE/concesionarias),Red de referencia gratuita post-liberalizaciones (AP-1/AP-2/AP-4/AP-7 liberadas); ver tabla_peajes_2026.csv.,43.064,1.785,76.87,Toyota Corolla 140H e-CVT 1.8,4.5,Gasolina 95 E5,2026-10-09
R0705,Girona,Cuenca,632.726,5.819722,0.0,official_inventory_reference_B,no_toll_expected_official_network,,tabla_peajes_2026.csv + fuentes.csv (MITMA/BOE/concesionarias),Red de referencia gratuita post-liberalizaciones (AP-1/AP-2/AP-4/AP-7 liberadas); ver tabla_peajes_2026.csv.,28.473,1.785,50.82,Toyota Corolla 140H e-CVT 1.8,4.5,Gasolina 95 E5,2026-10-09
R0706,Girona,Granada,929.83,8.261389,0.0,official_inventory_reference_B,no_toll_expected_official_network,,tabla_peajes_2026.csv + fuentes.csv (MITMA/BOE/concesionarias),Red de referencia gratuita post-liberalizaciones (AP-1/AP-2/AP-4/AP-7 liberadas); ver tabla_peajes_2026.csv.,41.842,1.785,74.69,Toyota Corolla 140H e-CVT 1.8,4.5,Gasolina 95 E5,2026-10-09
R0707,Girona,Guadalajara,632.383,5.564722,0.0,official_inventory_reference_B,no_toll_expected_official_network,,tabla_peajes_2026.csv + fuentes.csv (MITMA/BOE/concesionarias),Red de referencia gratuita post-liberalizaciones (AP-1/AP-2/AP-4/AP-7 liberadas); ver tabla_peajes_2026.csv.,28.457,1.785,50.8,Toyota Corolla 140H e-CVT 1.8,4.5,Gasolina 95 E5,2026-10-09
R0708,Girona,Huelva,1185.319,10.428889,0.0,official_inventory_reference_B,no_toll_expected_official_network,,tabla_peajes_2026.csv + fuentes.csv (MITMA/BOE/concesionarias),Red de referencia gratuita post-liberalizaciones (AP-1/AP-2/AP-4/AP-7 liberadas); ver tabla_peajes_2026.csv.,53.339,1.785,95.21,Toyota Corolla 140H e-CVT 1.8,4.5,Gasolina 95 E5,2026-10-09
R0709,Girona,Huesca,345.535,3.171667,0.0,official_inventory_reference_B,no_toll_expected_official_network,,tabla_peajes_2026.csv + fuentes.csv (MITMA/BOE/concesionarias),Red de referencia gratuita post-liberalizaciones (AP-1/AP-2/AP-4/AP-7 liberadas); ver tabla_peajes_2026.csv.,15.549,1.785,27.76,Toyota Corolla 140H e-CVT 1.8,4.5,Gasolina 95 E5,2026-10-09
R0710,Girona,Jaén,892.659,7.814444,0.0,official_inventory_reference_B,no_toll_expected_official_network,,tabla_peajes_2026.csv + fuentes.csv (MITMA/BOE/concesionarias),Red de referencia gratuita post-liberalizaciones (AP-1/AP-2/AP-4/AP-7 liberadas); ver tabla_peajes_2026.csv.,40.17,1.785,71.7,Toyota Corolla 140H e-CVT 1.8,4.5,Gasolina 95 E5,2026-10-09
R0711,Girona,León,847.279,7.378889,0.0,official_inventory_reference_B,no_toll_expected_official_network,,tabla_peajes_2026.csv + fuentes.csv (MITMA/BOE/concesionarias),Red de referencia gratuita post-liberalizaciones (AP-1/AP-2/AP-4/AP-7 liberadas); ver tabla_peajes_2026.csv.,38.128,1.785,68.06,Toyota Corolla 140H e-CVT 1.8,4.5,Gasolina 95 E5,2026-10-09
R0712,Girona,Lleida,227.664,2.096111,0.0,official_inventory_reference_B,no_toll_expected_official_network,,tabla_peajes_2026.csv + fuentes.csv (MITMA/BOE/concesionarias),Red de referencia gratuita post-liberalizaciones (AP-1/AP-2/AP-4/AP-7 liberadas); ver tabla_peajes_2026.csv.,10.245,1.785,18.29,Toyota Corolla 140H e-CVT 1.8,4.5,Gasolina 95 E5,2026-10-09
R0713,Girona,Logroño,545.8,4.773611,0.0,official_inventory_reference_B,no_toll_expected_official_network,,tabla_peajes_2026.csv + fuentes.csv (MITMA/BOE/concesionarias),Red de referencia gratuita post-liberalizaciones (AP-1/AP-2/AP-4/AP-7 liberadas); ver tabla_peajes_2026.csv.,24.561,1.785,43.84,Toyota Corolla 140H e-CVT 1.8,4.5,Gasolina 95 E5,2026-10-09
R0714,Girona,Lugo,1066.731,9.246667,0.0,official_inventory_reference_B,no_toll_expected_official_network,,tabla_peajes_2026.csv + fuentes.csv (MITMA/BOE/concesionarias),Red de referencia gratuita post-liberalizaciones (AP-1/AP-2/AP-4/AP-7 liberadas); ver tabla_peajes_2026.csv.,48.003,1.785,85.69,Toyota Corolla 140H e-CVT 1.8,4.5,Gasolina 95 E5,2026-10-09
R0715,Girona,Madrid,689.864,6.114444,0.0,official_inventory_reference_B,no_toll_expected_official_network,,tabla_peajes_2026.csv + fuentes.csv (MITMA/BOE/concesionarias),Red de referencia gratuita post-liberalizaciones (AP-1/AP-2/AP-4/AP-7 liberadas); ver tabla_peajes_2026.csv.,31.044,1.785,55.41,Toyota Corolla 140H e-CVT 1.8,4.5,Gasolina 95 E5,2026-10-09
R0716,Girona,Málaga,1052.541,10.041667,0.0,official_inventory_reference_B,no_toll_expected_official_network,,tabla_peajes_2026.csv + fuentes.csv (MITMA/BOE/concesionarias),Red de referencia gratuita post-liberalizaciones (AP-1/AP-2/AP-4/AP-7 liberadas); ver tabla_peajes_2026.csv.,47.364,1.785,84.55,Toyota Corolla 140H e-CVT 1.8,4.5,Gasolina 95 E5,2026-10-09
R0717,Girona,Murcia,667.823,5.927222,0.0,official_inventory_reference_B,no_toll_expected_official_network,,tabla_peajes_2026.csv + fuentes.csv (MITMA/BOE/concesionarias),Red de referencia gratuita post-liberalizaciones (AP-1/AP-2/AP-4/AP-7 liberadas); ver tabla_peajes_2026.csv.,30.052,1.785,53.64,Toyota Corolla 140H e-CVT 1.8,4.5,Gasolina 95 E5,2026-10-09
R0718,Girona,Ourense,1128.214,9.873611,0.0,official_inventory_reference_B,no_toll_expected_official_network,,tabla_peajes_2026.csv + fuentes.csv (MITMA/BOE/concesionarias),Red de referencia gratuita post-liberalizaciones (AP-1/AP-2/AP-4/AP-7 liberadas); ver tabla_peajes_2026.csv.,50.77,1.785,90.62,Toyota Corolla 140H e-CVT 1.8,4.5,Gasolina 95 E5,2026-10-09
R0719,Girona,Oviedo,967.801,8.48,0.0,official_inventory_reference_B,no_toll_expected_official_network,,tabla_peajes_2026.csv + fuentes.csv (MITMA/BOE/concesionarias),Corredor cantábrico/pirenaico sin AP-66 en la referencia.,43.551,1.785,77.74,Toyota Corolla 140H e-CVT 1.8,4.5,Gasolina 95 E5,2026-10-09
R0720,Girona,Palencia,759.717,6.662222,0.0,official_inventory_reference_B,no_toll_expected_official_network,,tabla_peajes_2026.csv + fuentes.csv (MITMA/BOE/concesionarias),Red de referencia gratuita post-liberalizaciones (AP-1/AP-2/AP-4/AP-7 liberadas); ver tabla_peajes_2026.csv.,34.187,1.785,61.02,Toyota Corolla 140H e-CVT 1.8,4.5,Gasolina 95 E5,2026-10-09
R0721,Girona,Pamplona,501.734,4.818056,0.0,official_inventory_reference_B,no_toll_expected_official_network,,tabla_peajes_2026.csv + fuentes.csv (MITMA/BOE/concesionarias),Red de referencia gratuita post-liberalizaciones (AP-1/AP-2/AP-4/AP-7 liberadas); ver tabla_peajes_2026.csv.,22.578,1.785,40.3,Toyota Corolla 140H e-CVT 1.8,4.5,Gasolina 95 E5,2026-10-09
R0722,Girona,Pontevedra,1215.497,10.9575,0.0,official_inventory_reference_B,no_toll_expected_official_network,,tabla_peajes_2026.csv + fuentes.csv (MITMA/BOE/concesionarias),Red de referencia gratuita post-liberalizaciones (AP-1/AP-2/AP-4/AP-7 liberadas); ver tabla_peajes_2026.csv.,54.697,1.785,97.63,Toyota Corolla 140H e-CVT 1.8,4.5,Gasolina 95 E5,2026-10-09
R0723,Girona,Salamanca,912.007,7.978056,0.0,official_inventory_reference_B,no_toll_expected_official_network,,tabla_peajes_2026.csv + fuentes.csv (MITMA/BOE/concesionarias),Red de referencia gratuita post-liberalizaciones (AP-1/AP-2/AP-4/AP-7 liberadas); ver tabla_peajes_2026.csv.,41.04,1.785,73.26,Toyota Corolla 140H e-CVT 1.8,4.5,Gasolina 95 E5,2026-10-09
R0724,Girona,San Sebastián,637.553,5.341944,0.0,official_inventory_reference_B,no_toll_expected_official_network,,tabla_peajes_2026.csv + fuentes.csv (MITMA/BOE/concesionarias),Red de referencia gratuita post-liberalizaciones (AP-1/AP-2/AP-4/AP-7 liberadas); ver tabla_peajes_2026.csv.,28.69,1.785,51.21,Toyota Corolla 140H e-CVT 1.8,4.5,Gasolina 95 E5,2026-10-09
R0725,Girona,Santander,775.759,6.825556,0.0,official_inventory_reference_B,no_toll_expected_official_network,,tabla_peajes_2026.csv + fuentes.csv (MITMA/BOE/concesionarias),Red de referencia gratuita post-liberalizaciones (AP-1/AP-2/AP-4/AP-7 liberadas); ver tabla_peajes_2026.csv.,34.909,1.785,62.31,Toyota Corolla 140H e-CVT 1.8,4.5,Gasolina 95 E5,2026-10-09
R0726,Girona,Segovia,783.848,7.009444,0.0,official_inventory_reference_B,no_toll_expected_official_network,,tabla_peajes_2026.csv + fuentes.csv (MITMA/BOE/concesionarias),Red de referencia gratuita post-liberalizaciones (AP-1/AP-2/AP-4/AP-7 liberadas); ver tabla_peajes_2026.csv.,35.273,1.785,62.96,Toyota Corolla 140H e-CVT 1.8,4.5,Gasolina 95 E5,2026-10-09
R0727,Girona,Sevilla,1092.898,9.657778,0.0,official_inventory_reference_B,no_toll_expected_official_network,,tabla_peajes_2026.csv + fuentes.csv (MITMA/BOE/concesionarias),Red de referencia gratuita post-liberalizaciones (AP-1/AP-2/AP-4/AP-7 liberadas); ver tabla_peajes_2026.csv.,49.18,1.785,87.79,Toyota Corolla 140H e-CVT 1.8,4.5,Gasolina 95 E5,2026-10-09
R0728,Girona,Soria,529.199,4.933611,0.0,official_inventory_reference_B,no_toll_expected_official_network,,tabla_peajes_2026.csv + fuentes.csv (MITMA/BOE/concesionarias),Red de referencia gratuita post-liberalizaciones (AP-1/AP-2/AP-4/AP-7 liberadas); ver tabla_peajes_2026.csv.,23.814,1.785,42.51,Toyota Corolla 140H e-CVT 1.8,4.5,Gasolina 95 E5,2026-10-09
R0729,Girona,Tarragona,190.455,1.818333,0.0,official_inventory_reference_B,no_toll_expected_official_network,,tabla_peajes_2026.csv + fuentes.csv (MITMA/BOE/concesionarias),Red de referencia gratuita post-liberalizaciones (AP-1/AP-2/AP-4/AP-7 liberadas); ver tabla_peajes_2026.csv.,8.57,1.785,15.3,Toyota Corolla 140H e-CVT 1.8,4.5,Gasolina 95 E5,2026-10-09
R0730,Girona,Teruel,552.679,4.86,0.0,official_inventory_reference_B,no_toll_expected_official_network,,tabla_peajes_2026.csv + fuentes.csv (MITMA/BOE/concesionarias),Red de referencia gratuita post-liberalizaciones (AP-1/AP-2/AP-4/AP-7 liberadas); ver tabla_peajes_2026.csv.,24.871,1.785,44.39,Toyota Corolla 140H e-CVT 1.8,4.5,Gasolina 95 E5,2026-10-09
R0731,Girona,Toledo,762.035,6.711667,0.0,official_inventory_reference_B,no_toll_expected_official_network,,tabla_peajes_2026.csv + fuentes.csv (MITMA/BOE/concesionarias),Red de referencia gratuita post-liberalizaciones (AP-1/AP-2/AP-4/AP-7 liberadas); ver tabla_peajes_2026.csv.,34.292,1.785,61.21,Toyota Corolla 140H e-CVT 1.8,4.5,Gasolina 95 E5,2026-10-09
R0732,Girona,Valencia,443.403,3.995556,0.0,official_inventory_reference_B,no_toll_expected_official_network,,tabla_peajes_2026.csv + fuentes.csv (MITMA/BOE/concesionarias),Red de referencia gratuita post-liberalizaciones (AP-1/AP-2/AP-4/AP-7 liberadas); ver tabla_peajes_2026.csv.,19.953,1.785,35.62,Toyota Corolla 140H e-CVT 1.8,4.5,Gasolina 95 E5,2026-10-09
R0733,Girona,Valladolid,796.807,7.0,0.0,official_inventory_reference_B,no_toll_expected_official_network,,tabla_peajes_2026.csv + fuentes.csv (MITMA/BOE/concesionarias),Red de referencia gratuita post-liberalizaciones (AP-1/AP-2/AP-4/AP-7 liberadas); ver tabla_peajes_2026.csv.,35.856,1.785,64.0,Toyota Corolla 140H e-CVT 1.8,4.5,Gasolina 95 E5,2026-10-09
R0734,Girona,Vitoria-Gasteiz,632.972,5.551111,0.0,official_inventory_reference_B,no_toll_expected_official_network,,tabla_peajes_2026.csv + fuentes.csv (MITMA/BOE/concesionarias),Red de referencia gratuita post-liberalizaciones (AP-1/AP-2/AP-4/AP-7 liberadas); ver tabla_peajes_2026.csv.,28.484,1.785,50.84,Toyota Corolla 140H e-CVT 1.8,4.5,Gasolina 95 E5,2026-10-09
R0735,Girona,Zamora,903.024,8.020833,0.0,official_inventory_reference_B,no_toll_expected_official_network,,tabla_peajes_2026.csv + fuentes.csv (MITMA/BOE/concesionarias),Red de referencia gratuita post-liberalizaciones (AP-1/AP-2/AP-4/AP-7 liberadas); ver tabla_peajes_2026.csv.,40.636,1.785,72.54,Toyota Corolla 140H e-CVT 1.8,4.5,Gasolina 95 E5,2026-10-09
R0736,Girona,Zaragoza,380.298,3.457778,0.0,official_inventory_reference_B,no_toll_expected_official_network,,tabla_peajes_2026.csv + fuentes.csv (MITMA/BOE/concesionarias),Red de referencia gratuita post-liberalizaciones (AP-1/AP-2/AP-4/AP-7 liberadas); ver tabla_peajes_2026.csv.,17.113,1.785,30.55,Toyota Corolla 140H e-CVT 1.8,4.5,Gasolina 95 E5,2026-10-09
R0737,Granada,A Coruña,1016.973,8.934167,0.0,official_inventory_reference_B,no_toll_expected_official_network,,tabla_peajes_2026.csv + fuentes.csv (MITMA/BOE/concesionarias),Red de referencia gratuita post-liberalizaciones (AP-1/AP-2/AP-4/AP-7 liberadas); ver tabla_peajes_2026.csv.,45.764,1.785,81.69,Toyota Corolla 140H e-CVT 1.8,4.5,Gasolina 95 E5,2026-10-09
R0738,Granada,Albacete,351.643,3.595,0.0,official_inventory_reference_B,no_toll_expected_official_network,,tabla_peajes_2026.csv + fuentes.csv (MITMA/BOE/concesionarias),Red de referencia gratuita post-liberalizaciones (AP-1/AP-2/AP-4/AP-7 liberadas); ver tabla_peajes_2026.csv.,15.824,1.785,28.25,Toyota Corolla 140H e-CVT 1.8,4.5,Gasolina 95 E5,2026-10-09
R0739,Granada,Alicante,350.935,3.301944,0.0,official_inventory_reference_B,no_toll_expected_official_network,,tabla_peajes_2026.csv + fuentes.csv (MITMA/BOE/concesionarias),Red de referencia gratuita post-liberalizaciones (AP-1/AP-2/AP-4/AP-7 liberadas); ver tabla_peajes_2026.csv.,15.792,1.785,28.19,Toyota Corolla 140H e-CVT 1.8,4.5,Gasolina 95 E5,2026-10-09
R0740,Granada,Almería,172.807,1.555556,0.0,official_inventory_reference_B,no_toll_expected_official_network,,tabla_peajes_2026.csv + fuentes.csv (MITMA/BOE/concesionarias),Red de referencia gratuita post-liberalizaciones (AP-1/AP-2/AP-4/AP-7 liberadas); ver tabla_peajes_2026.csv.,7.776,1.785,13.88,Toyota Corolla 140H e-CVT 1.8,4.5,Gasolina 95 E5,2026-10-09
R0741,Granada,Ávila,496.993,4.880833,0.0,official_inventory_reference_B,no_toll_expected_official_network,,tabla_peajes_2026.csv + fuentes.csv (MITMA/BOE/concesionarias),Red de referencia gratuita post-liberalizaciones (AP-1/AP-2/AP-4/AP-7 liberadas); ver tabla_peajes_2026.csv.,22.365,1.785,39.92,Toyota Corolla 140H e-CVT 1.8,4.5,Gasolina 95 E5,2026-10-09
R0742,Granada,Badajoz,469.515,4.562778,0.0,official_inventory_reference_B,no_toll_expected_official_network,,tabla_peajes_2026.csv + fuentes.csv (MITMA/BOE/concesionarias),Red de referencia gratuita post-liberalizaciones (AP-1/AP-2/AP-4/AP-7 liberadas); ver tabla_peajes_2026.csv.,21.128,1.785,37.71,Toyota Corolla 140H e-CVT 1.8,4.5,Gasolina 95 E5,2026-10-09
R0743,Granada,Barcelona,839.208,7.560278,0.0,official_inventory_reference_B,no_toll_expected_official_network,,tabla_peajes_2026.csv + fuentes.csv (MITMA/BOE/concesionarias),Red de referencia gratuita post-liberalizaciones (AP-1/AP-2/AP-4/AP-7 liberadas); ver tabla_peajes_2026.csv.,37.764,1.785,67.41,Toyota Corolla 140H e-CVT 1.8,4.5,Gasolina 95 E5,2026-10-09
R0744,Granada,Bilbao,820.309,7.327778,0.0,official_inventory_reference_B,no_toll_expected_official_network,,tabla_peajes_2026.csv + fuentes.csv (MITMA/BOE/concesionarias),Red de referencia gratuita post-liberalizaciones (AP-1/AP-2/AP-4/AP-7 liberadas); ver tabla_peajes_2026.csv.,36.914,1.785,65.89,Toyota Corolla 140H e-CVT 1.8,4.5,Gasolina 95 E5,2026-10-09
R0745,Granada,Burgos,666.22,5.960278,0.0,official_inventory_reference_B,no_toll_expected_official_network,,tabla_peajes_2026.csv + fuentes.csv (MITMA/BOE/concesionarias),Red de referencia gratuita post-liberalizaciones (AP-1/AP-2/AP-4/AP-7 liberadas); ver tabla_peajes_2026.csv.,29.98,1.785,53.51,Toyota Corolla 140H e-CVT 1.8,4.5,Gasolina 95 E5,2026-10-09
R0746,Granada,Cáceres,519.635,4.804444,0.0,official_inventory_reference_B,no_toll_expected_official_network,,tabla_peajes_2026.csv + fuentes.csv (MITMA/BOE/concesionarias),Red de referencia gratuita post-liberalizaciones (AP-1/AP-2/AP-4/AP-7 liberadas); ver tabla_peajes_2026.csv.,23.384,1.785,41.74,Toyota Corolla 140H e-CVT 1.8,4.5,Gasolina 95 E5,2026-10-09
R0747,Granada,Cádiz,335.619,3.353889,0.0,official_inventory_reference_B,no_toll_expected_official_network,,tabla_peajes_2026.csv + fuentes.csv (MITMA/BOE/concesionarias),Red de referencia gratuita post-liberalizaciones (AP-1/AP-2/AP-4/AP-7 liberadas); ver tabla_peajes_2026.csv.,15.103,1.785,26.96,Toyota Corolla 140H e-CVT 1.8,4.5,Gasolina 95 E5,2026-10-09
R0748,Granada,Castellón de la Plana,570.306,5.241389,0.0,official_inventory_reference_B,no_toll_expected_official_network,,tabla_peajes_2026.csv + fuentes.csv (MITMA/BOE/concesionarias),Red de referencia gratuita post-liberalizaciones (AP-1/AP-2/AP-4/AP-7 liberadas); ver tabla_peajes_2026.csv.,25.664,1.785,45.81,Toyota Corolla 140H e-CVT 1.8,4.5,Gasolina 95 E5,2026-10-09
R0749,Granada,Ciudad Real,297.63,2.780278,0.0,official_inventory_reference_B,no_toll_expected_official_network,,tabla_peajes_2026.csv + fuentes.csv (MITMA/BOE/concesionarias),Red de referencia gratuita post-liberalizaciones (AP-1/AP-2/AP-4/AP-7 liberadas); ver tabla_peajes_2026.csv.,13.393,1.785,23.91,Toyota Corolla 140H e-CVT 1.8,4.5,Gasolina 95 E5,2026-10-09
R0750,Granada,Córdoba,164.653,2.0075,0.0,official_inventory_reference_B,no_toll_expected_official_network,,tabla_peajes_2026.csv + fuentes.csv (MITMA/BOE/concesionarias),Red de referencia gratuita post-liberalizaciones (AP-1/AP-2/AP-4/AP-7 liberadas); ver tabla_peajes_2026.csv.,7.409,1.785,13.23,Toyota Corolla 140H e-CVT 1.8,4.5,Gasolina 95 E5,2026-10-09
R0751,Granada,Cuenca,482.227,4.4225,0.0,official_inventory_reference_B,no_toll_expected_official_network,,tabla_peajes_2026.csv + fuentes.csv (MITMA/BOE/concesionarias),Red de referencia gratuita post-liberalizaciones (AP-1/AP-2/AP-4/AP-7 liberadas); ver tabla_peajes_2026.csv.,21.7,1.785,38.73,Toyota Corolla 140H e-CVT 1.8,4.5,Gasolina 95 E5,2026-10-09
R0752,Granada,Girona,931.737,8.278333,0.0,official_inventory_reference_B,no_toll_expected_official_network,,tabla_peajes_2026.csv + fuentes.csv (MITMA/BOE/concesionarias),Red de referencia gratuita post-liberalizaciones (AP-1/AP-2/AP-4/AP-7 liberadas); ver tabla_peajes_2026.csv.,41.928,1.785,74.84,Toyota Corolla 140H e-CVT 1.8,4.5,Gasolina 95 E5,2026-10-09
R0753,Granada,Guadalajara,470.82,4.329444,0.0,official_inventory_reference_B,no_toll_expected_official_network,,tabla_peajes_2026.csv + fuentes.csv (MITMA/BOE/concesionarias),Red de referencia gratuita post-liberalizaciones (AP-1/AP-2/AP-4/AP-7 liberadas); ver tabla_peajes_2026.csv.,21.187,1.785,37.82,Toyota Corolla 140H e-CVT 1.8,4.5,Gasolina 95 E5,2026-10-09
R0754,Granada,Huelva,354.104,3.373333,0.0,official_inventory_reference_B,no_toll_expected_official_network,,tabla_peajes_2026.csv + fuentes.csv (MITMA/BOE/concesionarias),Red de referencia gratuita post-liberalizaciones (AP-1/AP-2/AP-4/AP-7 liberadas); ver tabla_peajes_2026.csv.,15.935,1.785,28.44,Toyota Corolla 140H e-CVT 1.8,4.5,Gasolina 95 E5,2026-10-09
R0755,Granada,Huesca,799.453,7.203333,0.0,official_inventory_reference_B,no_toll_expected_official_network,,tabla_peajes_2026.csv + fuentes.csv (MITMA/BOE/concesionarias),Red de referencia gratuita post-liberalizaciones (AP-1/AP-2/AP-4/AP-7 liberadas); ver tabla_peajes_2026.csv.,35.975,1.785,64.22,Toyota Corolla 140H e-CVT 1.8,4.5,Gasolina 95 E5,2026-10-09
R0756,Granada,Jaén,93.938,0.919722,0.0,official_inventory_reference_B,no_toll_expected_official_network,,tabla_peajes_2026.csv + fuentes.csv (MITMA/BOE/concesionarias),Red de referencia gratuita post-liberalizaciones (AP-1/AP-2/AP-4/AP-7 liberadas); ver tabla_peajes_2026.csv.,4.227,1.785,7.55,Toyota Corolla 140H e-CVT 1.8,4.5,Gasolina 95 E5,2026-10-09
R0757,Granada,León,758.059,6.803056,0.0,official_inventory_reference_B,no_toll_expected_official_network,,tabla_peajes_2026.csv + fuentes.csv (MITMA/BOE/concesionarias),Red de referencia gratuita post-liberalizaciones (AP-1/AP-2/AP-4/AP-7 liberadas); ver tabla_peajes_2026.csv.,34.113,1.785,60.89,Toyota Corolla 140H e-CVT 1.8,4.5,Gasolina 95 E5,2026-10-09
R0758,Granada,Lleida,831.553,7.467222,0.0,official_inventory_reference_B,no_toll_expected_official_network,,tabla_peajes_2026.csv + fuentes.csv (MITMA/BOE/concesionarias),Red de referencia gratuita post-liberalizaciones (AP-1/AP-2/AP-4/AP-7 liberadas); ver tabla_peajes_2026.csv.,37.42,1.785,66.79,Toyota Corolla 140H e-CVT 1.8,4.5,Gasolina 95 E5,2026-10-09
R0759,Granada,Logroño,738.778,6.894167,0.0,official_inventory_reference_B,no_toll_expected_official_network,,tabla_peajes_2026.csv + fuentes.csv (MITMA/BOE/concesionarias),Red de referencia gratuita post-liberalizaciones (AP-1/AP-2/AP-4/AP-7 liberadas); ver tabla_peajes_2026.csv.,33.245,1.785,59.34,Toyota Corolla 140H e-CVT 1.8,4.5,Gasolina 95 E5,2026-10-09
R0760,Granada,Lugo,921.071,8.119444,0.0,official_inventory_reference_B,no_toll_expected_official_network,,tabla_peajes_2026.csv + fuentes.csv (MITMA/BOE/concesionarias),Red de referencia gratuita post-liberalizaciones (AP-1/AP-2/AP-4/AP-7 liberadas); ver tabla_peajes_2026.csv.,41.448,1.785,73.99,Toyota Corolla 140H e-CVT 1.8,4.5,Gasolina 95 E5,2026-10-09
R0761,Granada,Madrid,420.086,3.934444,0.0,official_inventory_reference_B,no_toll_expected_official_network,,tabla_peajes_2026.csv + fuentes.csv (MITMA/BOE/concesionarias),Red de referencia gratuita post-liberalizaciones (AP-1/AP-2/AP-4/AP-7 liberadas); ver tabla_peajes_2026.csv.,18.904,1.785,33.74,Toyota Corolla 140H e-CVT 1.8,4.5,Gasolina 95 E5,2026-10-09
R0762,Granada,Málaga,126.191,2.019722,0.0,official_inventory_reference_B,no_toll_expected_official_network,,tabla_peajes_2026.csv + fuentes.csv (MITMA/BOE/concesionarias),Red de referencia gratuita post-liberalizaciones (AP-1/AP-2/AP-4/AP-7 liberadas); ver tabla_peajes_2026.csv.,5.679,1.785,10.14,Toyota Corolla 140H e-CVT 1.8,4.5,Gasolina 95 E5,2026-10-09
R0763,Granada,Murcia,278.465,2.708611,0.0,official_inventory_reference_B,no_toll_expected_official_network,,tabla_peajes_2026.csv + fuentes.csv (MITMA/BOE/concesionarias),Red de referencia gratuita post-liberalizaciones (AP-1/AP-2/AP-4/AP-7 liberadas); ver tabla_peajes_2026.csv.,12.531,1.785,22.37,Toyota Corolla 140H e-CVT 1.8,4.5,Gasolina 95 E5,2026-10-09
R0764,Granada,Ourense,921.477,8.295556,0.0,official_inventory_reference_B,no_toll_expected_official_network,,tabla_peajes_2026.csv + fuentes.csv (MITMA/BOE/concesionarias),Red de referencia gratuita post-liberalizaciones (AP-1/AP-2/AP-4/AP-7 liberadas); ver tabla_peajes_2026.csv.,41.466,1.785,74.02,Toyota Corolla 140H e-CVT 1.8,4.5,Gasolina 95 E5,2026-10-09
R0765,Granada,Oviedo,867.462,7.7875,16.2,official_inventory_reference_B,valued_official_2026,AP-66 Campomanes-León,tabla_peajes_2026.csv + fuentes.csv (MITMA/BOE/concesionarias),Paso del Huerna hacia la Meseta/sur; sin alternativa rápida equivalente.,39.036,1.785,69.68,Toyota Corolla 140H e-CVT 1.8,4.5,Gasolina 95 E5,2026-10-09
R0766,Granada,Palencia,675.669,6.107778,0.0,official_inventory_reference_B,no_toll_expected_official_network,,tabla_peajes_2026.csv + fuentes.csv (MITMA/BOE/concesionarias),Red de referencia gratuita post-liberalizaciones (AP-1/AP-2/AP-4/AP-7 liberadas); ver tabla_peajes_2026.csv.,30.405,1.785,54.27,Toyota Corolla 140H e-CVT 1.8,4.5,Gasolina 95 E5,2026-10-09
R0767,Granada,Pamplona,817.404,7.552778,0.0,official_inventory_reference_B,no_toll_expected_official_network,,tabla_peajes_2026.csv + fuentes.csv (MITMA/BOE/concesionarias),Red de referencia gratuita post-liberalizaciones (AP-1/AP-2/AP-4/AP-7 liberadas); ver tabla_peajes_2026.csv.,36.783,1.785,65.66,Toyota Corolla 140H e-CVT 1.8,4.5,Gasolina 95 E5,2026-10-09
R0768,Granada,Pontevedra,1008.76,9.379167,0.0,official_inventory_reference_B,no_toll_expected_official_network,,tabla_peajes_2026.csv + fuentes.csv (MITMA/BOE/concesionarias),Red de referencia gratuita post-liberalizaciones (AP-1/AP-2/AP-4/AP-7 liberadas); ver tabla_peajes_2026.csv.,45.394,1.785,81.03,Toyota Corolla 140H e-CVT 1.8,4.5,Gasolina 95 E5,2026-10-09
R0769,Granada,Salamanca,632.01,5.744167,0.0,official_inventory_reference_B,no_toll_expected_official_network,,tabla_peajes_2026.csv + fuentes.csv (MITMA/BOE/concesionarias),Red de referencia gratuita post-liberalizaciones (AP-1/AP-2/AP-4/AP-7 liberadas); ver tabla_peajes_2026.csv.,28.44,1.785,50.77,Toyota Corolla 140H e-CVT 1.8,4.5,Gasolina 95 E5,2026-10-09
R0770,Granada,San Sebastián,875.461,7.845,0.0,official_inventory_reference_B,no_toll_expected_official_network,,tabla_peajes_2026.csv + fuentes.csv (MITMA/BOE/concesionarias),Red de referencia gratuita post-liberalizaciones (AP-1/AP-2/AP-4/AP-7 liberadas); ver tabla_peajes_2026.csv.,39.396,1.785,70.32,Toyota Corolla 140H e-CVT 1.8,4.5,Gasolina 95 E5,2026-10-09
R0771,Granada,Santander,876.456,7.821389,0.0,official_inventory_reference_B,no_toll_expected_official_network,,tabla_peajes_2026.csv + fuentes.csv (MITMA/BOE/concesionarias),Red de referencia gratuita post-liberalizaciones (AP-1/AP-2/AP-4/AP-7 liberadas); ver tabla_peajes_2026.csv.,39.441,1.785,70.4,Toyota Corolla 140H e-CVT 1.8,4.5,Gasolina 95 E5,2026-10-09
R0772,Granada,Segovia,510.997,4.739167,0.0,official_inventory_reference_B,no_toll_expected_official_network,,tabla_peajes_2026.csv + fuentes.csv (MITMA/BOE/concesionarias),Red de referencia gratuita post-liberalizaciones (AP-1/AP-2/AP-4/AP-7 liberadas); ver tabla_peajes_2026.csv.,22.995,1.785,41.05,Toyota Corolla 140H e-CVT 1.8,4.5,Gasolina 95 E5,2026-10-09
R0773,Granada,Sevilla,256.663,2.567778,0.0,official_inventory_reference_B,no_toll_expected_official_network,,tabla_peajes_2026.csv + fuentes.csv (MITMA/BOE/concesionarias),Red de referencia gratuita post-liberalizaciones (AP-1/AP-2/AP-4/AP-7 liberadas); ver tabla_peajes_2026.csv.,11.55,1.785,20.62,Toyota Corolla 140H e-CVT 1.8,4.5,Gasolina 95 E5,2026-10-09
R0774,Granada,Soria,640.161,5.776944,0.0,official_inventory_reference_B,no_toll_expected_official_network,,tabla_peajes_2026.csv + fuentes.csv (MITMA/BOE/concesionarias),Red de referencia gratuita post-liberalizaciones (AP-1/AP-2/AP-4/AP-7 liberadas); ver tabla_peajes_2026.csv.,28.807,1.785,51.42,Toyota Corolla 140H e-CVT 1.8,4.5,Gasolina 95 E5,2026-10-09
R0775,Granada,Tarragona,748.155,6.705,0.0,official_inventory_reference_B,no_toll_expected_official_network,,tabla_peajes_2026.csv + fuentes.csv (MITMA/BOE/concesionarias),Red de referencia gratuita post-liberalizaciones (AP-1/AP-2/AP-4/AP-7 liberadas); ver tabla_peajes_2026.csv.,33.667,1.785,60.1,Toyota Corolla 140H e-CVT 1.8,4.5,Gasolina 95 E5,2026-10-09
R0776,Granada,Teruel,627.118,5.865278,0.0,official_inventory_reference_B,no_toll_expected_official_network,,tabla_peajes_2026.csv + fuentes.csv (MITMA/BOE/concesionarias),Red de referencia gratuita post-liberalizaciones (AP-1/AP-2/AP-4/AP-7 liberadas); ver tabla_peajes_2026.csv.,28.22,1.785,50.37,Toyota Corolla 140H e-CVT 1.8,4.5,Gasolina 95 E5,2026-10-09
R0777,Granada,Toledo,369.057,3.420278,0.0,official_inventory_reference_B,no_toll_expected_official_network,,tabla_peajes_2026.csv + fuentes.csv (MITMA/BOE/concesionarias),Red de referencia gratuita post-liberalizaciones (AP-1/AP-2/AP-4/AP-7 liberadas); ver tabla_peajes_2026.csv.,16.608,1.785,29.64,Toyota Corolla 140H e-CVT 1.8,4.5,Gasolina 95 E5,2026-10-09
R0778,Granada,Valencia,480.006,4.465556,0.0,official_inventory_reference_B,no_toll_expected_official_network,,tabla_peajes_2026.csv + fuentes.csv (MITMA/BOE/concesionarias),Red de referencia gratuita post-liberalizaciones (AP-1/AP-2/AP-4/AP-7 liberadas); ver tabla_peajes_2026.csv.,21.6,1.785,38.56,Toyota Corolla 140H e-CVT 1.8,4.5,Gasolina 95 E5,2026-10-09
R0779,Granada,Valladolid,629.727,5.735278,0.0,official_inventory_reference_B,no_toll_expected_official_network,,tabla_peajes_2026.csv + fuentes.csv (MITMA/BOE/concesionarias),Red de referencia gratuita post-liberalizaciones (AP-1/AP-2/AP-4/AP-7 liberadas); ver tabla_peajes_2026.csv.,28.338,1.785,50.58,Toyota Corolla 140H e-CVT 1.8,4.5,Gasolina 95 E5,2026-10-09
R0780,Granada,Vitoria-Gasteiz,775.485,6.953333,0.0,official_inventory_reference_B,no_toll_expected_official_network,,tabla_peajes_2026.csv + fuentes.csv (MITMA/BOE/concesionarias),Red de referencia gratuita post-liberalizaciones (AP-1/AP-2/AP-4/AP-7 liberadas); ver tabla_peajes_2026.csv.,34.897,1.785,62.29,Toyota Corolla 140H e-CVT 1.8,4.5,Gasolina 95 E5,2026-10-09
R0781,Granada,Zamora,681.557,6.307222,0.0,official_inventory_reference_B,no_toll_expected_official_network,,tabla_peajes_2026.csv + fuentes.csv (MITMA/BOE/concesionarias),Red de referencia gratuita post-liberalizaciones (AP-1/AP-2/AP-4/AP-7 liberadas); ver tabla_peajes_2026.csv.,30.67,1.785,54.75,Toyota Corolla 140H e-CVT 1.8,4.5,Gasolina 95 E5,2026-10-09
R0782,Granada,Zaragoza,731.314,6.644722,0.0,official_inventory_reference_B,no_toll_expected_official_network,,tabla_peajes_2026.csv + fuentes.csv (MITMA/BOE/concesionarias),Red de referencia gratuita post-liberalizaciones (AP-1/AP-2/AP-4/AP-7 liberadas); ver tabla_peajes_2026.csv.,32.909,1.785,58.74,Toyota Corolla 140H e-CVT 1.8,4.5,Gasolina 95 E5,2026-10-09
R0783,Guadalajara,A Coruña,656.652,5.778611,0.0,official_inventory_reference_B,no_toll_expected_official_network,,tabla_peajes_2026.csv + fuentes.csv (MITMA/BOE/concesionarias),Red de referencia gratuita post-liberalizaciones (AP-1/AP-2/AP-4/AP-7 liberadas); ver tabla_peajes_2026.csv.,29.549,1.785,52.75,Toyota Corolla 140H e-CVT 1.8,4.5,Gasolina 95 E5,2026-10-09
R0784,Guadalajara,Albacete,283.094,2.620556,0.0,official_inventory_reference_B,no_toll_expected_official_network,,tabla_peajes_2026.csv + fuentes.csv (MITMA/BOE/concesionarias),Red de referencia gratuita post-liberalizaciones (AP-1/AP-2/AP-4/AP-7 liberadas); ver tabla_peajes_2026.csv.,12.739,1.785,22.74,Toyota Corolla 140H e-CVT 1.8,4.5,Gasolina 95 E5,2026-10-09
R0785,Guadalajara,Alicante,447.255,4.019722,0.0,official_inventory_reference_B,no_toll_expected_official_network,,tabla_peajes_2026.csv + fuentes.csv (MITMA/BOE/concesionarias),Red de referencia gratuita post-liberalizaciones (AP-1/AP-2/AP-4/AP-7 liberadas); ver tabla_peajes_2026.csv.,20.126,1.785,35.93,Toyota Corolla 140H e-CVT 1.8,4.5,Gasolina 95 E5,2026-10-09
R0786,Guadalajara,Almería,617.442,5.433889,0.0,official_inventory_reference_B,no_toll_expected_official_network,,tabla_peajes_2026.csv + fuentes.csv (MITMA/BOE/concesionarias),Red de referencia gratuita post-liberalizaciones (AP-1/AP-2/AP-4/AP-7 liberadas); ver tabla_peajes_2026.csv.,27.785,1.785,49.6,Toyota Corolla 140H e-CVT 1.8,4.5,Gasolina 95 E5,2026-10-09
R0787,Guadalajara,Ávila,172.908,1.770556,0.0,official_inventory_reference_B,no_toll_expected_official_network,,tabla_peajes_2026.csv + fuentes.csv (MITMA/BOE/concesionarias),Red de referencia gratuita post-liberalizaciones (AP-1/AP-2/AP-4/AP-7 liberadas); ver tabla_peajes_2026.csv.,7.781,1.785,13.89,Toyota Corolla 140H e-CVT 1.8,4.5,Gasolina 95 E5,2026-10-09
R0788,Guadalajara,Badajoz,464.986,4.064167,0.0,official_inventory_reference_B,no_toll_expected_official_network,,tabla_peajes_2026.csv + fuentes.csv (MITMA/BOE/concesionarias),Red de referencia gratuita post-liberalizaciones (AP-1/AP-2/AP-4/AP-7 liberadas); ver tabla_peajes_2026.csv.,20.924,1.785,37.35,Toyota Corolla 140H e-CVT 1.8,4.5,Gasolina 95 E5,2026-10-09
R0789,Guadalajara,Barcelona,565.766,5.046944,0.0,official_inventory_reference_B,no_toll_expected_official_network,,tabla_peajes_2026.csv + fuentes.csv (MITMA/BOE/concesionarias),Red de referencia gratuita post-liberalizaciones (AP-1/AP-2/AP-4/AP-7 liberadas); ver tabla_peajes_2026.csv.,25.459,1.785,45.45,Toyota Corolla 140H e-CVT 1.8,4.5,Gasolina 95 E5,2026-10-09
R0790,Guadalajara,Bilbao,393.04,3.828056,0.0,official_inventory_reference_B,no_toll_expected_official_network,,tabla_peajes_2026.csv + fuentes.csv (MITMA/BOE/concesionarias),Red de referencia gratuita post-liberalizaciones (AP-1/AP-2/AP-4/AP-7 liberadas); ver tabla_peajes_2026.csv.,17.687,1.785,31.57,Toyota Corolla 140H e-CVT 1.8,4.5,Gasolina 95 E5,2026-10-09
R0791,Guadalajara,Burgos,266.059,2.4225,0.0,official_inventory_reference_B,no_toll_expected_official_network,,tabla_peajes_2026.csv + fuentes.csv (MITMA/BOE/concesionarias),Red de referencia gratuita post-liberalizaciones (AP-1/AP-2/AP-4/AP-7 liberadas); ver tabla_peajes_2026.csv.,11.973,1.785,21.37,Toyota Corolla 140H e-CVT 1.8,4.5,Gasolina 95 E5,2026-10-09
R0792,Guadalajara,Cáceres,362.852,3.228333,0.0,official_inventory_reference_B,no_toll_expected_official_network,,tabla_peajes_2026.csv + fuentes.csv (MITMA/BOE/concesionarias),Red de referencia gratuita post-liberalizaciones (AP-1/AP-2/AP-4/AP-7 liberadas); ver tabla_peajes_2026.csv.,16.328,1.785,29.15,Toyota Corolla 140H e-CVT 1.8,4.5,Gasolina 95 E5,2026-10-09
R0793,Guadalajara,Cádiz,697.105,6.278611,0.0,official_inventory_reference_B,no_toll_expected_official_network,,tabla_peajes_2026.csv + fuentes.csv (MITMA/BOE/concesionarias),Red de referencia gratuita post-liberalizaciones (AP-1/AP-2/AP-4/AP-7 liberadas); ver tabla_peajes_2026.csv.,31.37,1.785,55.99,Toyota Corolla 140H e-CVT 1.8,4.5,Gasolina 95 E5,2026-10-09
R0794,Guadalajara,Castellón de la Plana,403.321,4.138056,0.0,official_inventory_reference_B,no_toll_expected_official_network,,tabla_peajes_2026.csv + fuentes.csv (MITMA/BOE/concesionarias),Red de referencia gratuita post-liberalizaciones (AP-1/AP-2/AP-4/AP-7 liberadas); ver tabla_peajes_2026.csv.,18.149,1.785,32.4,Toyota Corolla 140H e-CVT 1.8,4.5,Gasolina 95 E5,2026-10-09
R0795,Guadalajara,Ciudad Real,255.214,2.4575,0.0,official_inventory_reference_B,no_toll_expected_official_network,,tabla_peajes_2026.csv + fuentes.csv (MITMA/BOE/concesionarias),Red de referencia gratuita post-liberalizaciones (AP-1/AP-2/AP-4/AP-7 liberadas); ver tabla_peajes_2026.csv.,11.485,1.785,20.5,Toyota Corolla 140H e-CVT 1.8,4.5,Gasolina 95 E5,2026-10-09
R0796,Guadalajara,Córdoba,445.815,4.1275,0.0,official_inventory_reference_B,no_toll_expected_official_network,,tabla_peajes_2026.csv + fuentes.csv (MITMA/BOE/concesionarias),Red de referencia gratuita post-liberalizaciones (AP-1/AP-2/AP-4/AP-7 liberadas); ver tabla_peajes_2026.csv.,20.062,1.785,35.81,Toyota Corolla 140H e-CVT 1.8,4.5,Gasolina 95 E5,2026-10-09
R0797,Guadalajara,Cuenca,137.289,1.704167,0.0,official_inventory_reference_B,no_toll_expected_official_network,,tabla_peajes_2026.csv + fuentes.csv (MITMA/BOE/concesionarias),Red de referencia gratuita post-liberalizaciones (AP-1/AP-2/AP-4/AP-7 liberadas); ver tabla_peajes_2026.csv.,6.178,1.785,11.03,Toyota Corolla 140H e-CVT 1.8,4.5,Gasolina 95 E5,2026-10-09
R0798,Guadalajara,Girona,631.515,5.631944,0.0,official_inventory_reference_B,no_toll_expected_official_network,,tabla_peajes_2026.csv + fuentes.csv (MITMA/BOE/concesionarias),Red de referencia gratuita post-liberalizaciones (AP-1/AP-2/AP-4/AP-7 liberadas); ver tabla_peajes_2026.csv.,28.418,1.785,50.73,Toyota Corolla 140H e-CVT 1.8,4.5,Gasolina 95 E5,2026-10-09
R0799,Guadalajara,Granada,470.21,4.230833,0.0,official_inventory_reference_B,no_toll_expected_official_network,,tabla_peajes_2026.csv + fuentes.csv (MITMA/BOE/concesionarias),Red de referencia gratuita post-liberalizaciones (AP-1/AP-2/AP-4/AP-7 liberadas); ver tabla_peajes_2026.csv.,21.159,1.785,37.77,Toyota Corolla 140H e-CVT 1.8,4.5,Gasolina 95 E5,2026-10-09
R0800,Guadalajara,Huelva,678.824,5.869722,0.0,official_inventory_reference_B,no_toll_expected_official_network,,tabla_peajes_2026.csv + fuentes.csv (MITMA/BOE/concesionarias),Red de referencia gratuita post-liberalizaciones (AP-1/AP-2/AP-4/AP-7 liberadas); ver tabla_peajes_2026.csv.,30.547,1.785,54.53,Toyota Corolla 140H e-CVT 1.8,4.5,Gasolina 95 E5,2026-10-09
R0801,Guadalajara,Huesca,332.496,3.048056,0.0,official_inventory_reference_B,no_toll_expected_official_network,,tabla_peajes_2026.csv + fuentes.csv (MITMA/BOE/concesionarias),Red de referencia gratuita post-liberalizaciones (AP-1/AP-2/AP-4/AP-7 liberadas); ver tabla_peajes_2026.csv.,14.962,1.785,26.71,Toyota Corolla 140H e-CVT 1.8,4.5,Gasolina 95 E5,2026-10-09
R0802,Guadalajara,Jaén,385.043,3.500556,0.0,official_inventory_reference_B,no_toll_expected_official_network,,tabla_peajes_2026.csv + fuentes.csv (MITMA/BOE/concesionarias),Red de referencia gratuita post-liberalizaciones (AP-1/AP-2/AP-4/AP-7 liberadas); ver tabla_peajes_2026.csv.,17.327,1.785,30.93,Toyota Corolla 140H e-CVT 1.8,4.5,Gasolina 95 E5,2026-10-09
R0803,Guadalajara,León,397.738,3.6475,0.0,official_inventory_reference_B,no_toll_expected_official_network,,tabla_peajes_2026.csv + fuentes.csv (MITMA/BOE/concesionarias),Red de referencia gratuita post-liberalizaciones (AP-1/AP-2/AP-4/AP-7 liberadas); ver tabla_peajes_2026.csv.,17.898,1.785,31.95,Toyota Corolla 140H e-CVT 1.8,4.5,Gasolina 95 E5,2026-10-09
R0804,Guadalajara,Lleida,404.85,3.621389,0.0,official_inventory_reference_B,no_toll_expected_official_network,,tabla_peajes_2026.csv + fuentes.csv (MITMA/BOE/concesionarias),Red de referencia gratuita post-liberalizaciones (AP-1/AP-2/AP-4/AP-7 liberadas); ver tabla_peajes_2026.csv.,18.218,1.785,32.52,Toyota Corolla 140H e-CVT 1.8,4.5,Gasolina 95 E5,2026-10-09
R0805,Guadalajara,Logroño,271.821,2.738889,0.0,official_inventory_reference_B,no_toll_expected_official_network,,tabla_peajes_2026.csv + fuentes.csv (MITMA/BOE/concesionarias),Red de referencia gratuita post-liberalizaciones (AP-1/AP-2/AP-4/AP-7 liberadas); ver tabla_peajes_2026.csv.,12.232,1.785,21.83,Toyota Corolla 140H e-CVT 1.8,4.5,Gasolina 95 E5,2026-10-09
R0806,Guadalajara,Lugo,560.75,4.963889,0.0,official_inventory_reference_B,no_toll_expected_official_network,,tabla_peajes_2026.csv + fuentes.csv (MITMA/BOE/concesionarias),Red de referencia gratuita post-liberalizaciones (AP-1/AP-2/AP-4/AP-7 liberadas); ver tabla_peajes_2026.csv.,25.234,1.785,45.04,Toyota Corolla 140H e-CVT 1.8,4.5,Gasolina 95 E5,2026-10-09
R0807,Guadalajara,Madrid,58.358,0.667222,0.0,official_inventory_reference_B,no_toll_expected_official_network,,tabla_peajes_2026.csv + fuentes.csv (MITMA/BOE/concesionarias),Red de referencia gratuita post-liberalizaciones (AP-1/AP-2/AP-4/AP-7 liberadas); ver tabla_peajes_2026.csv.,2.626,1.785,4.69,Toyota Corolla 140H e-CVT 1.8,4.5,Gasolina 95 E5,2026-10-09
R0808,Guadalajara,Málaga,579.65,5.971389,0.0,official_inventory_reference_B,no_toll_expected_official_network,,tabla_peajes_2026.csv + fuentes.csv (MITMA/BOE/concesionarias),Red de referencia gratuita post-liberalizaciones (AP-1/AP-2/AP-4/AP-7 liberadas); ver tabla_peajes_2026.csv.,26.084,1.785,46.56,Toyota Corolla 140H e-CVT 1.8,4.5,Gasolina 95 E5,2026-10-09
R0809,Guadalajara,Murcia,425.55,3.873056,0.0,official_inventory_reference_B,no_toll_expected_official_network,,tabla_peajes_2026.csv + fuentes.csv (MITMA/BOE/concesionarias),Red de referencia gratuita post-liberalizaciones (AP-1/AP-2/AP-4/AP-7 liberadas); ver tabla_peajes_2026.csv.,19.15,1.785,34.18,Toyota Corolla 140H e-CVT 1.8,4.5,Gasolina 95 E5,2026-10-09
R0810,Guadalajara,Ourense,561.156,5.14,0.0,official_inventory_reference_B,no_toll_expected_official_network,,tabla_peajes_2026.csv + fuentes.csv (MITMA/BOE/concesionarias),Red de referencia gratuita post-liberalizaciones (AP-1/AP-2/AP-4/AP-7 liberadas); ver tabla_peajes_2026.csv.,25.252,1.785,45.07,Toyota Corolla 140H e-CVT 1.8,4.5,Gasolina 95 E5,2026-10-09
R0811,Guadalajara,Oviedo,507.141,4.631944,16.2,official_inventory_reference_B,valued_official_2026,AP-66 Campomanes-León,tabla_peajes_2026.csv + fuentes.csv (MITMA/BOE/concesionarias),Paso del Huerna hacia la Meseta/sur; sin alternativa rápida equivalente.,22.821,1.785,40.74,Toyota Corolla 140H e-CVT 1.8,4.5,Gasolina 95 E5,2026-10-09
R0812,Guadalajara,Palencia,269.135,2.776944,0.0,official_inventory_reference_B,no_toll_expected_official_network,,tabla_peajes_2026.csv + fuentes.csv (MITMA/BOE/concesionarias),Red de referencia gratuita post-liberalizaciones (AP-1/AP-2/AP-4/AP-7 liberadas); ver tabla_peajes_2026.csv.,12.111,1.785,21.62,Toyota Corolla 140H e-CVT 1.8,4.5,Gasolina 95 E5,2026-10-09
R0813,Guadalajara,Pamplona,350.446,3.3975,0.0,official_inventory_reference_B,no_toll_expected_official_network,,tabla_peajes_2026.csv + fuentes.csv (MITMA/BOE/concesionarias),Red de referencia gratuita post-liberalizaciones (AP-1/AP-2/AP-4/AP-7 liberadas); ver tabla_peajes_2026.csv.,15.77,1.785,28.15,Toyota Corolla 140H e-CVT 1.8,4.5,Gasolina 95 E5,2026-10-09
R0814,Guadalajara,Pontevedra,648.439,6.223889,0.0,official_inventory_reference_B,no_toll_expected_official_network,,tabla_peajes_2026.csv + fuentes.csv (MITMA/BOE/concesionarias),Red de referencia gratuita post-liberalizaciones (AP-1/AP-2/AP-4/AP-7 liberadas); ver tabla_peajes_2026.csv.,29.18,1.785,52.09,Toyota Corolla 140H e-CVT 1.8,4.5,Gasolina 95 E5,2026-10-09
R0815,Guadalajara,Salamanca,271.685,2.588611,0.0,official_inventory_reference_B,no_toll_expected_official_network,,tabla_peajes_2026.csv + fuentes.csv (MITMA/BOE/concesionarias),Red de referencia gratuita post-liberalizaciones (AP-1/AP-2/AP-4/AP-7 liberadas); ver tabla_peajes_2026.csv.,12.226,1.785,21.82,Toyota Corolla 140H e-CVT 1.8,4.5,Gasolina 95 E5,2026-10-09
R0816,Guadalajara,San Sebastián,434.999,4.189167,0.0,official_inventory_reference_B,no_toll_expected_official_network,,tabla_peajes_2026.csv + fuentes.csv (MITMA/BOE/concesionarias),Red de referencia gratuita post-liberalizaciones (AP-1/AP-2/AP-4/AP-7 liberadas); ver tabla_peajes_2026.csv.,19.575,1.785,34.94,Toyota Corolla 140H e-CVT 1.8,4.5,Gasolina 95 E5,2026-10-09
R0817,Guadalajara,Santander,476.304,4.283611,0.0,official_inventory_reference_B,no_toll_expected_official_network,,tabla_peajes_2026.csv + fuentes.csv (MITMA/BOE/concesionarias),Red de referencia gratuita post-liberalizaciones (AP-1/AP-2/AP-4/AP-7 liberadas); ver tabla_peajes_2026.csv.,21.434,1.785,38.26,Toyota Corolla 140H e-CVT 1.8,4.5,Gasolina 95 E5,2026-10-09
R0818,Guadalajara,Segovia,150.677,1.583611,0.0,official_inventory_reference_B,no_toll_expected_official_network,,tabla_peajes_2026.csv + fuentes.csv (MITMA/BOE/concesionarias),Red de referencia gratuita post-liberalizaciones (AP-1/AP-2/AP-4/AP-7 liberadas); ver tabla_peajes_2026.csv.,6.78,1.785,12.1,Toyota Corolla 140H e-CVT 1.8,4.5,Gasolina 95 E5,2026-10-09
R0819,Guadalajara,Sevilla,594.628,5.159722,0.0,official_inventory_reference_B,no_toll_expected_official_network,,tabla_peajes_2026.csv + fuentes.csv (MITMA/BOE/concesionarias),Red de referencia gratuita post-liberalizaciones (AP-1/AP-2/AP-4/AP-7 liberadas); ver tabla_peajes_2026.csv.,26.758,1.785,47.76,Toyota Corolla 140H e-CVT 1.8,4.5,Gasolina 95 E5,2026-10-09
R0820,Guadalajara,Soria,173.203,1.622222,0.0,official_inventory_reference_B,no_toll_expected_official_network,,tabla_peajes_2026.csv + fuentes.csv (MITMA/BOE/concesionarias),Red de referencia gratuita post-liberalizaciones (AP-1/AP-2/AP-4/AP-7 liberadas); ver tabla_peajes_2026.csv.,7.794,1.785,13.91,Toyota Corolla 140H e-CVT 1.8,4.5,Gasolina 95 E5,2026-10-09
R0821,Guadalajara,Tarragona,487.579,4.419722,0.0,official_inventory_reference_B,no_toll_expected_official_network,,tabla_peajes_2026.csv + fuentes.csv (MITMA/BOE/concesionarias),Red de referencia gratuita post-liberalizaciones (AP-1/AP-2/AP-4/AP-7 liberadas); ver tabla_peajes_2026.csv.,21.941,1.785,39.16,Toyota Corolla 140H e-CVT 1.8,4.5,Gasolina 95 E5,2026-10-09
R0822,Guadalajara,Teruel,246.211,2.637778,0.0,official_inventory_reference_B,no_toll_expected_official_network,,tabla_peajes_2026.csv + fuentes.csv (MITMA/BOE/concesionarias),Red de referencia gratuita post-liberalizaciones (AP-1/AP-2/AP-4/AP-7 liberadas); ver tabla_peajes_2026.csv.,11.079,1.785,19.78,Toyota Corolla 140H e-CVT 1.8,4.5,Gasolina 95 E5,2026-10-09
R0823,Guadalajara,Toledo,130.531,1.264444,0.0,official_inventory_reference_B,no_toll_expected_official_network,,tabla_peajes_2026.csv + fuentes.csv (MITMA/BOE/concesionarias),Red de referencia gratuita post-liberalizaciones (AP-1/AP-2/AP-4/AP-7 liberadas); ver tabla_peajes_2026.csv.,5.874,1.785,10.48,Toyota Corolla 140H e-CVT 1.8,4.5,Gasolina 95 E5,2026-10-09
R0824,Guadalajara,Valencia,382.901,3.518333,0.0,official_inventory_reference_B,no_toll_expected_official_network,,tabla_peajes_2026.csv + fuentes.csv (MITMA/BOE/concesionarias),Red de referencia gratuita post-liberalizaciones (AP-1/AP-2/AP-4/AP-7 liberadas); ver tabla_peajes_2026.csv.,17.231,1.785,30.76,Toyota Corolla 140H e-CVT 1.8,4.5,Gasolina 95 E5,2026-10-09
R0825,Guadalajara,Valladolid,269.406,2.579722,0.0,official_inventory_reference_B,no_toll_expected_official_network,,tabla_peajes_2026.csv + fuentes.csv (MITMA/BOE/concesionarias),Red de referencia gratuita post-liberalizaciones (AP-1/AP-2/AP-4/AP-7 liberadas); ver tabla_peajes_2026.csv.,12.123,1.785,21.64,Toyota Corolla 140H e-CVT 1.8,4.5,Gasolina 95 E5,2026-10-09
R0826,Guadalajara,Vitoria-Gasteiz,375.333,3.415556,0.0,official_inventory_reference_B,no_toll_expected_official_network,,tabla_peajes_2026.csv + fuentes.csv (MITMA/BOE/concesionarias),Red de referencia gratuita post-liberalizaciones (AP-1/AP-2/AP-4/AP-7 liberadas); ver tabla_peajes_2026.csv.,16.89,1.785,30.15,Toyota Corolla 140H e-CVT 1.8,4.5,Gasolina 95 E5,2026-10-09
R0827,Guadalajara,Zamora,321.236,3.151667,0.0,official_inventory_reference_B,no_toll_expected_official_network,,tabla_peajes_2026.csv + fuentes.csv (MITMA/BOE/concesionarias),Red de referencia gratuita post-liberalizaciones (AP-1/AP-2/AP-4/AP-7 liberadas); ver tabla_peajes_2026.csv.,14.456,1.785,25.8,Toyota Corolla 140H e-CVT 1.8,4.5,Gasolina 95 E5,2026-10-09
R0828,Guadalajara,Zaragoza,264.357,2.489444,0.0,official_inventory_reference_B,no_toll_expected_official_network,,tabla_peajes_2026.csv + fuentes.csv (MITMA/BOE/concesionarias),Red de referencia gratuita post-liberalizaciones (AP-1/AP-2/AP-4/AP-7 liberadas); ver tabla_peajes_2026.csv.,11.896,1.785,21.23,Toyota Corolla 140H e-CVT 1.8,4.5,Gasolina 95 E5,2026-10-09
R0829,Huelva,A Coruña,1012.968,8.655,0.0,official_inventory_reference_B,no_toll_expected_official_network,,tabla_peajes_2026.csv + fuentes.csv (MITMA/BOE/concesionarias),Red de referencia gratuita post-liberalizaciones (AP-1/AP-2/AP-4/AP-7 liberadas); ver tabla_peajes_2026.csv.,45.584,1.785,81.37,Toyota Corolla 140H e-CVT 1.8,4.5,Gasolina 95 E5,2026-10-09
R0830,Huelva,Albacete,581.384,5.674722,0.0,official_inventory_reference_B,no_toll_expected_official_network,,tabla_peajes_2026.csv + fuentes.csv (MITMA/BOE/concesionarias),Red de referencia gratuita post-liberalizaciones (AP-1/AP-2/AP-4/AP-7 liberadas); ver tabla_peajes_2026.csv.,26.162,1.785,46.7,Toyota Corolla 140H e-CVT 1.8,4.5,Gasolina 95 E5,2026-10-09
R0831,Huelva,Alicante,699.656,6.389722,0.0,official_inventory_reference_B,no_toll_expected_official_network,,tabla_peajes_2026.csv + fuentes.csv (MITMA/BOE/concesionarias),Red de referencia gratuita post-liberalizaciones (AP-1/AP-2/AP-4/AP-7 liberadas); ver tabla_peajes_2026.csv.,31.485,1.785,56.2,Toyota Corolla 140H e-CVT 1.8,4.5,Gasolina 95 E5,2026-10-09
R0832,Huelva,Almería,509.927,4.620278,0.0,official_inventory_reference_B,no_toll_expected_official_network,,tabla_peajes_2026.csv + fuentes.csv (MITMA/BOE/concesionarias),Red de referencia gratuita post-liberalizaciones (AP-1/AP-2/AP-4/AP-7 liberadas); ver tabla_peajes_2026.csv.,22.947,1.785,40.96,Toyota Corolla 140H e-CVT 1.8,4.5,Gasolina 95 E5,2026-10-09
R0833,Huelva,Ávila,599.183,5.542778,0.0,official_inventory_reference_B,no_toll_expected_official_network,,tabla_peajes_2026.csv + fuentes.csv (MITMA/BOE/concesionarias),Red de referencia gratuita post-liberalizaciones (AP-1/AP-2/AP-4/AP-7 liberadas); ver tabla_peajes_2026.csv.,26.963,1.785,48.13,Toyota Corolla 140H e-CVT 1.8,4.5,Gasolina 95 E5,2026-10-09
R0834,Huelva,Badajoz,235.297,2.738333,0.0,official_inventory_reference_B,no_toll_expected_official_network,,tabla_peajes_2026.csv + fuentes.csv (MITMA/BOE/concesionarias),Red de referencia gratuita post-liberalizaciones (AP-1/AP-2/AP-4/AP-7 liberadas); ver tabla_peajes_2026.csv.,10.588,1.785,18.9,Toyota Corolla 140H e-CVT 1.8,4.5,Gasolina 95 E5,2026-10-09
R0835,Huelva,Barcelona,1137.563,10.095833,0.0,official_inventory_reference_B,no_toll_expected_official_network,,tabla_peajes_2026.csv + fuentes.csv (MITMA/BOE/concesionarias),Red de referencia gratuita post-liberalizaciones (AP-1/AP-2/AP-4/AP-7 liberadas); ver tabla_peajes_2026.csv.,51.19,1.785,91.37,Toyota Corolla 140H e-CVT 1.8,4.5,Gasolina 95 E5,2026-10-09
R0836,Huelva,Bilbao,945.289,8.158333,0.0,official_inventory_reference_B,no_toll_expected_official_network,,tabla_peajes_2026.csv + fuentes.csv (MITMA/BOE/concesionarias),Red de referencia gratuita post-liberalizaciones (AP-1/AP-2/AP-4/AP-7 liberadas); ver tabla_peajes_2026.csv.,42.538,1.785,75.93,Toyota Corolla 140H e-CVT 1.8,4.5,Gasolina 95 E5,2026-10-09
R0837,Huelva,Burgos,861.645,7.468611,0.0,official_inventory_reference_B,no_toll_expected_official_network,,tabla_peajes_2026.csv + fuentes.csv (MITMA/BOE/concesionarias),Red de referencia gratuita post-liberalizaciones (AP-1/AP-2/AP-4/AP-7 liberadas); ver tabla_peajes_2026.csv.,38.774,1.785,69.21,Toyota Corolla 140H e-CVT 1.8,4.5,Gasolina 95 E5,2026-10-09
R0838,Huelva,Cáceres,343.052,3.095278,0.0,official_inventory_reference_B,no_toll_expected_official_network,,tabla_peajes_2026.csv + fuentes.csv (MITMA/BOE/concesionarias),Red de referencia gratuita post-liberalizaciones (AP-1/AP-2/AP-4/AP-7 liberadas); ver tabla_peajes_2026.csv.,15.437,1.785,27.56,Toyota Corolla 140H e-CVT 1.8,4.5,Gasolina 95 E5,2026-10-09
R0839,Huelva,Cádiz,210.335,1.978611,0.0,official_inventory_reference_B,no_toll_expected_official_network,,tabla_peajes_2026.csv + fuentes.csv (MITMA/BOE/concesionarias),Red de referencia gratuita post-liberalizaciones (AP-1/AP-2/AP-4/AP-7 liberadas); ver tabla_peajes_2026.csv.,9.465,1.785,16.9,Toyota Corolla 140H e-CVT 1.8,4.5,Gasolina 95 E5,2026-10-09
R0840,Huelva,Castellón de la Plana,868.661,7.776944,0.0,official_inventory_reference_B,no_toll_expected_official_network,,tabla_peajes_2026.csv + fuentes.csv (MITMA/BOE/concesionarias),Red de referencia gratuita post-liberalizaciones (AP-1/AP-2/AP-4/AP-7 liberadas); ver tabla_peajes_2026.csv.,39.09,1.785,69.78,Toyota Corolla 140H e-CVT 1.8,4.5,Gasolina 95 E5,2026-10-09
R0841,Huelva,Ciudad Real,503.966,4.628889,0.0,official_inventory_reference_B,no_toll_expected_official_network,,tabla_peajes_2026.csv + fuentes.csv (MITMA/BOE/concesionarias),Red de referencia gratuita post-liberalizaciones (AP-1/AP-2/AP-4/AP-7 liberadas); ver tabla_peajes_2026.csv.,22.678,1.785,40.48,Toyota Corolla 140H e-CVT 1.8,4.5,Gasolina 95 E5,2026-10-09
R0842,Huelva,Córdoba,238.647,2.302778,0.0,official_inventory_reference_B,no_toll_expected_official_network,,tabla_peajes_2026.csv + fuentes.csv (MITMA/BOE/concesionarias),Red de referencia gratuita post-liberalizaciones (AP-1/AP-2/AP-4/AP-7 liberadas); ver tabla_peajes_2026.csv.,10.739,1.785,19.17,Toyota Corolla 140H e-CVT 1.8,4.5,Gasolina 95 E5,2026-10-09
R0843,Huelva,Cuenca,819.496,7.499722,0.0,official_inventory_reference_B,no_toll_expected_official_network,,tabla_peajes_2026.csv + fuentes.csv (MITMA/BOE/concesionarias),Red de referencia gratuita post-liberalizaciones (AP-1/AP-2/AP-4/AP-7 liberadas); ver tabla_peajes_2026.csv.,36.877,1.785,65.83,Toyota Corolla 140H e-CVT 1.8,4.5,Gasolina 95 E5,2026-10-09
R0844,Huelva,Girona,1230.092,10.813889,0.0,official_inventory_reference_B,no_toll_expected_official_network,,tabla_peajes_2026.csv + fuentes.csv (MITMA/BOE/concesionarias),Red de referencia gratuita post-liberalizaciones (AP-1/AP-2/AP-4/AP-7 liberadas); ver tabla_peajes_2026.csv.,55.354,1.785,98.81,Toyota Corolla 140H e-CVT 1.8,4.5,Gasolina 95 E5,2026-10-09
R0845,Huelva,Granada,353.391,3.3475,0.0,official_inventory_reference_B,no_toll_expected_official_network,,tabla_peajes_2026.csv + fuentes.csv (MITMA/BOE/concesionarias),Red de referencia gratuita post-liberalizaciones (AP-1/AP-2/AP-4/AP-7 liberadas); ver tabla_peajes_2026.csv.,15.903,1.785,28.39,Toyota Corolla 140H e-CVT 1.8,4.5,Gasolina 95 E5,2026-10-09
R0846,Huelva,Guadalajara,677.548,5.915556,0.0,official_inventory_reference_B,no_toll_expected_official_network,,tabla_peajes_2026.csv + fuentes.csv (MITMA/BOE/concesionarias),Red de referencia gratuita post-liberalizaciones (AP-1/AP-2/AP-4/AP-7 liberadas); ver tabla_peajes_2026.csv.,30.49,1.785,54.42,Toyota Corolla 140H e-CVT 1.8,4.5,Gasolina 95 E5,2026-10-09
R0847,Huelva,Huesca,1002.455,8.73,0.0,official_inventory_reference_B,no_toll_expected_official_network,,tabla_peajes_2026.csv + fuentes.csv (MITMA/BOE/concesionarias),Red de referencia gratuita post-liberalizaciones (AP-1/AP-2/AP-4/AP-7 liberadas); ver tabla_peajes_2026.csv.,45.11,1.785,80.52,Toyota Corolla 140H e-CVT 1.8,4.5,Gasolina 95 E5,2026-10-09
R0848,Huelva,Jaén,349.667,3.338056,0.0,official_inventory_reference_B,no_toll_expected_official_network,,tabla_peajes_2026.csv + fuentes.csv (MITMA/BOE/concesionarias),Red de referencia gratuita post-liberalizaciones (AP-1/AP-2/AP-4/AP-7 liberadas); ver tabla_peajes_2026.csv.,15.735,1.785,28.09,Toyota Corolla 140H e-CVT 1.8,4.5,Gasolina 95 E5,2026-10-09
R0849,Huelva,León,754.051,6.523611,0.0,official_inventory_reference_B,no_toll_expected_official_network,,tabla_peajes_2026.csv + fuentes.csv (MITMA/BOE/concesionarias),Red de referencia gratuita post-liberalizaciones (AP-1/AP-2/AP-4/AP-7 liberadas); ver tabla_peajes_2026.csv.,33.932,1.785,60.57,Toyota Corolla 140H e-CVT 1.8,4.5,Gasolina 95 E5,2026-10-09
R0850,Huelva,Lleida,1074.809,9.303056,0.0,official_inventory_reference_B,no_toll_expected_official_network,,tabla_peajes_2026.csv + fuentes.csv (MITMA/BOE/concesionarias),Red de referencia gratuita post-liberalizaciones (AP-1/AP-2/AP-4/AP-7 liberadas); ver tabla_peajes_2026.csv.,48.366,1.785,86.33,Toyota Corolla 140H e-CVT 1.8,4.5,Gasolina 95 E5,2026-10-09
R0851,Huelva,Logroño,941.78,8.420833,0.0,official_inventory_reference_B,no_toll_expected_official_network,,tabla_peajes_2026.csv + fuentes.csv (MITMA/BOE/concesionarias),Red de referencia gratuita post-liberalizaciones (AP-1/AP-2/AP-4/AP-7 liberadas); ver tabla_peajes_2026.csv.,42.38,1.785,75.65,Toyota Corolla 140H e-CVT 1.8,4.5,Gasolina 95 E5,2026-10-09
R0852,Huelva,Lugo,917.066,7.840556,0.0,official_inventory_reference_B,no_toll_expected_official_network,,tabla_peajes_2026.csv + fuentes.csv (MITMA/BOE/concesionarias),Red de referencia gratuita post-liberalizaciones (AP-1/AP-2/AP-4/AP-7 liberadas); ver tabla_peajes_2026.csv.,41.268,1.785,73.66,Toyota Corolla 140H e-CVT 1.8,4.5,Gasolina 95 E5,2026-10-09
R0853,Huelva,Madrid,618.085,5.408333,0.0,official_inventory_reference_B,no_toll_expected_official_network,,tabla_peajes_2026.csv + fuentes.csv (MITMA/BOE/concesionarias),Red de referencia gratuita post-liberalizaciones (AP-1/AP-2/AP-4/AP-7 liberadas); ver tabla_peajes_2026.csv.,27.814,1.785,49.65,Toyota Corolla 140H e-CVT 1.8,4.5,Gasolina 95 E5,2026-10-09
R0854,Huelva,Málaga,308.668,3.65,0.0,official_inventory_reference_B,no_toll_expected_official_network,,tabla_peajes_2026.csv + fuentes.csv (MITMA/BOE/concesionarias),Red de referencia gratuita post-liberalizaciones (AP-1/AP-2/AP-4/AP-7 liberadas); ver tabla_peajes_2026.csv.,13.89,1.785,24.79,Toyota Corolla 140H e-CVT 1.8,4.5,Gasolina 95 E5,2026-10-09
R0855,Huelva,Murcia,627.188,5.796944,0.0,official_inventory_reference_B,no_toll_expected_official_network,,tabla_peajes_2026.csv + fuentes.csv (MITMA/BOE/concesionarias),Red de referencia gratuita post-liberalizaciones (AP-1/AP-2/AP-4/AP-7 liberadas); ver tabla_peajes_2026.csv.,28.223,1.785,50.38,Toyota Corolla 140H e-CVT 1.8,4.5,Gasolina 95 E5,2026-10-09
R0856,Huelva,Ourense,860.784,7.5225,0.0,official_inventory_reference_B,no_toll_expected_official_network,,tabla_peajes_2026.csv + fuentes.csv (MITMA/BOE/concesionarias),Red de referencia gratuita post-liberalizaciones (AP-1/AP-2/AP-4/AP-7 liberadas); ver tabla_peajes_2026.csv.,38.735,1.785,69.14,Toyota Corolla 140H e-CVT 1.8,4.5,Gasolina 95 E5,2026-10-09
R0857,Huelva,Oviedo,863.457,7.508611,16.2,official_inventory_reference_B,valued_official_2026,AP-66 Campomanes-León,tabla_peajes_2026.csv + fuentes.csv (MITMA/BOE/concesionarias),Paso del Huerna hacia la Meseta/sur; sin alternativa rápida equivalente.,38.856,1.785,69.36,Toyota Corolla 140H e-CVT 1.8,4.5,Gasolina 95 E5,2026-10-09
R0858,Huelva,Palencia,713.27,6.171667,0.0,official_inventory_reference_B,no_toll_expected_official_network,,tabla_peajes_2026.csv + fuentes.csv (MITMA/BOE/concesionarias),Red de referencia gratuita post-liberalizaciones (AP-1/AP-2/AP-4/AP-7 liberadas); ver tabla_peajes_2026.csv.,32.097,1.785,57.29,Toyota Corolla 140H e-CVT 1.8,4.5,Gasolina 95 E5,2026-10-09
R0859,Huelva,Pamplona,996.494,8.606111,0.0,official_inventory_reference_B,no_toll_expected_official_network,,tabla_peajes_2026.csv + fuentes.csv (MITMA/BOE/concesionarias),Red de referencia gratuita post-liberalizaciones (AP-1/AP-2/AP-4/AP-7 liberadas); ver tabla_peajes_2026.csv.,44.842,1.785,80.04,Toyota Corolla 140H e-CVT 1.8,4.5,Gasolina 95 E5,2026-10-09
R0860,Huelva,Pontevedra,818.953,7.355278,0.0,official_inventory_reference_B,no_toll_expected_official_network,,tabla_peajes_2026.csv + fuentes.csv (MITMA/BOE/concesionarias),Red de referencia gratuita post-liberalizaciones (AP-1/AP-2/AP-4/AP-7 liberadas); ver tabla_peajes_2026.csv.,36.853,1.785,65.78,Toyota Corolla 140H e-CVT 1.8,4.5,Gasolina 95 E5,2026-10-09
R0861,Huelva,Salamanca,544.208,4.746111,0.0,official_inventory_reference_B,no_toll_expected_official_network,,tabla_peajes_2026.csv + fuentes.csv (MITMA/BOE/concesionarias),Red de referencia gratuita post-liberalizaciones (AP-1/AP-2/AP-4/AP-7 liberadas); ver tabla_peajes_2026.csv.,24.489,1.785,43.71,Toyota Corolla 140H e-CVT 1.8,4.5,Gasolina 95 E5,2026-10-09
R0862,Huelva,San Sebastián,1000.441,8.675278,0.0,official_inventory_reference_B,no_toll_expected_official_network,,tabla_peajes_2026.csv + fuentes.csv (MITMA/BOE/concesionarias),Red de referencia gratuita post-liberalizaciones (AP-1/AP-2/AP-4/AP-7 liberadas); ver tabla_peajes_2026.csv.,45.02,1.785,80.36,Toyota Corolla 140H e-CVT 1.8,4.5,Gasolina 95 E5,2026-10-09
R0863,Huelva,Santander,910.813,7.872778,0.0,official_inventory_reference_B,no_toll_expected_official_network,,tabla_peajes_2026.csv + fuentes.csv (MITMA/BOE/concesionarias),Red de referencia gratuita post-liberalizaciones (AP-1/AP-2/AP-4/AP-7 liberadas); ver tabla_peajes_2026.csv.,40.987,1.785,73.16,Toyota Corolla 140H e-CVT 1.8,4.5,Gasolina 95 E5,2026-10-09
R0864,Huelva,Segovia,689.001,6.033889,0.0,official_inventory_reference_B,no_toll_expected_official_network,,tabla_peajes_2026.csv + fuentes.csv (MITMA/BOE/concesionarias),Red de referencia gratuita post-liberalizaciones (AP-1/AP-2/AP-4/AP-7 liberadas); ver tabla_peajes_2026.csv.,31.005,1.785,55.34,Toyota Corolla 140H e-CVT 1.8,4.5,Gasolina 95 E5,2026-10-09
R0865,Huelva,Sevilla,91.136,0.889167,0.0,official_inventory_reference_B,no_toll_expected_official_network,,tabla_peajes_2026.csv + fuentes.csv (MITMA/BOE/concesionarias),Red de referencia gratuita post-liberalizaciones (AP-1/AP-2/AP-4/AP-7 liberadas); ver tabla_peajes_2026.csv.,4.101,1.785,7.32,Toyota Corolla 140H e-CVT 1.8,4.5,Gasolina 95 E5,2026-10-09
R0866,Huelva,Soria,843.163,7.303333,0.0,official_inventory_reference_B,no_toll_expected_official_network,,tabla_peajes_2026.csv + fuentes.csv (MITMA/BOE/concesionarias),Red de referencia gratuita post-liberalizaciones (AP-1/AP-2/AP-4/AP-7 liberadas); ver tabla_peajes_2026.csv.,37.942,1.785,67.73,Toyota Corolla 140H e-CVT 1.8,4.5,Gasolina 95 E5,2026-10-09
R0867,Huelva,Tarragona,1046.51,9.240833,0.0,official_inventory_reference_B,no_toll_expected_official_network,,tabla_peajes_2026.csv + fuentes.csv (MITMA/BOE/concesionarias),Red de referencia gratuita post-liberalizaciones (AP-1/AP-2/AP-4/AP-7 liberadas); ver tabla_peajes_2026.csv.,47.093,1.785,84.06,Toyota Corolla 140H e-CVT 1.8,4.5,Gasolina 95 E5,2026-10-09
R0868,Huelva,Teruel,802.48,8.151944,0.0,official_inventory_reference_B,no_toll_expected_official_network,,tabla_peajes_2026.csv + fuentes.csv (MITMA/BOE/concesionarias),Red de referencia gratuita post-liberalizaciones (AP-1/AP-2/AP-4/AP-7 liberadas); ver tabla_peajes_2026.csv.,36.112,1.785,64.46,Toyota Corolla 140H e-CVT 1.8,4.5,Gasolina 95 E5,2026-10-09
R0869,Huelva,Toledo,706.326,6.4975,0.0,official_inventory_reference_B,no_toll_expected_official_network,,tabla_peajes_2026.csv + fuentes.csv (MITMA/BOE/concesionarias),Red de referencia gratuita post-liberalizaciones (AP-1/AP-2/AP-4/AP-7 liberadas); ver tabla_peajes_2026.csv.,31.785,1.785,56.74,Toyota Corolla 140H e-CVT 1.8,4.5,Gasolina 95 E5,2026-10-09
R0870,Huelva,Valencia,795.543,7.133889,0.0,official_inventory_reference_B,no_toll_expected_official_network,,tabla_peajes_2026.csv + fuentes.csv (MITMA/BOE/concesionarias),Red de referencia gratuita post-liberalizaciones (AP-1/AP-2/AP-4/AP-7 liberadas); ver tabla_peajes_2026.csv.,35.799,1.785,63.9,Toyota Corolla 140H e-CVT 1.8,4.5,Gasolina 95 E5,2026-10-09
R0871,Huelva,Valladolid,667.322,5.799167,0.0,official_inventory_reference_B,no_toll_expected_official_network,,tabla_peajes_2026.csv + fuentes.csv (MITMA/BOE/concesionarias),Red de referencia gratuita post-liberalizaciones (AP-1/AP-2/AP-4/AP-7 liberadas); ver tabla_peajes_2026.csv.,30.029,1.785,53.6,Toyota Corolla 140H e-CVT 1.8,4.5,Gasolina 95 E5,2026-10-09
R0872,Huelva,Vitoria-Gasteiz,900.465,7.783611,0.0,official_inventory_reference_B,no_toll_expected_official_network,,tabla_peajes_2026.csv + fuentes.csv (MITMA/BOE/concesionarias),Red de referencia gratuita post-liberalizaciones (AP-1/AP-2/AP-4/AP-7 liberadas); ver tabla_peajes_2026.csv.,40.521,1.785,72.33,Toyota Corolla 140H e-CVT 1.8,4.5,Gasolina 95 E5,2026-10-09
R0873,Huelva,Zamora,618.264,5.5575,0.0,official_inventory_reference_B,no_toll_expected_official_network,,tabla_peajes_2026.csv + fuentes.csv (MITMA/BOE/concesionarias),Red de referencia gratuita post-liberalizaciones (AP-1/AP-2/AP-4/AP-7 liberadas); ver tabla_peajes_2026.csv.,27.822,1.785,49.66,Toyota Corolla 140H e-CVT 1.8,4.5,Gasolina 95 E5,2026-10-09
R0874,Huelva,Zaragoza,934.316,8.171111,0.0,official_inventory_reference_B,no_toll_expected_official_network,,tabla_peajes_2026.csv + fuentes.csv (MITMA/BOE/concesionarias),Red de referencia gratuita post-liberalizaciones (AP-1/AP-2/AP-4/AP-7 liberadas); ver tabla_peajes_2026.csv.,42.044,1.785,75.05,Toyota Corolla 140H e-CVT 1.8,4.5,Gasolina 95 E5,2026-10-09
R0875,Huesca,A Coruña,858.012,7.481389,0.0,official_inventory_reference_B,no_toll_expected_official_network,,tabla_peajes_2026.csv + fuentes.csv (MITMA/BOE/concesionarias),Red de referencia gratuita post-liberalizaciones (AP-1/AP-2/AP-4/AP-7 liberadas); ver tabla_peajes_2026.csv.,38.611,1.785,68.92,Toyota Corolla 140H e-CVT 1.8,4.5,Gasolina 95 E5,2026-10-09
R0876,Huesca,Albacete,479.857,4.812778,0.0,official_inventory_reference_B,no_toll_expected_official_network,,tabla_peajes_2026.csv + fuentes.csv (MITMA/BOE/concesionarias),Red de referencia gratuita post-liberalizaciones (AP-1/AP-2/AP-4/AP-7 liberadas); ver tabla_peajes_2026.csv.,21.594,1.785,38.54,Toyota Corolla 140H e-CVT 1.8,4.5,Gasolina 95 E5,2026-10-09
R0877,Huesca,Alicante,576.14,5.095833,0.0,official_inventory_reference_B,no_toll_expected_official_network,,tabla_peajes_2026.csv + fuentes.csv (MITMA/BOE/concesionarias),Red de referencia gratuita post-liberalizaciones (AP-1/AP-2/AP-4/AP-7 liberadas); ver tabla_peajes_2026.csv.,25.926,1.785,46.28,Toyota Corolla 140H e-CVT 1.8,4.5,Gasolina 95 E5,2026-10-09
R0878,Huesca,Almería,806.579,7.016111,0.0,official_inventory_reference_B,no_toll_expected_official_network,,tabla_peajes_2026.csv + fuentes.csv (MITMA/BOE/concesionarias),Red de referencia gratuita post-liberalizaciones (AP-1/AP-2/AP-4/AP-7 liberadas); ver tabla_peajes_2026.csv.,36.296,1.785,64.79,Toyota Corolla 140H e-CVT 1.8,4.5,Gasolina 95 E5,2026-10-09
R0879,Huesca,Ávila,501.456,4.616389,0.0,official_inventory_reference_B,no_toll_expected_official_network,,tabla_peajes_2026.csv + fuentes.csv (MITMA/BOE/concesionarias),Red de referencia gratuita post-liberalizaciones (AP-1/AP-2/AP-4/AP-7 liberadas); ver tabla_peajes_2026.csv.,22.566,1.785,40.28,Toyota Corolla 140H e-CVT 1.8,4.5,Gasolina 95 E5,2026-10-09
R0880,Huesca,Badajoz,791.861,6.931111,0.0,official_inventory_reference_B,no_toll_expected_official_network,,tabla_peajes_2026.csv + fuentes.csv (MITMA/BOE/concesionarias),Red de referencia gratuita post-liberalizaciones (AP-1/AP-2/AP-4/AP-7 liberadas); ver tabla_peajes_2026.csv.,35.634,1.785,63.61,Toyota Corolla 140H e-CVT 1.8,4.5,Gasolina 95 E5,2026-10-09
R0881,Huesca,Barcelona,277.025,2.612222,0.0,official_inventory_reference_B,no_toll_expected_official_network,,tabla_peajes_2026.csv + fuentes.csv (MITMA/BOE/concesionarias),Red de referencia gratuita post-liberalizaciones (AP-1/AP-2/AP-4/AP-7 liberadas); ver tabla_peajes_2026.csv.,12.466,1.785,22.25,Toyota Corolla 140H e-CVT 1.8,4.5,Gasolina 95 E5,2026-10-09
R0882,Huesca,Bilbao,318.379,3.264444,0.0,official_inventory_reference_B,toll_possible_not_valued,AP-68 / red foral (Bidegi),tabla_peajes_2026.csv + fuentes.csv (MITMA/BOE/concesionarias),Peaje posible para ligeros; tarifa no verificada hoy. Ampliar manual con Bidegi/autopistas.com. tax=0 provisional.,14.327,1.785,25.57,Toyota Corolla 140H e-CVT 1.8,4.5,Gasolina 95 E5,2026-10-09
R0883,Huesca,Burgos,369.532,3.344444,0.0,official_inventory_reference_B,no_toll_expected_official_network,,tabla_peajes_2026.csv + fuentes.csv (MITMA/BOE/concesionarias),Red de referencia gratuita post-liberalizaciones (AP-1/AP-2/AP-4/AP-7 liberadas); ver tabla_peajes_2026.csv.,16.629,1.785,29.68,Toyota Corolla 140H e-CVT 1.8,4.5,Gasolina 95 E5,2026-10-09
R0884,Huesca,Cáceres,689.727,6.095278,0.0,official_inventory_reference_B,no_toll_expected_official_network,,tabla_peajes_2026.csv + fuentes.csv (MITMA/BOE/concesionarias),Red de referencia gratuita post-liberalizaciones (AP-1/AP-2/AP-4/AP-7 liberadas); ver tabla_peajes_2026.csv.,31.038,1.785,55.4,Toyota Corolla 140H e-CVT 1.8,4.5,Gasolina 95 E5,2026-10-09
R0885,Huesca,Cádiz,1061.859,9.614722,0.0,official_inventory_reference_B,no_toll_expected_official_network,,tabla_peajes_2026.csv + fuentes.csv (MITMA/BOE/concesionarias),Red de referencia gratuita post-liberalizaciones (AP-1/AP-2/AP-4/AP-7 liberadas); ver tabla_peajes_2026.csv.,47.784,1.785,85.29,Toyota Corolla 140H e-CVT 1.8,4.5,Gasolina 95 E5,2026-10-09
R0886,Huesca,Castellón de la Plana,395.447,3.671111,0.0,official_inventory_reference_B,no_toll_expected_official_network,,tabla_peajes_2026.csv + fuentes.csv (MITMA/BOE/concesionarias),Red de referencia gratuita post-liberalizaciones (AP-1/AP-2/AP-4/AP-7 liberadas); ver tabla_peajes_2026.csv.,17.795,1.785,31.76,Toyota Corolla 140H e-CVT 1.8,4.5,Gasolina 95 E5,2026-10-09
R0887,Huesca,Ciudad Real,582.093,5.324722,0.0,official_inventory_reference_B,no_toll_expected_official_network,,tabla_peajes_2026.csv + fuentes.csv (MITMA/BOE/concesionarias),Red de referencia gratuita post-liberalizaciones (AP-1/AP-2/AP-4/AP-7 liberadas); ver tabla_peajes_2026.csv.,26.194,1.785,46.76,Toyota Corolla 140H e-CVT 1.8,4.5,Gasolina 95 E5,2026-10-09
R0888,Huesca,Córdoba,772.694,6.994722,0.0,official_inventory_reference_B,no_toll_expected_official_network,,tabla_peajes_2026.csv + fuentes.csv (MITMA/BOE/concesionarias),Red de referencia gratuita post-liberalizaciones (AP-1/AP-2/AP-4/AP-7 liberadas); ver tabla_peajes_2026.csv.,34.771,1.785,62.07,Toyota Corolla 140H e-CVT 1.8,4.5,Gasolina 95 E5,2026-10-09
R0889,Huesca,Cuenca,398.036,3.8875,0.0,official_inventory_reference_B,no_toll_expected_official_network,,tabla_peajes_2026.csv + fuentes.csv (MITMA/BOE/concesionarias),Red de referencia gratuita post-liberalizaciones (AP-1/AP-2/AP-4/AP-7 liberadas); ver tabla_peajes_2026.csv.,17.912,1.785,31.97,Toyota Corolla 140H e-CVT 1.8,4.5,Gasolina 95 E5,2026-10-09
R0890,Huesca,Girona,338.452,3.128333,0.0,official_inventory_reference_B,no_toll_expected_official_network,,tabla_peajes_2026.csv + fuentes.csv (MITMA/BOE/concesionarias),Red de referencia gratuita post-liberalizaciones (AP-1/AP-2/AP-4/AP-7 liberadas); ver tabla_peajes_2026.csv.,15.23,1.785,27.19,Toyota Corolla 140H e-CVT 1.8,4.5,Gasolina 95 E5,2026-10-09
R0891,Huesca,Granada,797.089,7.097778,0.0,official_inventory_reference_B,no_toll_expected_official_network,,tabla_peajes_2026.csv + fuentes.csv (MITMA/BOE/concesionarias),Red de referencia gratuita post-liberalizaciones (AP-1/AP-2/AP-4/AP-7 liberadas); ver tabla_peajes_2026.csv.,35.869,1.785,64.03,Toyota Corolla 140H e-CVT 1.8,4.5,Gasolina 95 E5,2026-10-09
R0892,Huesca,Guadalajara,327.755,2.984444,0.0,official_inventory_reference_B,no_toll_expected_official_network,,tabla_peajes_2026.csv + fuentes.csv (MITMA/BOE/concesionarias),Red de referencia gratuita post-liberalizaciones (AP-1/AP-2/AP-4/AP-7 liberadas); ver tabla_peajes_2026.csv.,14.749,1.785,26.33,Toyota Corolla 140H e-CVT 1.8,4.5,Gasolina 95 E5,2026-10-09
R0893,Huesca,Huelva,1005.699,8.736667,0.0,official_inventory_reference_B,no_toll_expected_official_network,,tabla_peajes_2026.csv + fuentes.csv (MITMA/BOE/concesionarias),Red de referencia gratuita post-liberalizaciones (AP-1/AP-2/AP-4/AP-7 liberadas); ver tabla_peajes_2026.csv.,45.256,1.785,80.78,Toyota Corolla 140H e-CVT 1.8,4.5,Gasolina 95 E5,2026-10-09
R0894,Huesca,Jaén,709.421,6.344167,0.0,official_inventory_reference_B,no_toll_expected_official_network,,tabla_peajes_2026.csv + fuentes.csv (MITMA/BOE/concesionarias),Red de referencia gratuita post-liberalizaciones (AP-1/AP-2/AP-4/AP-7 liberadas); ver tabla_peajes_2026.csv.,31.924,1.785,56.98,Toyota Corolla 140H e-CVT 1.8,4.5,Gasolina 95 E5,2026-10-09
R0895,Huesca,León,542.656,4.798611,0.0,official_inventory_reference_B,no_toll_expected_official_network,,tabla_peajes_2026.csv + fuentes.csv (MITMA/BOE/concesionarias),Red de referencia gratuita post-liberalizaciones (AP-1/AP-2/AP-4/AP-7 liberadas); ver tabla_peajes_2026.csv.,24.42,1.785,43.59,Toyota Corolla 140H e-CVT 1.8,4.5,Gasolina 95 E5,2026-10-09
R0896,Huesca,Lleida,114.861,1.182778,0.0,official_inventory_reference_B,no_toll_expected_official_network,,tabla_peajes_2026.csv + fuentes.csv (MITMA/BOE/concesionarias),Red de referencia gratuita post-liberalizaciones (AP-1/AP-2/AP-4/AP-7 liberadas); ver tabla_peajes_2026.csv.,5.169,1.785,9.23,Toyota Corolla 140H e-CVT 1.8,4.5,Gasolina 95 E5,2026-10-09
R0897,Huesca,Logroño,241.177,2.193611,0.0,official_inventory_reference_B,no_toll_expected_official_network,,tabla_peajes_2026.csv + fuentes.csv (MITMA/BOE/concesionarias),Red de referencia gratuita post-liberalizaciones (AP-1/AP-2/AP-4/AP-7 liberadas); ver tabla_peajes_2026.csv.,10.853,1.785,19.37,Toyota Corolla 140H e-CVT 1.8,4.5,Gasolina 95 E5,2026-10-09
R0898,Huesca,Lugo,762.108,6.666667,0.0,official_inventory_reference_B,no_toll_expected_official_network,,tabla_peajes_2026.csv + fuentes.csv (MITMA/BOE/concesionarias),Red de referencia gratuita post-liberalizaciones (AP-1/AP-2/AP-4/AP-7 liberadas); ver tabla_peajes_2026.csv.,34.295,1.785,61.22,Toyota Corolla 140H e-CVT 1.8,4.5,Gasolina 95 E5,2026-10-09
R0899,Huesca,Madrid,385.237,3.534444,0.0,official_inventory_reference_B,no_toll_expected_official_network,,tabla_peajes_2026.csv + fuentes.csv (MITMA/BOE/concesionarias),Red de referencia gratuita post-liberalizaciones (AP-1/AP-2/AP-4/AP-7 liberadas); ver tabla_peajes_2026.csv.,17.336,1.785,30.94,Toyota Corolla 140H e-CVT 1.8,4.5,Gasolina 95 E5,2026-10-09
R0900,Huesca,Málaga,906.529,8.838611,0.0,official_inventory_reference_B,no_toll_expected_official_network,,tabla_peajes_2026.csv + fuentes.csv (MITMA/BOE/concesionarias),Red de referencia gratuita post-liberalizaciones (AP-1/AP-2/AP-4/AP-7 liberadas); ver tabla_peajes_2026.csv.,40.794,1.785,72.82,Toyota Corolla 140H e-CVT 1.8,4.5,Gasolina 95 E5,2026-10-09
R0901,Huesca,Murcia,614.686,5.455278,0.0,official_inventory_reference_B,no_toll_expected_official_network,,tabla_peajes_2026.csv + fuentes.csv (MITMA/BOE/concesionarias),Red de referencia gratuita post-liberalizaciones (AP-1/AP-2/AP-4/AP-7 liberadas); ver tabla_peajes_2026.csv.,27.661,1.785,49.37,Toyota Corolla 140H e-CVT 1.8,4.5,Gasolina 95 E5,2026-10-09
R0902,Huesca,Ourense,823.591,7.293611,0.0,official_inventory_reference_B,no_toll_expected_official_network,,tabla_peajes_2026.csv + fuentes.csv (MITMA/BOE/concesionarias),Red de referencia gratuita post-liberalizaciones (AP-1/AP-2/AP-4/AP-7 liberadas); ver tabla_peajes_2026.csv.,37.062,1.785,66.15,Toyota Corolla 140H e-CVT 1.8,4.5,Gasolina 95 E5,2026-10-09
R0903,Huesca,Oviedo,663.178,5.899722,0.0,official_inventory_reference_B,no_toll_expected_official_network,,tabla_peajes_2026.csv + fuentes.csv (MITMA/BOE/concesionarias),Corredor cantábrico/pirenaico sin AP-66 en la referencia.,29.843,1.785,53.27,Toyota Corolla 140H e-CVT 1.8,4.5,Gasolina 95 E5,2026-10-09
R0904,Huesca,Palencia,455.094,4.082222,0.0,official_inventory_reference_B,no_toll_expected_official_network,,tabla_peajes_2026.csv + fuentes.csv (MITMA/BOE/concesionarias),Red de referencia gratuita post-liberalizaciones (AP-1/AP-2/AP-4/AP-7 liberadas); ver tabla_peajes_2026.csv.,20.479,1.785,36.56,Toyota Corolla 140H e-CVT 1.8,4.5,Gasolina 95 E5,2026-10-09
R0905,Huesca,Pamplona,162.22,1.876111,0.0,official_inventory_reference_B,no_toll_expected_official_network,,tabla_peajes_2026.csv + fuentes.csv (MITMA/BOE/concesionarias),Red de referencia gratuita post-liberalizaciones (AP-1/AP-2/AP-4/AP-7 liberadas); ver tabla_peajes_2026.csv.,7.3,1.785,13.03,Toyota Corolla 140H e-CVT 1.8,4.5,Gasolina 95 E5,2026-10-09
R0906,Huesca,Pontevedra,910.874,8.377222,0.0,official_inventory_reference_B,no_toll_expected_official_network,,tabla_peajes_2026.csv + fuentes.csv (MITMA/BOE/concesionarias),Red de referencia gratuita post-liberalizaciones (AP-1/AP-2/AP-4/AP-7 liberadas); ver tabla_peajes_2026.csv.,40.989,1.785,73.17,Toyota Corolla 140H e-CVT 1.8,4.5,Gasolina 95 E5,2026-10-09
R0907,Huesca,Salamanca,607.384,5.397778,0.0,official_inventory_reference_B,no_toll_expected_official_network,,tabla_peajes_2026.csv + fuentes.csv (MITMA/BOE/concesionarias),Red de referencia gratuita post-liberalizaciones (AP-1/AP-2/AP-4/AP-7 liberadas); ver tabla_peajes_2026.csv.,27.332,1.785,48.79,Toyota Corolla 140H e-CVT 1.8,4.5,Gasolina 95 E5,2026-10-09
R0908,Huesca,San Sebastián,246.784,2.667778,0.0,official_inventory_reference_B,no_toll_expected_official_network,,tabla_peajes_2026.csv + fuentes.csv (MITMA/BOE/concesionarias),Red de referencia gratuita post-liberalizaciones (AP-1/AP-2/AP-4/AP-7 liberadas); ver tabla_peajes_2026.csv.,11.105,1.785,19.82,Toyota Corolla 140H e-CVT 1.8,4.5,Gasolina 95 E5,2026-10-09
R0909,Huesca,Santander,415.356,4.180833,0.0,official_inventory_reference_B,no_toll_expected_official_network,,tabla_peajes_2026.csv + fuentes.csv (MITMA/BOE/concesionarias),Red de referencia gratuita post-liberalizaciones (AP-1/AP-2/AP-4/AP-7 liberadas); ver tabla_peajes_2026.csv.,18.691,1.785,33.36,Toyota Corolla 140H e-CVT 1.8,4.5,Gasolina 95 E5,2026-10-09
R0910,Huesca,Segovia,415.649,4.498611,0.0,official_inventory_reference_B,no_toll_expected_official_network,,tabla_peajes_2026.csv + fuentes.csv (MITMA/BOE/concesionarias),Red de referencia gratuita post-liberalizaciones (AP-1/AP-2/AP-4/AP-7 liberadas); ver tabla_peajes_2026.csv.,18.704,1.785,33.39,Toyota Corolla 140H e-CVT 1.8,4.5,Gasolina 95 E5,2026-10-09
R0911,Huesca,Sevilla,947.535,8.656667,0.0,official_inventory_reference_B,no_toll_expected_official_network,,tabla_peajes_2026.csv + fuentes.csv (MITMA/BOE/concesionarias),Red de referencia gratuita post-liberalizaciones (AP-1/AP-2/AP-4/AP-7 liberadas); ver tabla_peajes_2026.csv.,42.639,1.785,76.11,Toyota Corolla 140H e-CVT 1.8,4.5,Gasolina 95 E5,2026-10-09
R0912,Huesca,Soria,224.577,2.353611,0.0,official_inventory_reference_B,no_toll_expected_official_network,,tabla_peajes_2026.csv + fuentes.csv (MITMA/BOE/concesionarias),Red de referencia gratuita post-liberalizaciones (AP-1/AP-2/AP-4/AP-7 liberadas); ver tabla_peajes_2026.csv.,10.106,1.785,18.04,Toyota Corolla 140H e-CVT 1.8,4.5,Gasolina 95 E5,2026-10-09
R0913,Huesca,Tarragona,212.41,2.141111,0.0,official_inventory_reference_B,no_toll_expected_official_network,,tabla_peajes_2026.csv + fuentes.csv (MITMA/BOE/concesionarias),Red de referencia gratuita post-liberalizaciones (AP-1/AP-2/AP-4/AP-7 liberadas); ver tabla_peajes_2026.csv.,9.558,1.785,17.06,Toyota Corolla 140H e-CVT 1.8,4.5,Gasolina 95 E5,2026-10-09
R0914,Huesca,Teruel,251.763,2.271667,0.0,official_inventory_reference_B,no_toll_expected_official_network,,tabla_peajes_2026.csv + fuentes.csv (MITMA/BOE/concesionarias),Red de referencia gratuita post-liberalizaciones (AP-1/AP-2/AP-4/AP-7 liberadas); ver tabla_peajes_2026.csv.,11.329,1.785,20.22,Toyota Corolla 140H e-CVT 1.8,4.5,Gasolina 95 E5,2026-10-09
R0915,Huesca,Toledo,457.412,4.131667,0.0,official_inventory_reference_B,no_toll_expected_official_network,,tabla_peajes_2026.csv + fuentes.csv (MITMA/BOE/concesionarias),Red de referencia gratuita post-liberalizaciones (AP-1/AP-2/AP-4/AP-7 liberadas); ver tabla_peajes_2026.csv.,20.584,1.785,36.74,Toyota Corolla 140H e-CVT 1.8,4.5,Gasolina 95 E5,2026-10-09
R0916,Huesca,Valencia,389.684,3.518056,0.0,official_inventory_reference_B,no_toll_expected_official_network,,tabla_peajes_2026.csv + fuentes.csv (MITMA/BOE/concesionarias),Red de referencia gratuita post-liberalizaciones (AP-1/AP-2/AP-4/AP-7 liberadas); ver tabla_peajes_2026.csv.,17.536,1.785,31.3,Toyota Corolla 140H e-CVT 1.8,4.5,Gasolina 95 E5,2026-10-09
R0917,Huesca,Valladolid,492.184,4.42,0.0,official_inventory_reference_B,no_toll_expected_official_network,,tabla_peajes_2026.csv + fuentes.csv (MITMA/BOE/concesionarias),Red de referencia gratuita post-liberalizaciones (AP-1/AP-2/AP-4/AP-7 liberadas); ver tabla_peajes_2026.csv.,22.148,1.785,39.53,Toyota Corolla 140H e-CVT 1.8,4.5,Gasolina 95 E5,2026-10-09
R0918,Huesca,Vitoria-Gasteiz,264.243,2.775556,0.0,official_inventory_reference_B,no_toll_expected_official_network,,tabla_peajes_2026.csv + fuentes.csv (MITMA/BOE/concesionarias),Red de referencia gratuita post-liberalizaciones (AP-1/AP-2/AP-4/AP-7 liberadas); ver tabla_peajes_2026.csv.,11.891,1.785,21.23,Toyota Corolla 140H e-CVT 1.8,4.5,Gasolina 95 E5,2026-10-09
R0919,Huesca,Zamora,598.401,5.440833,0.0,official_inventory_reference_B,no_toll_expected_official_network,,tabla_peajes_2026.csv + fuentes.csv (MITMA/BOE/concesionarias),Red de referencia gratuita post-liberalizaciones (AP-1/AP-2/AP-4/AP-7 liberadas); ver tabla_peajes_2026.csv.,26.928,1.785,48.07,Toyota Corolla 140H e-CVT 1.8,4.5,Gasolina 95 E5,2026-10-09
R0920,Huesca,Zaragoza,77.288,0.823889,0.0,official_inventory_reference_B,no_toll_expected_official_network,,tabla_peajes_2026.csv + fuentes.csv (MITMA/BOE/concesionarias),Red de referencia gratuita post-liberalizaciones (AP-1/AP-2/AP-4/AP-7 liberadas); ver tabla_peajes_2026.csv.,3.478,1.785,6.21,Toyota Corolla 140H e-CVT 1.8,4.5,Gasolina 95 E5,2026-10-09
R0921,Jaén,A Coruña,932.394,8.19,0.0,official_inventory_reference_B,no_toll_expected_official_network,,tabla_peajes_2026.csv + fuentes.csv (MITMA/BOE/concesionarias),Red de referencia gratuita post-liberalizaciones (AP-1/AP-2/AP-4/AP-7 liberadas); ver tabla_peajes_2026.csv.,41.958,1.785,74.89,Toyota Corolla 140H e-CVT 1.8,4.5,Gasolina 95 E5,2026-10-09
R0922,Jaén,Albacete,262.169,2.823889,0.0,official_inventory_reference_B,no_toll_expected_official_network,,tabla_peajes_2026.csv + fuentes.csv (MITMA/BOE/concesionarias),Red de referencia gratuita post-liberalizaciones (AP-1/AP-2/AP-4/AP-7 liberadas); ver tabla_peajes_2026.csv.,11.798,1.785,21.06,Toyota Corolla 140H e-CVT 1.8,4.5,Gasolina 95 E5,2026-10-09
R0923,Jaén,Alicante,407.716,3.878889,0.0,official_inventory_reference_B,no_toll_expected_official_network,,tabla_peajes_2026.csv + fuentes.csv (MITMA/BOE/concesionarias),Red de referencia gratuita post-liberalizaciones (AP-1/AP-2/AP-4/AP-7 liberadas); ver tabla_peajes_2026.csv.,18.347,1.785,32.75,Toyota Corolla 140H e-CVT 1.8,4.5,Gasolina 95 E5,2026-10-09
R0924,Jaén,Almería,217.984,2.109167,0.0,official_inventory_reference_B,no_toll_expected_official_network,,tabla_peajes_2026.csv + fuentes.csv (MITMA/BOE/concesionarias),Red de referencia gratuita post-liberalizaciones (AP-1/AP-2/AP-4/AP-7 liberadas); ver tabla_peajes_2026.csv.,9.809,1.785,17.51,Toyota Corolla 140H e-CVT 1.8,4.5,Gasolina 95 E5,2026-10-09
R0925,Jaén,Ávila,412.417,4.136389,0.0,official_inventory_reference_B,no_toll_expected_official_network,,tabla_peajes_2026.csv + fuentes.csv (MITMA/BOE/concesionarias),Red de referencia gratuita post-liberalizaciones (AP-1/AP-2/AP-4/AP-7 liberadas); ver tabla_peajes_2026.csv.,18.559,1.785,33.13,Toyota Corolla 140H e-CVT 1.8,4.5,Gasolina 95 E5,2026-10-09
R0926,Jaén,Badajoz,372.179,4.226389,0.0,official_inventory_reference_B,no_toll_expected_official_network,,tabla_peajes_2026.csv + fuentes.csv (MITMA/BOE/concesionarias),Red de referencia gratuita post-liberalizaciones (AP-1/AP-2/AP-4/AP-7 liberadas); ver tabla_peajes_2026.csv.,16.748,1.785,29.9,Toyota Corolla 140H e-CVT 1.8,4.5,Gasolina 95 E5,2026-10-09
R0927,Jaén,Barcelona,766.211,7.491667,0.0,official_inventory_reference_B,no_toll_expected_official_network,,tabla_peajes_2026.csv + fuentes.csv (MITMA/BOE/concesionarias),Red de referencia gratuita post-liberalizaciones (AP-1/AP-2/AP-4/AP-7 liberadas); ver tabla_peajes_2026.csv.,34.479,1.785,61.55,Toyota Corolla 140H e-CVT 1.8,4.5,Gasolina 95 E5,2026-10-09
R0928,Jaén,Bilbao,735.741,6.583889,0.0,official_inventory_reference_B,no_toll_expected_official_network,,tabla_peajes_2026.csv + fuentes.csv (MITMA/BOE/concesionarias),Red de referencia gratuita post-liberalizaciones (AP-1/AP-2/AP-4/AP-7 liberadas); ver tabla_peajes_2026.csv.,33.108,1.785,59.1,Toyota Corolla 140H e-CVT 1.8,4.5,Gasolina 95 E5,2026-10-09
R0929,Jaén,Burgos,581.623,5.215833,0.0,official_inventory_reference_B,no_toll_expected_official_network,,tabla_peajes_2026.csv + fuentes.csv (MITMA/BOE/concesionarias),Red de referencia gratuita post-liberalizaciones (AP-1/AP-2/AP-4/AP-7 liberadas); ver tabla_peajes_2026.csv.,26.173,1.785,46.72,Toyota Corolla 140H e-CVT 1.8,4.5,Gasolina 95 E5,2026-10-09
R0930,Jaén,Cáceres,422.561,4.481389,0.0,official_inventory_reference_B,no_toll_expected_official_network,,tabla_peajes_2026.csv + fuentes.csv (MITMA/BOE/concesionarias),Red de referencia gratuita post-liberalizaciones (AP-1/AP-2/AP-4/AP-7 liberadas); ver tabla_peajes_2026.csv.,19.015,1.785,33.94,Toyota Corolla 140H e-CVT 1.8,4.5,Gasolina 95 E5,2026-10-09
R0931,Jaén,Cádiz,326.123,3.493333,0.0,official_inventory_reference_B,no_toll_expected_official_network,,tabla_peajes_2026.csv + fuentes.csv (MITMA/BOE/concesionarias),Red de referencia gratuita post-liberalizaciones (AP-1/AP-2/AP-4/AP-7 liberadas); ver tabla_peajes_2026.csv.,14.676,1.785,26.2,Toyota Corolla 140H e-CVT 1.8,4.5,Gasolina 95 E5,2026-10-09
R0932,Jaén,Castellón de la Plana,497.305,5.172778,0.0,official_inventory_reference_B,no_toll_expected_official_network,,tabla_peajes_2026.csv + fuentes.csv (MITMA/BOE/concesionarias),Red de referencia gratuita post-liberalizaciones (AP-1/AP-2/AP-4/AP-7 liberadas); ver tabla_peajes_2026.csv.,22.379,1.785,39.95,Toyota Corolla 140H e-CVT 1.8,4.5,Gasolina 95 E5,2026-10-09
R0933,Jaén,Ciudad Real,213.064,2.036389,0.0,official_inventory_reference_B,no_toll_expected_official_network,,tabla_peajes_2026.csv + fuentes.csv (MITMA/BOE/concesionarias),Red de referencia gratuita post-liberalizaciones (AP-1/AP-2/AP-4/AP-7 liberadas); ver tabla_peajes_2026.csv.,9.588,1.785,17.11,Toyota Corolla 140H e-CVT 1.8,4.5,Gasolina 95 E5,2026-10-09
R0934,Jaén,Córdoba,117.878,1.355556,0.0,official_inventory_reference_B,no_toll_expected_official_network,,tabla_peajes_2026.csv + fuentes.csv (MITMA/BOE/concesionarias),Red de referencia gratuita post-liberalizaciones (AP-1/AP-2/AP-4/AP-7 liberadas); ver tabla_peajes_2026.csv.,5.305,1.785,9.47,Toyota Corolla 140H e-CVT 1.8,4.5,Gasolina 95 E5,2026-10-09
R0935,Jaén,Cuenca,397.657,3.678611,0.0,official_inventory_reference_B,no_toll_expected_official_network,,tabla_peajes_2026.csv + fuentes.csv (MITMA/BOE/concesionarias),Red de referencia gratuita post-liberalizaciones (AP-1/AP-2/AP-4/AP-7 liberadas); ver tabla_peajes_2026.csv.,17.895,1.785,31.94,Toyota Corolla 140H e-CVT 1.8,4.5,Gasolina 95 E5,2026-10-09
R0936,Jaén,Girona,858.744,8.209722,0.0,official_inventory_reference_B,no_toll_expected_official_network,,tabla_peajes_2026.csv + fuentes.csv (MITMA/BOE/concesionarias),Red de referencia gratuita post-liberalizaciones (AP-1/AP-2/AP-4/AP-7 liberadas); ver tabla_peajes_2026.csv.,38.643,1.785,68.98,Toyota Corolla 140H e-CVT 1.8,4.5,Gasolina 95 E5,2026-10-09
R0937,Jaén,Granada,93.19,0.894722,0.0,official_inventory_reference_B,no_toll_expected_official_network,,tabla_peajes_2026.csv + fuentes.csv (MITMA/BOE/concesionarias),Red de referencia gratuita post-liberalizaciones (AP-1/AP-2/AP-4/AP-7 liberadas); ver tabla_peajes_2026.csv.,4.194,1.785,7.49,Toyota Corolla 140H e-CVT 1.8,4.5,Gasolina 95 E5,2026-10-09
R0938,Jaén,Guadalajara,386.253,3.585556,0.0,official_inventory_reference_B,no_toll_expected_official_network,,tabla_peajes_2026.csv + fuentes.csv (MITMA/BOE/concesionarias),Red de referencia gratuita post-liberalizaciones (AP-1/AP-2/AP-4/AP-7 liberadas); ver tabla_peajes_2026.csv.,17.381,1.785,31.03,Toyota Corolla 140H e-CVT 1.8,4.5,Gasolina 95 E5,2026-10-09
R0939,Jaén,Huelva,347.269,3.320556,0.0,official_inventory_reference_B,no_toll_expected_official_network,,tabla_peajes_2026.csv + fuentes.csv (MITMA/BOE/concesionarias),Red de referencia gratuita post-liberalizaciones (AP-1/AP-2/AP-4/AP-7 liberadas); ver tabla_peajes_2026.csv.,15.627,1.785,27.89,Toyota Corolla 140H e-CVT 1.8,4.5,Gasolina 95 E5,2026-10-09
R0940,Jaén,Huesca,714.881,6.459167,0.0,official_inventory_reference_B,no_toll_expected_official_network,,tabla_peajes_2026.csv + fuentes.csv (MITMA/BOE/concesionarias),Red de referencia gratuita post-liberalizaciones (AP-1/AP-2/AP-4/AP-7 liberadas); ver tabla_peajes_2026.csv.,32.17,1.785,57.42,Toyota Corolla 140H e-CVT 1.8,4.5,Gasolina 95 E5,2026-10-09
R0941,Jaén,León,673.48,6.058889,0.0,official_inventory_reference_B,no_toll_expected_official_network,,tabla_peajes_2026.csv + fuentes.csv (MITMA/BOE/concesionarias),Red de referencia gratuita post-liberalizaciones (AP-1/AP-2/AP-4/AP-7 liberadas); ver tabla_peajes_2026.csv.,30.307,1.785,54.1,Toyota Corolla 140H e-CVT 1.8,4.5,Gasolina 95 E5,2026-10-09
R0942,Jaén,Lleida,787.247,7.033056,0.0,official_inventory_reference_B,no_toll_expected_official_network,,tabla_peajes_2026.csv + fuentes.csv (MITMA/BOE/concesionarias),Red de referencia gratuita post-liberalizaciones (AP-1/AP-2/AP-4/AP-7 liberadas); ver tabla_peajes_2026.csv.,35.426,1.785,63.24,Toyota Corolla 140H e-CVT 1.8,4.5,Gasolina 95 E5,2026-10-09
R0943,Jaén,Logroño,654.208,6.150278,0.0,official_inventory_reference_B,no_toll_expected_official_network,,tabla_peajes_2026.csv + fuentes.csv (MITMA/BOE/concesionarias),Red de referencia gratuita post-liberalizaciones (AP-1/AP-2/AP-4/AP-7 liberadas); ver tabla_peajes_2026.csv.,29.439,1.785,52.55,Toyota Corolla 140H e-CVT 1.8,4.5,Gasolina 95 E5,2026-10-09
R0944,Jaén,Lugo,836.497,7.375556,0.0,official_inventory_reference_B,no_toll_expected_official_network,,tabla_peajes_2026.csv + fuentes.csv (MITMA/BOE/concesionarias),Red de referencia gratuita post-liberalizaciones (AP-1/AP-2/AP-4/AP-7 liberadas); ver tabla_peajes_2026.csv.,37.642,1.785,67.19,Toyota Corolla 140H e-CVT 1.8,4.5,Gasolina 95 E5,2026-10-09
R0945,Jaén,Madrid,335.511,3.190278,0.0,official_inventory_reference_B,no_toll_expected_official_network,,tabla_peajes_2026.csv + fuentes.csv (MITMA/BOE/concesionarias),Red de referencia gratuita post-liberalizaciones (AP-1/AP-2/AP-4/AP-7 liberadas); ver tabla_peajes_2026.csv.,15.098,1.785,26.95,Toyota Corolla 140H e-CVT 1.8,4.5,Gasolina 95 E5,2026-10-09
R0946,Jaén,Málaga,202.634,2.635833,0.0,official_inventory_reference_B,no_toll_expected_official_network,,tabla_peajes_2026.csv + fuentes.csv (MITMA/BOE/concesionarias),Red de referencia gratuita post-liberalizaciones (AP-1/AP-2/AP-4/AP-7 liberadas); ver tabla_peajes_2026.csv.,9.119,1.785,16.28,Toyota Corolla 140H e-CVT 1.8,4.5,Gasolina 95 E5,2026-10-09
R0947,Jaén,Murcia,335.246,3.285833,0.0,official_inventory_reference_B,no_toll_expected_official_network,,tabla_peajes_2026.csv + fuentes.csv (MITMA/BOE/concesionarias),Red de referencia gratuita post-liberalizaciones (AP-1/AP-2/AP-4/AP-7 liberadas); ver tabla_peajes_2026.csv.,15.086,1.785,26.93,Toyota Corolla 140H e-CVT 1.8,4.5,Gasolina 95 E5,2026-10-09
R0948,Jaén,Ourense,836.905,7.551111,0.0,official_inventory_reference_B,no_toll_expected_official_network,,tabla_peajes_2026.csv + fuentes.csv (MITMA/BOE/concesionarias),Red de referencia gratuita post-liberalizaciones (AP-1/AP-2/AP-4/AP-7 liberadas); ver tabla_peajes_2026.csv.,37.661,1.785,67.22,Toyota Corolla 140H e-CVT 1.8,4.5,Gasolina 95 E5,2026-10-09
R0949,Jaén,Oviedo,782.89,7.043611,16.2,official_inventory_reference_B,valued_official_2026,AP-66 Campomanes-León,tabla_peajes_2026.csv + fuentes.csv (MITMA/BOE/concesionarias),Paso del Huerna hacia la Meseta/sur; sin alternativa rápida equivalente.,35.23,1.785,62.89,Toyota Corolla 140H e-CVT 1.8,4.5,Gasolina 95 E5,2026-10-09
R0950,Jaén,Palencia,591.095,5.363611,0.0,official_inventory_reference_B,no_toll_expected_official_network,,tabla_peajes_2026.csv + fuentes.csv (MITMA/BOE/concesionarias),Red de referencia gratuita post-liberalizaciones (AP-1/AP-2/AP-4/AP-7 liberadas); ver tabla_peajes_2026.csv.,26.599,1.785,47.48,Toyota Corolla 140H e-CVT 1.8,4.5,Gasolina 95 E5,2026-10-09
R0951,Jaén,Pamplona,732.83,6.808611,0.0,official_inventory_reference_B,no_toll_expected_official_network,,tabla_peajes_2026.csv + fuentes.csv (MITMA/BOE/concesionarias),Red de referencia gratuita post-liberalizaciones (AP-1/AP-2/AP-4/AP-7 liberadas); ver tabla_peajes_2026.csv.,32.977,1.785,58.86,Toyota Corolla 140H e-CVT 1.8,4.5,Gasolina 95 E5,2026-10-09
R0952,Jaén,Pontevedra,924.19,8.635,0.0,official_inventory_reference_B,no_toll_expected_official_network,,tabla_peajes_2026.csv + fuentes.csv (MITMA/BOE/concesionarias),Red de referencia gratuita post-liberalizaciones (AP-1/AP-2/AP-4/AP-7 liberadas); ver tabla_peajes_2026.csv.,41.589,1.785,74.24,Toyota Corolla 140H e-CVT 1.8,4.5,Gasolina 95 E5,2026-10-09
R0953,Jaén,Salamanca,547.424,5.000278,0.0,official_inventory_reference_B,no_toll_expected_official_network,,tabla_peajes_2026.csv + fuentes.csv (MITMA/BOE/concesionarias),Red de referencia gratuita post-liberalizaciones (AP-1/AP-2/AP-4/AP-7 liberadas); ver tabla_peajes_2026.csv.,24.634,1.785,43.97,Toyota Corolla 140H e-CVT 1.8,4.5,Gasolina 95 E5,2026-10-09
R0954,Jaén,San Sebastián,790.893,7.101111,0.0,official_inventory_reference_B,no_toll_expected_official_network,,tabla_peajes_2026.csv + fuentes.csv (MITMA/BOE/concesionarias),Red de referencia gratuita post-liberalizaciones (AP-1/AP-2/AP-4/AP-7 liberadas); ver tabla_peajes_2026.csv.,35.59,1.785,63.53,Toyota Corolla 140H e-CVT 1.8,4.5,Gasolina 95 E5,2026-10-09
R0955,Jaén,Santander,791.883,7.0775,0.0,official_inventory_reference_B,no_toll_expected_official_network,,tabla_peajes_2026.csv + fuentes.csv (MITMA/BOE/concesionarias),Red de referencia gratuita post-liberalizaciones (AP-1/AP-2/AP-4/AP-7 liberadas); ver tabla_peajes_2026.csv.,35.635,1.785,63.61,Toyota Corolla 140H e-CVT 1.8,4.5,Gasolina 95 E5,2026-10-09
R0956,Jaén,Segovia,426.414,3.995,0.0,official_inventory_reference_B,no_toll_expected_official_network,,tabla_peajes_2026.csv + fuentes.csv (MITMA/BOE/concesionarias),Red de referencia gratuita post-liberalizaciones (AP-1/AP-2/AP-4/AP-7 liberadas); ver tabla_peajes_2026.csv.,19.189,1.785,34.25,Toyota Corolla 140H e-CVT 1.8,4.5,Gasolina 95 E5,2026-10-09
R0957,Jaén,Sevilla,254.842,2.549167,0.0,official_inventory_reference_B,no_toll_expected_official_network,,tabla_peajes_2026.csv + fuentes.csv (MITMA/BOE/concesionarias),Red de referencia gratuita post-liberalizaciones (AP-1/AP-2/AP-4/AP-7 liberadas); ver tabla_peajes_2026.csv.,11.468,1.785,20.47,Toyota Corolla 140H e-CVT 1.8,4.5,Gasolina 95 E5,2026-10-09
R0958,Jaén,Soria,555.584,5.033056,0.0,official_inventory_reference_B,no_toll_expected_official_network,,tabla_peajes_2026.csv + fuentes.csv (MITMA/BOE/concesionarias),Red de referencia gratuita post-liberalizaciones (AP-1/AP-2/AP-4/AP-7 liberadas); ver tabla_peajes_2026.csv.,25.001,1.785,44.63,Toyota Corolla 140H e-CVT 1.8,4.5,Gasolina 95 E5,2026-10-09
R0959,Jaén,Tarragona,675.158,6.636667,0.0,official_inventory_reference_B,no_toll_expected_official_network,,tabla_peajes_2026.csv + fuentes.csv (MITMA/BOE/concesionarias),Red de referencia gratuita post-liberalizaciones (AP-1/AP-2/AP-4/AP-7 liberadas); ver tabla_peajes_2026.csv.,30.382,1.785,54.23,Toyota Corolla 140H e-CVT 1.8,4.5,Gasolina 95 E5,2026-10-09
R0960,Jaén,Teruel,542.555,5.120278,0.0,official_inventory_reference_B,no_toll_expected_official_network,,tabla_peajes_2026.csv + fuentes.csv (MITMA/BOE/concesionarias),Red de referencia gratuita post-liberalizaciones (AP-1/AP-2/AP-4/AP-7 liberadas); ver tabla_peajes_2026.csv.,24.415,1.785,43.58,Toyota Corolla 140H e-CVT 1.8,4.5,Gasolina 95 E5,2026-10-09
R0961,Jaén,Toledo,284.587,2.688333,0.0,official_inventory_reference_B,no_toll_expected_official_network,,tabla_peajes_2026.csv + fuentes.csv (MITMA/BOE/concesionarias),Red de referencia gratuita post-liberalizaciones (AP-1/AP-2/AP-4/AP-7 liberadas); ver tabla_peajes_2026.csv.,12.806,1.785,22.86,Toyota Corolla 140H e-CVT 1.8,4.5,Gasolina 95 E5,2026-10-09
R0962,Jaén,Valencia,443.736,4.441389,0.0,official_inventory_reference_B,no_toll_expected_official_network,,tabla_peajes_2026.csv + fuentes.csv (MITMA/BOE/concesionarias),Red de referencia gratuita post-liberalizaciones (AP-1/AP-2/AP-4/AP-7 liberadas); ver tabla_peajes_2026.csv.,19.968,1.785,35.64,Toyota Corolla 140H e-CVT 1.8,4.5,Gasolina 95 E5,2026-10-09
R0963,Jaén,Valladolid,545.152,4.991389,0.0,official_inventory_reference_B,no_toll_expected_official_network,,tabla_peajes_2026.csv + fuentes.csv (MITMA/BOE/concesionarias),Red de referencia gratuita post-liberalizaciones (AP-1/AP-2/AP-4/AP-7 liberadas); ver tabla_peajes_2026.csv.,24.532,1.785,43.79,Toyota Corolla 140H e-CVT 1.8,4.5,Gasolina 95 E5,2026-10-09
R0964,Jaén,Vitoria-Gasteiz,690.923,6.209444,0.0,official_inventory_reference_B,no_toll_expected_official_network,,tabla_peajes_2026.csv + fuentes.csv (MITMA/BOE/concesionarias),Red de referencia gratuita post-liberalizaciones (AP-1/AP-2/AP-4/AP-7 liberadas); ver tabla_peajes_2026.csv.,31.092,1.785,55.5,Toyota Corolla 140H e-CVT 1.8,4.5,Gasolina 95 E5,2026-10-09
R0965,Jaén,Zamora,596.971,5.563056,0.0,official_inventory_reference_B,no_toll_expected_official_network,,tabla_peajes_2026.csv + fuentes.csv (MITMA/BOE/concesionarias),Red de referencia gratuita post-liberalizaciones (AP-1/AP-2/AP-4/AP-7 liberadas); ver tabla_peajes_2026.csv.,26.864,1.785,47.95,Toyota Corolla 140H e-CVT 1.8,4.5,Gasolina 95 E5,2026-10-09
R0966,Jaén,Zaragoza,646.737,5.900278,0.0,official_inventory_reference_B,no_toll_expected_official_network,,tabla_peajes_2026.csv + fuentes.csv (MITMA/BOE/concesionarias),Red de referencia gratuita post-liberalizaciones (AP-1/AP-2/AP-4/AP-7 liberadas); ver tabla_peajes_2026.csv.,29.103,1.785,51.95,Toyota Corolla 140H e-CVT 1.8,4.5,Gasolina 95 E5,2026-10-09
R0967,León,A Coruña,324.1,2.825278,0.0,official_inventory_reference_B,no_toll_expected_official_network,,tabla_peajes_2026.csv + fuentes.csv (MITMA/BOE/concesionarias),Red de referencia gratuita post-liberalizaciones (AP-1/AP-2/AP-4/AP-7 liberadas); ver tabla_peajes_2026.csv.,14.585,1.785,26.03,Toyota Corolla 140H e-CVT 1.8,4.5,Gasolina 95 E5,2026-10-09
R0968,León,Albacete,612.592,5.346389,0.0,official_inventory_reference_B,no_toll_expected_official_network,,tabla_peajes_2026.csv + fuentes.csv (MITMA/BOE/concesionarias),Red de referencia gratuita post-liberalizaciones (AP-1/AP-2/AP-4/AP-7 liberadas); ver tabla_peajes_2026.csv.,27.567,1.785,49.21,Toyota Corolla 140H e-CVT 1.8,4.5,Gasolina 95 E5,2026-10-09
R0969,León,Alicante,776.76,6.745556,0.0,official_inventory_reference_B,no_toll_expected_official_network,,tabla_peajes_2026.csv + fuentes.csv (MITMA/BOE/concesionarias),Red de referencia gratuita post-liberalizaciones (AP-1/AP-2/AP-4/AP-7 liberadas); ver tabla_peajes_2026.csv.,34.954,1.785,62.39,Toyota Corolla 140H e-CVT 1.8,4.5,Gasolina 95 E5,2026-10-09
R0970,León,Almería,883.177,7.906389,0.0,official_inventory_reference_B,no_toll_expected_official_network,,tabla_peajes_2026.csv + fuentes.csv (MITMA/BOE/concesionarias),Red de referencia gratuita post-liberalizaciones (AP-1/AP-2/AP-4/AP-7 liberadas); ver tabla_peajes_2026.csv.,39.743,1.785,70.94,Toyota Corolla 140H e-CVT 1.8,4.5,Gasolina 95 E5,2026-10-09
R0971,León,Ávila,270.105,2.483333,0.0,official_inventory_reference_B,no_toll_expected_official_network,,tabla_peajes_2026.csv + fuentes.csv (MITMA/BOE/concesionarias),Red de referencia gratuita post-liberalizaciones (AP-1/AP-2/AP-4/AP-7 liberadas); ver tabla_peajes_2026.csv.,12.155,1.785,21.7,Toyota Corolla 140H e-CVT 1.8,4.5,Gasolina 95 E5,2026-10-09
R0972,León,Badajoz,501.139,4.636667,0.0,official_inventory_reference_B,no_toll_expected_official_network,,tabla_peajes_2026.csv + fuentes.csv (MITMA/BOE/concesionarias),Red de referencia gratuita post-liberalizaciones (AP-1/AP-2/AP-4/AP-7 liberadas); ver tabla_peajes_2026.csv.,22.551,1.785,40.25,Toyota Corolla 140H e-CVT 1.8,4.5,Gasolina 95 E5,2026-10-09
R0973,León,Barcelona,781.287,6.817222,0.0,official_inventory_reference_B,no_toll_expected_official_network,,tabla_peajes_2026.csv + fuentes.csv (MITMA/BOE/concesionarias),Red de referencia gratuita post-liberalizaciones (AP-1/AP-2/AP-4/AP-7 liberadas); ver tabla_peajes_2026.csv.,35.158,1.785,62.76,Toyota Corolla 140H e-CVT 1.8,4.5,Gasolina 95 E5,2026-10-09
R0974,León,Bilbao,332.627,2.933611,0.0,official_inventory_reference_B,no_toll_expected_official_network,,tabla_peajes_2026.csv + fuentes.csv (MITMA/BOE/concesionarias),Red de referencia gratuita post-liberalizaciones (AP-1/AP-2/AP-4/AP-7 liberadas); ver tabla_peajes_2026.csv.,14.968,1.785,26.72,Toyota Corolla 140H e-CVT 1.8,4.5,Gasolina 95 E5,2026-10-09
R0975,León,Burgos,178.704,1.573056,0.0,official_inventory_reference_B,no_toll_expected_official_network,,tabla_peajes_2026.csv + fuentes.csv (MITMA/BOE/concesionarias),Red de referencia gratuita post-liberalizaciones (AP-1/AP-2/AP-4/AP-7 liberadas); ver tabla_peajes_2026.csv.,8.042,1.785,14.35,Toyota Corolla 140H e-CVT 1.8,4.5,Gasolina 95 E5,2026-10-09
R0976,León,Cáceres,413.526,3.685,0.0,official_inventory_reference_B,no_toll_expected_official_network,,tabla_peajes_2026.csv + fuentes.csv (MITMA/BOE/concesionarias),Red de referencia gratuita post-liberalizaciones (AP-1/AP-2/AP-4/AP-7 liberadas); ver tabla_peajes_2026.csv.,18.609,1.785,33.22,Toyota Corolla 140H e-CVT 1.8,4.5,Gasolina 95 E5,2026-10-09
R0977,León,Cádiz,789.045,6.885278,0.0,official_inventory_reference_B,no_toll_expected_official_network,,tabla_peajes_2026.csv + fuentes.csv (MITMA/BOE/concesionarias),Red de referencia gratuita post-liberalizaciones (AP-1/AP-2/AP-4/AP-7 liberadas); ver tabla_peajes_2026.csv.,35.507,1.785,63.38,Toyota Corolla 140H e-CVT 1.8,4.5,Gasolina 95 E5,2026-10-09
R0978,León,Castellón de la Plana,684.774,7.056944,0.0,official_inventory_reference_B,no_toll_expected_official_network,,tabla_peajes_2026.csv + fuentes.csv (MITMA/BOE/concesionarias),Red de referencia gratuita post-liberalizaciones (AP-1/AP-2/AP-4/AP-7 liberadas); ver tabla_peajes_2026.csv.,30.815,1.785,55.0,Toyota Corolla 140H e-CVT 1.8,4.5,Gasolina 95 E5,2026-10-09
R0979,León,Ciudad Real,525.048,4.843889,0.0,official_inventory_reference_B,no_toll_expected_official_network,,tabla_peajes_2026.csv + fuentes.csv (MITMA/BOE/concesionarias),Red de referencia gratuita post-liberalizaciones (AP-1/AP-2/AP-4/AP-7 liberadas); ver tabla_peajes_2026.csv.,23.627,1.785,42.17,Toyota Corolla 140H e-CVT 1.8,4.5,Gasolina 95 E5,2026-10-09
R0980,León,Córdoba,733.985,6.589444,0.0,official_inventory_reference_B,no_toll_expected_official_network,,tabla_peajes_2026.csv + fuentes.csv (MITMA/BOE/concesionarias),Red de referencia gratuita post-liberalizaciones (AP-1/AP-2/AP-4/AP-7 liberadas); ver tabla_peajes_2026.csv.,33.029,1.785,58.96,Toyota Corolla 140H e-CVT 1.8,4.5,Gasolina 95 E5,2026-10-09
R0981,León,Cuenca,524.149,4.663611,0.0,official_inventory_reference_B,no_toll_expected_official_network,,tabla_peajes_2026.csv + fuentes.csv (MITMA/BOE/concesionarias),Red de referencia gratuita post-liberalizaciones (AP-1/AP-2/AP-4/AP-7 liberadas); ver tabla_peajes_2026.csv.,23.587,1.785,42.1,Toyota Corolla 140H e-CVT 1.8,4.5,Gasolina 95 E5,2026-10-09
R0982,León,Girona,847.036,7.402222,0.0,official_inventory_reference_B,no_toll_expected_official_network,,tabla_peajes_2026.csv + fuentes.csv (MITMA/BOE/concesionarias),Red de referencia gratuita post-liberalizaciones (AP-1/AP-2/AP-4/AP-7 liberadas); ver tabla_peajes_2026.csv.,38.117,1.785,68.04,Toyota Corolla 140H e-CVT 1.8,4.5,Gasolina 95 E5,2026-10-09
R0983,León,Granada,758.38,6.691389,0.0,official_inventory_reference_B,no_toll_expected_official_network,,tabla_peajes_2026.csv + fuentes.csv (MITMA/BOE/concesionarias),Red de referencia gratuita post-liberalizaciones (AP-1/AP-2/AP-4/AP-7 liberadas); ver tabla_peajes_2026.csv.,34.127,1.785,60.92,Toyota Corolla 140H e-CVT 1.8,4.5,Gasolina 95 E5,2026-10-09
R0984,León,Guadalajara,400.608,3.671111,0.0,official_inventory_reference_B,no_toll_expected_official_network,,tabla_peajes_2026.csv + fuentes.csv (MITMA/BOE/concesionarias),Red de referencia gratuita post-liberalizaciones (AP-1/AP-2/AP-4/AP-7 liberadas); ver tabla_peajes_2026.csv.,18.027,1.785,32.18,Toyota Corolla 140H e-CVT 1.8,4.5,Gasolina 95 E5,2026-10-09
R0985,León,Huelva,754.027,6.506111,0.0,official_inventory_reference_B,no_toll_expected_official_network,,tabla_peajes_2026.csv + fuentes.csv (MITMA/BOE/concesionarias),Red de referencia gratuita post-liberalizaciones (AP-1/AP-2/AP-4/AP-7 liberadas); ver tabla_peajes_2026.csv.,33.931,1.785,60.57,Toyota Corolla 140H e-CVT 1.8,4.5,Gasolina 95 E5,2026-10-09
R0986,León,Huesca,548.019,4.818056,0.0,official_inventory_reference_B,no_toll_expected_official_network,,tabla_peajes_2026.csv + fuentes.csv (MITMA/BOE/concesionarias),Red de referencia gratuita post-liberalizaciones (AP-1/AP-2/AP-4/AP-7 liberadas); ver tabla_peajes_2026.csv.,24.661,1.785,44.02,Toyota Corolla 140H e-CVT 1.8,4.5,Gasolina 95 E5,2026-10-09
R0987,León,Jaén,670.717,5.938611,0.0,official_inventory_reference_B,no_toll_expected_official_network,,tabla_peajes_2026.csv + fuentes.csv (MITMA/BOE/concesionarias),Red de referencia gratuita post-liberalizaciones (AP-1/AP-2/AP-4/AP-7 liberadas); ver tabla_peajes_2026.csv.,30.182,1.785,53.88,Toyota Corolla 140H e-CVT 1.8,4.5,Gasolina 95 E5,2026-10-09
R0988,León,Lleida,620.385,5.391944,0.0,official_inventory_reference_B,no_toll_expected_official_network,,tabla_peajes_2026.csv + fuentes.csv (MITMA/BOE/concesionarias),Red de referencia gratuita post-liberalizaciones (AP-1/AP-2/AP-4/AP-7 liberadas); ver tabla_peajes_2026.csv.,27.917,1.785,49.83,Toyota Corolla 140H e-CVT 1.8,4.5,Gasolina 95 E5,2026-10-09
R0989,León,Logroño,294.562,2.800833,0.0,official_inventory_reference_B,no_toll_expected_official_network,,tabla_peajes_2026.csv + fuentes.csv (MITMA/BOE/concesionarias),Red de referencia gratuita post-liberalizaciones (AP-1/AP-2/AP-4/AP-7 liberadas); ver tabla_peajes_2026.csv.,13.255,1.785,23.66,Toyota Corolla 140H e-CVT 1.8,4.5,Gasolina 95 E5,2026-10-09
R0990,León,Lugo,228.197,2.010556,0.0,official_inventory_reference_B,toll_possible_not_valued,AP-53 / AP-71,tabla_peajes_2026.csv + fuentes.csv (MITMA/BOE/concesionarias),Peaje posible; tarifa no verificada hoy. tax=0 provisional.,10.269,1.785,18.33,Toyota Corolla 140H e-CVT 1.8,4.5,Gasolina 95 E5,2026-10-09
R0991,León,Madrid,342.435,3.123611,0.0,official_inventory_reference_B,no_toll_expected_official_network,,tabla_peajes_2026.csv + fuentes.csv (MITMA/BOE/concesionarias),Red de referencia gratuita post-liberalizaciones (AP-1/AP-2/AP-4/AP-7 liberadas); ver tabla_peajes_2026.csv.,15.41,1.785,27.51,Toyota Corolla 140H e-CVT 1.8,4.5,Gasolina 95 E5,2026-10-09
R0992,León,Málaga,867.816,8.432778,0.0,official_inventory_reference_B,no_toll_expected_official_network,,tabla_peajes_2026.csv + fuentes.csv (MITMA/BOE/concesionarias),Red de referencia gratuita post-liberalizaciones (AP-1/AP-2/AP-4/AP-7 liberadas); ver tabla_peajes_2026.csv.,39.052,1.785,69.71,Toyota Corolla 140H e-CVT 1.8,4.5,Gasolina 95 E5,2026-10-09
R0993,León,Murcia,755.054,6.598889,0.0,official_inventory_reference_B,no_toll_expected_official_network,,tabla_peajes_2026.csv + fuentes.csv (MITMA/BOE/concesionarias),Red de referencia gratuita post-liberalizaciones (AP-1/AP-2/AP-4/AP-7 liberadas); ver tabla_peajes_2026.csv.,33.977,1.785,60.65,Toyota Corolla 140H e-CVT 1.8,4.5,Gasolina 95 E5,2026-10-09
R0994,León,Ourense,270.024,2.833611,0.0,official_inventory_reference_B,toll_possible_not_valued,AP-53 / AP-71,tabla_peajes_2026.csv + fuentes.csv (MITMA/BOE/concesionarias),Peaje posible; tarifa no verificada hoy. tax=0 provisional.,12.151,1.785,21.69,Toyota Corolla 140H e-CVT 1.8,4.5,Gasolina 95 E5,2026-10-09
R0995,León,Oviedo,129.647,1.278333,16.2,official_inventory_reference_B,valued_official_2026,AP-66 Campomanes-León,tabla_peajes_2026.csv + fuentes.csv (MITMA/BOE/concesionarias),Paso del Huerna hacia la Meseta/sur; sin alternativa rápida equivalente.,5.834,1.785,10.41,Toyota Corolla 140H e-CVT 1.8,4.5,Gasolina 95 E5,2026-10-09
R0996,León,Palencia,120.171,1.337778,0.0,official_inventory_reference_B,no_toll_expected_official_network,,tabla_peajes_2026.csv + fuentes.csv (MITMA/BOE/concesionarias),Red de referencia gratuita post-liberalizaciones (AP-1/AP-2/AP-4/AP-7 liberadas); ver tabla_peajes_2026.csv.,5.408,1.785,9.65,Toyota Corolla 140H e-CVT 1.8,4.5,Gasolina 95 E5,2026-10-09
R0997,León,Pamplona,383.83,3.381111,0.0,official_inventory_reference_B,no_toll_expected_official_network,,tabla_peajes_2026.csv + fuentes.csv (MITMA/BOE/concesionarias),Red de referencia gratuita post-liberalizaciones (AP-1/AP-2/AP-4/AP-7 liberadas); ver tabla_peajes_2026.csv.,17.272,1.785,30.83,Toyota Corolla 140H e-CVT 1.8,4.5,Gasolina 95 E5,2026-10-09
R0998,León,Pontevedra,355.075,3.730278,0.0,official_inventory_reference_B,toll_possible_not_valued,AP-53 / AP-71,tabla_peajes_2026.csv + fuentes.csv (MITMA/BOE/concesionarias),Peaje posible; tarifa no verificada hoy. tax=0 provisional.,15.978,1.785,28.52,Toyota Corolla 140H e-CVT 1.8,4.5,Gasolina 95 E5,2026-10-09
R0999,León,Salamanca,209.636,1.917778,0.0,official_inventory_reference_B,no_toll_expected_official_network,,tabla_peajes_2026.csv + fuentes.csv (MITMA/BOE/concesionarias),Red de referencia gratuita post-liberalizaciones (AP-1/AP-2/AP-4/AP-7 liberadas); ver tabla_peajes_2026.csv.,9.434,1.785,16.84,Toyota Corolla 140H e-CVT 1.8,4.5,Gasolina 95 E5,2026-10-09
R1000,León,San Sebastián,387.778,3.450833,0.0,official_inventory_reference_B,no_toll_expected_official_network,,tabla_peajes_2026.csv + fuentes.csv (MITMA/BOE/concesionarias),Red de referencia gratuita post-liberalizaciones (AP-1/AP-2/AP-4/AP-7 liberadas); ver tabla_peajes_2026.csv.,17.45,1.785,31.15,Toyota Corolla 140H e-CVT 1.8,4.5,Gasolina 95 E5,2026-10-09
R1001,León,Santander,264.481,2.373056,0.0,official_inventory_reference_B,no_toll_expected_official_network,,tabla_peajes_2026.csv + fuentes.csv (MITMA/BOE/concesionarias),Red de referencia gratuita post-liberalizaciones (AP-1/AP-2/AP-4/AP-7 liberadas); ver tabla_peajes_2026.csv.,11.902,1.785,21.24,Toyota Corolla 140H e-CVT 1.8,4.5,Gasolina 95 E5,2026-10-09
R1002,León,Segovia,296.431,2.659722,0.0,official_inventory_reference_B,no_toll_expected_official_network,,tabla_peajes_2026.csv + fuentes.csv (MITMA/BOE/concesionarias),Red de referencia gratuita post-liberalizaciones (AP-1/AP-2/AP-4/AP-7 liberadas); ver tabla_peajes_2026.csv.,13.339,1.785,23.81,Toyota Corolla 140H e-CVT 1.8,4.5,Gasolina 95 E5,2026-10-09
R1003,León,Sevilla,669.831,5.796111,0.0,official_inventory_reference_B,no_toll_expected_official_network,,tabla_peajes_2026.csv + fuentes.csv (MITMA/BOE/concesionarias),Red de referencia gratuita post-liberalizaciones (AP-1/AP-2/AP-4/AP-7 liberadas); ver tabla_peajes_2026.csv.,30.142,1.785,53.8,Toyota Corolla 140H e-CVT 1.8,4.5,Gasolina 95 E5,2026-10-09
R1004,León,Soria,313.075,3.195278,0.0,official_inventory_reference_B,no_toll_expected_official_network,,tabla_peajes_2026.csv + fuentes.csv (MITMA/BOE/concesionarias),Red de referencia gratuita post-liberalizaciones (AP-1/AP-2/AP-4/AP-7 liberadas); ver tabla_peajes_2026.csv.,14.088,1.785,25.15,Toyota Corolla 140H e-CVT 1.8,4.5,Gasolina 95 E5,2026-10-09
R1005,León,Tarragona,703.105,6.190278,0.0,official_inventory_reference_B,no_toll_expected_official_network,,tabla_peajes_2026.csv + fuentes.csv (MITMA/BOE/concesionarias),Red de referencia gratuita post-liberalizaciones (AP-1/AP-2/AP-4/AP-7 liberadas); ver tabla_peajes_2026.csv.,31.64,1.785,56.48,Toyota Corolla 140H e-CVT 1.8,4.5,Gasolina 95 E5,2026-10-09
R1006,León,Teruel,541.097,5.660278,0.0,official_inventory_reference_B,no_toll_expected_official_network,,tabla_peajes_2026.csv + fuentes.csv (MITMA/BOE/concesionarias),Red de referencia gratuita post-liberalizaciones (AP-1/AP-2/AP-4/AP-7 liberadas); ver tabla_peajes_2026.csv.,24.349,1.785,43.46,Toyota Corolla 140H e-CVT 1.8,4.5,Gasolina 95 E5,2026-10-09
R1007,León,Toledo,408.617,3.635,0.0,official_inventory_reference_B,no_toll_expected_official_network,,tabla_peajes_2026.csv + fuentes.csv (MITMA/BOE/concesionarias),Red de referencia gratuita post-liberalizaciones (AP-1/AP-2/AP-4/AP-7 liberadas); ver tabla_peajes_2026.csv.,18.388,1.785,32.82,Toyota Corolla 140H e-CVT 1.8,4.5,Gasolina 95 E5,2026-10-09
R1008,León,Valencia,712.405,6.244167,0.0,official_inventory_reference_B,no_toll_expected_official_network,,tabla_peajes_2026.csv + fuentes.csv (MITMA/BOE/concesionarias),Red de referencia gratuita post-liberalizaciones (AP-1/AP-2/AP-4/AP-7 liberadas); ver tabla_peajes_2026.csv.,32.058,1.785,57.22,Toyota Corolla 140H e-CVT 1.8,4.5,Gasolina 95 E5,2026-10-09
R1009,León,Valladolid,138.459,1.630556,0.0,official_inventory_reference_B,no_toll_expected_official_network,,tabla_peajes_2026.csv + fuentes.csv (MITMA/BOE/concesionarias),Red de referencia gratuita post-liberalizaciones (AP-1/AP-2/AP-4/AP-7 liberadas); ver tabla_peajes_2026.csv.,6.231,1.785,11.12,Toyota Corolla 140H e-CVT 1.8,4.5,Gasolina 95 E5,2026-10-09
R1010,León,Vitoria-Gasteiz,287.806,2.559167,0.0,official_inventory_reference_B,no_toll_expected_official_network,,tabla_peajes_2026.csv + fuentes.csv (MITMA/BOE/concesionarias),Red de referencia gratuita post-liberalizaciones (AP-1/AP-2/AP-4/AP-7 liberadas); ver tabla_peajes_2026.csv.,12.951,1.785,23.12,Toyota Corolla 140H e-CVT 1.8,4.5,Gasolina 95 E5,2026-10-09
R1011,León,Zamora,146.133,1.493889,0.0,official_inventory_reference_B,no_toll_expected_official_network,,tabla_peajes_2026.csv + fuentes.csv (MITMA/BOE/concesionarias),Red de referencia gratuita post-liberalizaciones (AP-1/AP-2/AP-4/AP-7 liberadas); ver tabla_peajes_2026.csv.,6.576,1.785,11.74,Toyota Corolla 140H e-CVT 1.8,4.5,Gasolina 95 E5,2026-10-09
R1012,León,Zaragoza,474.788,4.210833,0.0,official_inventory_reference_B,no_toll_expected_official_network,,tabla_peajes_2026.csv + fuentes.csv (MITMA/BOE/concesionarias),Red de referencia gratuita post-liberalizaciones (AP-1/AP-2/AP-4/AP-7 liberadas); ver tabla_peajes_2026.csv.,21.365,1.785,38.14,Toyota Corolla 140H e-CVT 1.8,4.5,Gasolina 95 E5,2026-10-09
R1013,Lleida,A Coruña,933.181,8.017222,0.0,official_inventory_reference_B,no_toll_expected_official_network,,tabla_peajes_2026.csv + fuentes.csv (MITMA/BOE/concesionarias),Red de referencia gratuita post-liberalizaciones (AP-1/AP-2/AP-4/AP-7 liberadas); ver tabla_peajes_2026.csv.,41.993,1.785,74.96,Toyota Corolla 140H e-CVT 1.8,4.5,Gasolina 95 E5,2026-10-09
R1014,Lleida,Albacete,503.745,4.793889,0.0,official_inventory_reference_B,no_toll_expected_official_network,,tabla_peajes_2026.csv + fuentes.csv (MITMA/BOE/concesionarias),Red de referencia gratuita post-liberalizaciones (AP-1/AP-2/AP-4/AP-7 liberadas); ver tabla_peajes_2026.csv.,22.669,1.785,40.46,Toyota Corolla 140H e-CVT 1.8,4.5,Gasolina 95 E5,2026-10-09
R1015,Lleida,Alicante,529.2,4.729167,0.0,official_inventory_reference_B,no_toll_expected_official_network,,tabla_peajes_2026.csv + fuentes.csv (MITMA/BOE/concesionarias),Red de referencia gratuita post-liberalizaciones (AP-1/AP-2/AP-4/AP-7 liberadas); ver tabla_peajes_2026.csv.,23.814,1.785,42.51,Toyota Corolla 140H e-CVT 1.8,4.5,Gasolina 95 E5,2026-10-09
R1016,Lleida,Almería,759.639,6.649444,0.0,official_inventory_reference_B,no_toll_expected_official_network,,tabla_peajes_2026.csv + fuentes.csv (MITMA/BOE/concesionarias),Red de referencia gratuita post-liberalizaciones (AP-1/AP-2/AP-4/AP-7 liberadas); ver tabla_peajes_2026.csv.,34.184,1.785,61.02,Toyota Corolla 140H e-CVT 1.8,4.5,Gasolina 95 E5,2026-10-09
R1017,Lleida,Ávila,576.624,5.152222,0.0,official_inventory_reference_B,no_toll_expected_official_network,,tabla_peajes_2026.csv + fuentes.csv (MITMA/BOE/concesionarias),Red de referencia gratuita post-liberalizaciones (AP-1/AP-2/AP-4/AP-7 liberadas); ver tabla_peajes_2026.csv.,25.948,1.785,46.32,Toyota Corolla 140H e-CVT 1.8,4.5,Gasolina 95 E5,2026-10-09
R1018,Lleida,Badajoz,867.041,7.467222,0.0,official_inventory_reference_B,no_toll_expected_official_network,,tabla_peajes_2026.csv + fuentes.csv (MITMA/BOE/concesionarias),Red de referencia gratuita post-liberalizaciones (AP-1/AP-2/AP-4/AP-7 liberadas); ver tabla_peajes_2026.csv.,39.017,1.785,69.65,Toyota Corolla 140H e-CVT 1.8,4.5,Gasolina 95 E5,2026-10-09
R1019,Lleida,Barcelona,177.247,1.635556,0.0,official_inventory_reference_B,no_toll_expected_official_network,,tabla_peajes_2026.csv + fuentes.csv (MITMA/BOE/concesionarias),Red de referencia gratuita post-liberalizaciones (AP-1/AP-2/AP-4/AP-7 liberadas); ver tabla_peajes_2026.csv.,7.976,1.785,14.24,Toyota Corolla 140H e-CVT 1.8,4.5,Gasolina 95 E5,2026-10-09
R1020,Lleida,Bilbao,449.338,3.864722,0.0,official_inventory_reference_B,toll_possible_not_valued,AP-68 / red foral (Bidegi),tabla_peajes_2026.csv + fuentes.csv (MITMA/BOE/concesionarias),Peaje posible para ligeros; tarifa no verificada hoy. Ampliar manual con Bidegi/autopistas.com. tax=0 provisional.,20.22,1.785,36.09,Toyota Corolla 140H e-CVT 1.8,4.5,Gasolina 95 E5,2026-10-09
R1021,Lleida,Burgos,444.718,3.881389,0.0,official_inventory_reference_B,no_toll_expected_official_network,,tabla_peajes_2026.csv + fuentes.csv (MITMA/BOE/concesionarias),Red de referencia gratuita post-liberalizaciones (AP-1/AP-2/AP-4/AP-7 liberadas); ver tabla_peajes_2026.csv.,20.012,1.785,35.72,Toyota Corolla 140H e-CVT 1.8,4.5,Gasolina 95 E5,2026-10-09
R1022,Lleida,Cáceres,764.905,6.631111,0.0,official_inventory_reference_B,no_toll_expected_official_network,,tabla_peajes_2026.csv + fuentes.csv (MITMA/BOE/concesionarias),Red de referencia gratuita post-liberalizaciones (AP-1/AP-2/AP-4/AP-7 liberadas); ver tabla_peajes_2026.csv.,34.421,1.785,61.44,Toyota Corolla 140H e-CVT 1.8,4.5,Gasolina 95 E5,2026-10-09
R1023,Lleida,Cádiz,1108.878,9.634722,0.0,official_inventory_reference_B,no_toll_expected_official_network,,tabla_peajes_2026.csv + fuentes.csv (MITMA/BOE/concesionarias),Red de referencia gratuita post-liberalizaciones (AP-1/AP-2/AP-4/AP-7 liberadas); ver tabla_peajes_2026.csv.,49.9,1.785,89.07,Toyota Corolla 140H e-CVT 1.8,4.5,Gasolina 95 E5,2026-10-09
R1024,Lleida,Castellón de la Plana,272.691,2.598889,0.0,official_inventory_reference_B,no_toll_expected_official_network,,tabla_peajes_2026.csv + fuentes.csv (MITMA/BOE/concesionarias),Red de referencia gratuita post-liberalizaciones (AP-1/AP-2/AP-4/AP-7 liberadas); ver tabla_peajes_2026.csv.,12.271,1.785,21.9,Toyota Corolla 140H e-CVT 1.8,4.5,Gasolina 95 E5,2026-10-09
R1025,Lleida,Ciudad Real,657.265,5.86,0.0,official_inventory_reference_B,no_toll_expected_official_network,,tabla_peajes_2026.csv + fuentes.csv (MITMA/BOE/concesionarias),Red de referencia gratuita post-liberalizaciones (AP-1/AP-2/AP-4/AP-7 liberadas); ver tabla_peajes_2026.csv.,29.577,1.785,52.79,Toyota Corolla 140H e-CVT 1.8,4.5,Gasolina 95 E5,2026-10-09
R1026,Lleida,Córdoba,847.872,7.531389,0.0,official_inventory_reference_B,no_toll_expected_official_network,,tabla_peajes_2026.csv + fuentes.csv (MITMA/BOE/concesionarias),Red de referencia gratuita post-liberalizaciones (AP-1/AP-2/AP-4/AP-7 liberadas); ver tabla_peajes_2026.csv.,38.154,1.785,68.11,Toyota Corolla 140H e-CVT 1.8,4.5,Gasolina 95 E5,2026-10-09
R1027,Lleida,Cuenca,469.498,4.431389,0.0,official_inventory_reference_B,no_toll_expected_official_network,,tabla_peajes_2026.csv + fuentes.csv (MITMA/BOE/concesionarias),Red de referencia gratuita post-liberalizaciones (AP-1/AP-2/AP-4/AP-7 liberadas); ver tabla_peajes_2026.csv.,21.127,1.785,37.71,Toyota Corolla 140H e-CVT 1.8,4.5,Gasolina 95 E5,2026-10-09
R1028,Lleida,Girona,227.372,2.133056,0.0,official_inventory_reference_B,no_toll_expected_official_network,,tabla_peajes_2026.csv + fuentes.csv (MITMA/BOE/concesionarias),Red de referencia gratuita post-liberalizaciones (AP-1/AP-2/AP-4/AP-7 liberadas); ver tabla_peajes_2026.csv.,10.232,1.785,18.26,Toyota Corolla 140H e-CVT 1.8,4.5,Gasolina 95 E5,2026-10-09
R1029,Lleida,Granada,872.267,7.633333,0.0,official_inventory_reference_B,no_toll_expected_official_network,,tabla_peajes_2026.csv + fuentes.csv (MITMA/BOE/concesionarias),Red de referencia gratuita post-liberalizaciones (AP-1/AP-2/AP-4/AP-7 liberadas); ver tabla_peajes_2026.csv.,39.252,1.785,70.06,Toyota Corolla 140H e-CVT 1.8,4.5,Gasolina 95 E5,2026-10-09
R1030,Lleida,Guadalajara,402.917,3.520278,0.0,official_inventory_reference_B,no_toll_expected_official_network,,tabla_peajes_2026.csv + fuentes.csv (MITMA/BOE/concesionarias),Red de referencia gratuita post-liberalizaciones (AP-1/AP-2/AP-4/AP-7 liberadas); ver tabla_peajes_2026.csv.,18.131,1.785,32.36,Toyota Corolla 140H e-CVT 1.8,4.5,Gasolina 95 E5,2026-10-09
R1031,Lleida,Huelva,1073.86,9.255556,0.0,official_inventory_reference_B,no_toll_expected_official_network,,tabla_peajes_2026.csv + fuentes.csv (MITMA/BOE/concesionarias),Red de referencia gratuita post-liberalizaciones (AP-1/AP-2/AP-4/AP-7 liberadas); ver tabla_peajes_2026.csv.,48.324,1.785,86.26,Toyota Corolla 140H e-CVT 1.8,4.5,Gasolina 95 E5,2026-10-09
R1032,Lleida,Huesca,118.656,1.193611,0.0,official_inventory_reference_B,no_toll_expected_official_network,,tabla_peajes_2026.csv + fuentes.csv (MITMA/BOE/concesionarias),Red de referencia gratuita post-liberalizaciones (AP-1/AP-2/AP-4/AP-7 liberadas); ver tabla_peajes_2026.csv.,5.34,1.785,9.53,Toyota Corolla 140H e-CVT 1.8,4.5,Gasolina 95 E5,2026-10-09
R1033,Lleida,Jaén,784.604,6.880556,0.0,official_inventory_reference_B,no_toll_expected_official_network,,tabla_peajes_2026.csv + fuentes.csv (MITMA/BOE/concesionarias),Red de referencia gratuita post-liberalizaciones (AP-1/AP-2/AP-4/AP-7 liberadas); ver tabla_peajes_2026.csv.,35.307,1.785,63.02,Toyota Corolla 140H e-CVT 1.8,4.5,Gasolina 95 E5,2026-10-09
R1034,Lleida,León,617.831,5.334444,0.0,official_inventory_reference_B,no_toll_expected_official_network,,tabla_peajes_2026.csv + fuentes.csv (MITMA/BOE/concesionarias),Red de referencia gratuita post-liberalizaciones (AP-1/AP-2/AP-4/AP-7 liberadas); ver tabla_peajes_2026.csv.,27.802,1.785,49.63,Toyota Corolla 140H e-CVT 1.8,4.5,Gasolina 95 E5,2026-10-09
R1035,Lleida,Logroño,324.634,2.846667,0.0,official_inventory_reference_B,no_toll_expected_official_network,,tabla_peajes_2026.csv + fuentes.csv (MITMA/BOE/concesionarias),Red de referencia gratuita post-liberalizaciones (AP-1/AP-2/AP-4/AP-7 liberadas); ver tabla_peajes_2026.csv.,14.609,1.785,26.08,Toyota Corolla 140H e-CVT 1.8,4.5,Gasolina 95 E5,2026-10-09
R1036,Lleida,Lugo,837.284,7.2025,0.0,official_inventory_reference_B,no_toll_expected_official_network,,tabla_peajes_2026.csv + fuentes.csv (MITMA/BOE/concesionarias),Red de referencia gratuita post-liberalizaciones (AP-1/AP-2/AP-4/AP-7 liberadas); ver tabla_peajes_2026.csv.,37.678,1.785,67.25,Toyota Corolla 140H e-CVT 1.8,4.5,Gasolina 95 E5,2026-10-09
R1037,Lleida,Madrid,460.412,4.070278,0.0,official_inventory_reference_B,no_toll_expected_official_network,,tabla_peajes_2026.csv + fuentes.csv (MITMA/BOE/concesionarias),Red de referencia gratuita post-liberalizaciones (AP-1/AP-2/AP-4/AP-7 liberadas); ver tabla_peajes_2026.csv.,20.719,1.785,36.98,Toyota Corolla 140H e-CVT 1.8,4.5,Gasolina 95 E5,2026-10-09
R1038,Lleida,Málaga,981.703,9.374722,0.0,official_inventory_reference_B,no_toll_expected_official_network,,tabla_peajes_2026.csv + fuentes.csv (MITMA/BOE/concesionarias),Red de referencia gratuita post-liberalizaciones (AP-1/AP-2/AP-4/AP-7 liberadas); ver tabla_peajes_2026.csv.,44.177,1.785,78.86,Toyota Corolla 140H e-CVT 1.8,4.5,Gasolina 95 E5,2026-10-09
R1039,Lleida,Murcia,567.746,5.088611,0.0,official_inventory_reference_B,no_toll_expected_official_network,,tabla_peajes_2026.csv + fuentes.csv (MITMA/BOE/concesionarias),Red de referencia gratuita post-liberalizaciones (AP-1/AP-2/AP-4/AP-7 liberadas); ver tabla_peajes_2026.csv.,25.549,1.785,45.6,Toyota Corolla 140H e-CVT 1.8,4.5,Gasolina 95 E5,2026-10-09
R1040,Lleida,Ourense,898.767,7.828889,0.0,official_inventory_reference_B,no_toll_expected_official_network,,tabla_peajes_2026.csv + fuentes.csv (MITMA/BOE/concesionarias),Red de referencia gratuita post-liberalizaciones (AP-1/AP-2/AP-4/AP-7 liberadas); ver tabla_peajes_2026.csv.,40.445,1.785,72.19,Toyota Corolla 140H e-CVT 1.8,4.5,Gasolina 95 E5,2026-10-09
R1041,Lleida,Oviedo,738.354,6.435833,0.0,official_inventory_reference_B,no_toll_expected_official_network,,tabla_peajes_2026.csv + fuentes.csv (MITMA/BOE/concesionarias),Corredor cantábrico/pirenaico sin AP-66 en la referencia.,33.226,1.785,59.31,Toyota Corolla 140H e-CVT 1.8,4.5,Gasolina 95 E5,2026-10-09
R1042,Lleida,Palencia,530.286,4.618056,0.0,official_inventory_reference_B,no_toll_expected_official_network,,tabla_peajes_2026.csv + fuentes.csv (MITMA/BOE/concesionarias),Red de referencia gratuita post-liberalizaciones (AP-1/AP-2/AP-4/AP-7 liberadas); ver tabla_peajes_2026.csv.,23.863,1.785,42.6,Toyota Corolla 140H e-CVT 1.8,4.5,Gasolina 95 E5,2026-10-09
R1043,Lleida,Pamplona,325.998,2.868889,0.0,official_inventory_reference_B,no_toll_expected_official_network,,tabla_peajes_2026.csv + fuentes.csv (MITMA/BOE/concesionarias),Red de referencia gratuita post-liberalizaciones (AP-1/AP-2/AP-4/AP-7 liberadas); ver tabla_peajes_2026.csv.,14.67,1.785,26.19,Toyota Corolla 140H e-CVT 1.8,4.5,Gasolina 95 E5,2026-10-09
R1044,Lleida,Pontevedra,986.052,8.913056,0.0,official_inventory_reference_B,no_toll_expected_official_network,,tabla_peajes_2026.csv + fuentes.csv (MITMA/BOE/concesionarias),Red de referencia gratuita post-liberalizaciones (AP-1/AP-2/AP-4/AP-7 liberadas); ver tabla_peajes_2026.csv.,44.372,1.785,79.2,Toyota Corolla 140H e-CVT 1.8,4.5,Gasolina 95 E5,2026-10-09
R1045,Lleida,Salamanca,675.398,5.970556,0.0,official_inventory_reference_B,no_toll_expected_official_network,,tabla_peajes_2026.csv + fuentes.csv (MITMA/BOE/concesionarias),Red de referencia gratuita post-liberalizaciones (AP-1/AP-2/AP-4/AP-7 liberadas); ver tabla_peajes_2026.csv.,30.393,1.785,54.25,Toyota Corolla 140H e-CVT 1.8,4.5,Gasolina 95 E5,2026-10-09
R1046,Lleida,San Sebastián,360.484,3.678889,0.0,official_inventory_reference_B,no_toll_expected_official_network,,tabla_peajes_2026.csv + fuentes.csv (MITMA/BOE/concesionarias),Red de referencia gratuita post-liberalizaciones (AP-1/AP-2/AP-4/AP-7 liberadas); ver tabla_peajes_2026.csv.,16.222,1.785,28.96,Toyota Corolla 140H e-CVT 1.8,4.5,Gasolina 95 E5,2026-10-09
R1047,Lleida,Santander,546.312,4.781389,0.0,official_inventory_reference_B,no_toll_expected_official_network,,tabla_peajes_2026.csv + fuentes.csv (MITMA/BOE/concesionarias),Red de referencia gratuita post-liberalizaciones (AP-1/AP-2/AP-4/AP-7 liberadas); ver tabla_peajes_2026.csv.,24.584,1.785,43.88,Toyota Corolla 140H e-CVT 1.8,4.5,Gasolina 95 E5,2026-10-09
R1048,Lleida,Segovia,554.388,4.965,0.0,official_inventory_reference_B,no_toll_expected_official_network,,tabla_peajes_2026.csv + fuentes.csv (MITMA/BOE/concesionarias),Red de referencia gratuita post-liberalizaciones (AP-1/AP-2/AP-4/AP-7 liberadas); ver tabla_peajes_2026.csv.,24.947,1.785,44.53,Toyota Corolla 140H e-CVT 1.8,4.5,Gasolina 95 E5,2026-10-09
R1049,Lleida,Sevilla,996.681,8.562778,0.0,official_inventory_reference_B,no_toll_expected_official_network,,tabla_peajes_2026.csv + fuentes.csv (MITMA/BOE/concesionarias),Red de referencia gratuita post-liberalizaciones (AP-1/AP-2/AP-4/AP-7 liberadas); ver tabla_peajes_2026.csv.,44.851,1.785,80.06,Toyota Corolla 140H e-CVT 1.8,4.5,Gasolina 95 E5,2026-10-09
R1050,Lleida,Soria,303.827,2.961389,0.0,official_inventory_reference_B,no_toll_expected_official_network,,tabla_peajes_2026.csv + fuentes.csv (MITMA/BOE/concesionarias),Red de referencia gratuita post-liberalizaciones (AP-1/AP-2/AP-4/AP-7 liberadas); ver tabla_peajes_2026.csv.,13.672,1.785,24.4,Toyota Corolla 140H e-CVT 1.8,4.5,Gasolina 95 E5,2026-10-09
R1051,Lleida,Tarragona,99.055,1.008333,0.0,official_inventory_reference_B,no_toll_expected_official_network,,tabla_peajes_2026.csv + fuentes.csv (MITMA/BOE/concesionarias),Red de referencia gratuita post-liberalizaciones (AP-1/AP-2/AP-4/AP-7 liberadas); ver tabla_peajes_2026.csv.,4.457,1.785,7.96,Toyota Corolla 140H e-CVT 1.8,4.5,Gasolina 95 E5,2026-10-09
R1052,Lleida,Teruel,323.434,2.833611,0.0,official_inventory_reference_B,no_toll_expected_official_network,,tabla_peajes_2026.csv + fuentes.csv (MITMA/BOE/concesionarias),Red de referencia gratuita post-liberalizaciones (AP-1/AP-2/AP-4/AP-7 liberadas); ver tabla_peajes_2026.csv.,14.555,1.785,25.98,Toyota Corolla 140H e-CVT 1.8,4.5,Gasolina 95 E5,2026-10-09
R1053,Lleida,Toledo,532.584,4.6675,0.0,official_inventory_reference_B,no_toll_expected_official_network,,tabla_peajes_2026.csv + fuentes.csv (MITMA/BOE/concesionarias),Red de referencia gratuita post-liberalizaciones (AP-1/AP-2/AP-4/AP-7 liberadas); ver tabla_peajes_2026.csv.,23.966,1.785,42.78,Toyota Corolla 140H e-CVT 1.8,4.5,Gasolina 95 E5,2026-10-09
R1054,Lleida,Valencia,343.324,3.156667,0.0,official_inventory_reference_B,no_toll_expected_official_network,,tabla_peajes_2026.csv + fuentes.csv (MITMA/BOE/concesionarias),Red de referencia gratuita post-liberalizaciones (AP-1/AP-2/AP-4/AP-7 liberadas); ver tabla_peajes_2026.csv.,15.45,1.785,27.58,Toyota Corolla 140H e-CVT 1.8,4.5,Gasolina 95 E5,2026-10-09
R1055,Lleida,Valladolid,567.367,4.955833,0.0,official_inventory_reference_B,no_toll_expected_official_network,,tabla_peajes_2026.csv + fuentes.csv (MITMA/BOE/concesionarias),Red de referencia gratuita post-liberalizaciones (AP-1/AP-2/AP-4/AP-7 liberadas); ver tabla_peajes_2026.csv.,25.532,1.785,45.57,Toyota Corolla 140H e-CVT 1.8,4.5,Gasolina 95 E5,2026-10-09
R1056,Lleida,Vitoria-Gasteiz,403.53,3.506944,0.0,official_inventory_reference_B,no_toll_expected_official_network,,tabla_peajes_2026.csv + fuentes.csv (MITMA/BOE/concesionarias),Red de referencia gratuita post-liberalizaciones (AP-1/AP-2/AP-4/AP-7 liberadas); ver tabla_peajes_2026.csv.,18.159,1.785,32.41,Toyota Corolla 140H e-CVT 1.8,4.5,Gasolina 95 E5,2026-10-09
R1057,Lleida,Zamora,673.57,5.976667,0.0,official_inventory_reference_B,no_toll_expected_official_network,,tabla_peajes_2026.csv + fuentes.csv (MITMA/BOE/concesionarias),Red de referencia gratuita post-liberalizaciones (AP-1/AP-2/AP-4/AP-7 liberadas); ver tabla_peajes_2026.csv.,30.311,1.785,54.1,Toyota Corolla 140H e-CVT 1.8,4.5,Gasolina 95 E5,2026-10-09
R1058,Lleida,Zaragoza,150.849,1.413611,0.0,official_inventory_reference_B,no_toll_expected_official_network,,tabla_peajes_2026.csv + fuentes.csv (MITMA/BOE/concesionarias),Red de referencia gratuita post-liberalizaciones (AP-1/AP-2/AP-4/AP-7 liberadas); ver tabla_peajes_2026.csv.,6.788,1.785,12.12,Toyota Corolla 140H e-CVT 1.8,4.5,Gasolina 95 E5,2026-10-09
R1059,Logroño,A Coruña,606.376,5.459444,0.0,official_inventory_reference_B,no_toll_expected_official_network,,tabla_peajes_2026.csv + fuentes.csv (MITMA/BOE/concesionarias),Red de referencia gratuita post-liberalizaciones (AP-1/AP-2/AP-4/AP-7 liberadas); ver tabla_peajes_2026.csv.,27.287,1.785,48.71,Toyota Corolla 140H e-CVT 1.8,4.5,Gasolina 95 E5,2026-10-09
R1060,Logroño,Albacete,568.949,5.573889,0.0,official_inventory_reference_B,no_toll_expected_official_network,,tabla_peajes_2026.csv + fuentes.csv (MITMA/BOE/concesionarias),Red de referencia gratuita post-liberalizaciones (AP-1/AP-2/AP-4/AP-7 liberadas); ver tabla_peajes_2026.csv.,25.603,1.785,45.7,Toyota Corolla 140H e-CVT 1.8,4.5,Gasolina 95 E5,2026-10-09
R1061,Logroño,Alicante,665.233,5.856944,0.0,official_inventory_reference_B,no_toll_expected_official_network,,tabla_peajes_2026.csv + fuentes.csv (MITMA/BOE/concesionarias),Red de referencia gratuita post-liberalizaciones (AP-1/AP-2/AP-4/AP-7 liberadas); ver tabla_peajes_2026.csv.,29.935,1.785,53.43,Toyota Corolla 140H e-CVT 1.8,4.5,Gasolina 95 E5,2026-10-09
R1062,Logroño,Almería,895.672,7.777222,0.0,official_inventory_reference_B,no_toll_expected_official_network,,tabla_peajes_2026.csv + fuentes.csv (MITMA/BOE/concesionarias),Red de referencia gratuita post-liberalizaciones (AP-1/AP-2/AP-4/AP-7 liberadas); ver tabla_peajes_2026.csv.,40.305,1.785,71.94,Toyota Corolla 140H e-CVT 1.8,4.5,Gasolina 95 E5,2026-10-09
R1063,Logroño,Ávila,378.925,3.6425,0.0,official_inventory_reference_B,no_toll_expected_official_network,,tabla_peajes_2026.csv + fuentes.csv (MITMA/BOE/concesionarias),Red de referencia gratuita post-liberalizaciones (AP-1/AP-2/AP-4/AP-7 liberadas); ver tabla_peajes_2026.csv.,17.052,1.785,30.44,Toyota Corolla 140H e-CVT 1.8,4.5,Gasolina 95 E5,2026-10-09
R1064,Logroño,Badajoz,651.728,6.131111,0.0,official_inventory_reference_B,no_toll_expected_official_network,,tabla_peajes_2026.csv + fuentes.csv (MITMA/BOE/concesionarias),Red de referencia gratuita post-liberalizaciones (AP-1/AP-2/AP-4/AP-7 liberadas); ver tabla_peajes_2026.csv.,29.328,1.785,52.35,Toyota Corolla 140H e-CVT 1.8,4.5,Gasolina 95 E5,2026-10-09
R1065,Logroño,Barcelona,477.768,4.21,0.0,official_inventory_reference_B,no_toll_expected_official_network,,tabla_peajes_2026.csv + fuentes.csv (MITMA/BOE/concesionarias),Red de referencia gratuita post-liberalizaciones (AP-1/AP-2/AP-4/AP-7 liberadas); ver tabla_peajes_2026.csv.,21.5,1.785,38.38,Toyota Corolla 140H e-CVT 1.8,4.5,Gasolina 95 E5,2026-10-09
R1066,Logroño,Bilbao,137.117,1.301111,0.0,official_inventory_reference_B,toll_possible_not_valued,AP-68 / red foral (Bidegi),tabla_peajes_2026.csv + fuentes.csv (MITMA/BOE/concesionarias),Peaje posible para ligeros; tarifa no verificada hoy. Ampliar manual con Bidegi/autopistas.com. tax=0 provisional.,6.17,1.785,11.01,Toyota Corolla 140H e-CVT 1.8,4.5,Gasolina 95 E5,2026-10-09
R1067,Logroño,Burgos,113.583,1.308333,0.0,official_inventory_reference_B,no_toll_expected_official_network,,tabla_peajes_2026.csv + fuentes.csv (MITMA/BOE/concesionarias),Red de referencia gratuita post-liberalizaciones (AP-1/AP-2/AP-4/AP-7 liberadas); ver tabla_peajes_2026.csv.,5.111,1.785,9.12,Toyota Corolla 140H e-CVT 1.8,4.5,Gasolina 95 E5,2026-10-09
R1068,Logroño,Cáceres,564.115,5.179444,0.0,official_inventory_reference_B,no_toll_expected_official_network,,tabla_peajes_2026.csv + fuentes.csv (MITMA/BOE/concesionarias),Red de referencia gratuita post-liberalizaciones (AP-1/AP-2/AP-4/AP-7 liberadas); ver tabla_peajes_2026.csv.,25.385,1.785,45.31,Toyota Corolla 140H e-CVT 1.8,4.5,Gasolina 95 E5,2026-10-09
R1069,Logroño,Cádiz,939.634,8.379444,0.0,official_inventory_reference_B,no_toll_expected_official_network,,tabla_peajes_2026.csv + fuentes.csv (MITMA/BOE/concesionarias),Red de referencia gratuita post-liberalizaciones (AP-1/AP-2/AP-4/AP-7 liberadas); ver tabla_peajes_2026.csv.,42.284,1.785,75.48,Toyota Corolla 140H e-CVT 1.8,4.5,Gasolina 95 E5,2026-10-09
R1070,Logroño,Castellón de la Plana,484.532,4.431944,0.0,official_inventory_reference_B,no_toll_expected_official_network,,tabla_peajes_2026.csv + fuentes.csv (MITMA/BOE/concesionarias),Red de referencia gratuita post-liberalizaciones (AP-1/AP-2/AP-4/AP-7 liberadas); ver tabla_peajes_2026.csv.,21.804,1.785,38.92,Toyota Corolla 140H e-CVT 1.8,4.5,Gasolina 95 E5,2026-10-09
R1071,Logroño,Ciudad Real,524.466,5.033056,0.0,official_inventory_reference_B,no_toll_expected_official_network,,tabla_peajes_2026.csv + fuentes.csv (MITMA/BOE/concesionarias),Red de referencia gratuita post-liberalizaciones (AP-1/AP-2/AP-4/AP-7 liberadas); ver tabla_peajes_2026.csv.,23.601,1.785,42.13,Toyota Corolla 140H e-CVT 1.8,4.5,Gasolina 95 E5,2026-10-09
R1072,Logroño,Córdoba,715.073,6.704444,0.0,official_inventory_reference_B,no_toll_expected_official_network,,tabla_peajes_2026.csv + fuentes.csv (MITMA/BOE/concesionarias),Red de referencia gratuita post-liberalizaciones (AP-1/AP-2/AP-4/AP-7 liberadas); ver tabla_peajes_2026.csv.,32.178,1.785,57.44,Toyota Corolla 140H e-CVT 1.8,4.5,Gasolina 95 E5,2026-10-09
R1073,Logroño,Cuenca,373.045,4.080278,0.0,official_inventory_reference_B,no_toll_expected_official_network,,tabla_peajes_2026.csv + fuentes.csv (MITMA/BOE/concesionarias),Red de referencia gratuita post-liberalizaciones (AP-1/AP-2/AP-4/AP-7 liberadas); ver tabla_peajes_2026.csv.,16.787,1.785,29.96,Toyota Corolla 140H e-CVT 1.8,4.5,Gasolina 95 E5,2026-10-09
R1074,Logroño,Girona,543.517,4.795,0.0,official_inventory_reference_B,no_toll_expected_official_network,,tabla_peajes_2026.csv + fuentes.csv (MITMA/BOE/concesionarias),Red de referencia gratuita post-liberalizaciones (AP-1/AP-2/AP-4/AP-7 liberadas); ver tabla_peajes_2026.csv.,24.458,1.785,43.66,Toyota Corolla 140H e-CVT 1.8,4.5,Gasolina 95 E5,2026-10-09
R1075,Logroño,Granada,739.468,6.806389,0.0,official_inventory_reference_B,no_toll_expected_official_network,,tabla_peajes_2026.csv + fuentes.csv (MITMA/BOE/concesionarias),Red de referencia gratuita post-liberalizaciones (AP-1/AP-2/AP-4/AP-7 liberadas); ver tabla_peajes_2026.csv.,33.276,1.785,59.4,Toyota Corolla 140H e-CVT 1.8,4.5,Gasolina 95 E5,2026-10-09
R1076,Logroño,Guadalajara,270.113,2.692778,0.0,official_inventory_reference_B,no_toll_expected_official_network,,tabla_peajes_2026.csv + fuentes.csv (MITMA/BOE/concesionarias),Red de referencia gratuita post-liberalizaciones (AP-1/AP-2/AP-4/AP-7 liberadas); ver tabla_peajes_2026.csv.,12.155,1.785,21.7,Toyota Corolla 140H e-CVT 1.8,4.5,Gasolina 95 E5,2026-10-09
R1077,Logroño,Huelva,904.616,8.000278,0.0,official_inventory_reference_B,no_toll_expected_official_network,,tabla_peajes_2026.csv + fuentes.csv (MITMA/BOE/concesionarias),Red de referencia gratuita post-liberalizaciones (AP-1/AP-2/AP-4/AP-7 liberadas); ver tabla_peajes_2026.csv.,40.708,1.785,72.66,Toyota Corolla 140H e-CVT 1.8,4.5,Gasolina 95 E5,2026-10-09
R1078,Logroño,Huesca,244.496,2.210833,0.0,official_inventory_reference_B,no_toll_expected_official_network,,tabla_peajes_2026.csv + fuentes.csv (MITMA/BOE/concesionarias),Red de referencia gratuita post-liberalizaciones (AP-1/AP-2/AP-4/AP-7 liberadas); ver tabla_peajes_2026.csv.,11.002,1.785,19.64,Toyota Corolla 140H e-CVT 1.8,4.5,Gasolina 95 E5,2026-10-09
R1079,Logroño,Jaén,651.805,6.053611,0.0,official_inventory_reference_B,no_toll_expected_official_network,,tabla_peajes_2026.csv + fuentes.csv (MITMA/BOE/concesionarias),Red de referencia gratuita post-liberalizaciones (AP-1/AP-2/AP-4/AP-7 liberadas); ver tabla_peajes_2026.csv.,29.331,1.785,52.36,Toyota Corolla 140H e-CVT 1.8,4.5,Gasolina 95 E5,2026-10-09
R1080,Logroño,León,305.617,2.771667,0.0,official_inventory_reference_B,no_toll_expected_official_network,,tabla_peajes_2026.csv + fuentes.csv (MITMA/BOE/concesionarias),Red de referencia gratuita post-liberalizaciones (AP-1/AP-2/AP-4/AP-7 liberadas); ver tabla_peajes_2026.csv.,13.753,1.785,24.55,Toyota Corolla 140H e-CVT 1.8,4.5,Gasolina 95 E5,2026-10-09
R1081,Logroño,Lleida,316.862,2.784722,0.0,official_inventory_reference_B,no_toll_expected_official_network,,tabla_peajes_2026.csv + fuentes.csv (MITMA/BOE/concesionarias),Red de referencia gratuita post-liberalizaciones (AP-1/AP-2/AP-4/AP-7 liberadas); ver tabla_peajes_2026.csv.,14.259,1.785,25.45,Toyota Corolla 140H e-CVT 1.8,4.5,Gasolina 95 E5,2026-10-09
R1082,Logroño,Lugo,525.07,4.639722,0.0,official_inventory_reference_B,no_toll_expected_official_network,,tabla_peajes_2026.csv + fuentes.csv (MITMA/BOE/concesionarias),Red de referencia gratuita post-liberalizaciones (AP-1/AP-2/AP-4/AP-7 liberadas); ver tabla_peajes_2026.csv.,23.628,1.785,42.18,Toyota Corolla 140H e-CVT 1.8,4.5,Gasolina 95 E5,2026-10-09
R1083,Logroño,Madrid,327.616,3.243333,0.0,official_inventory_reference_B,no_toll_expected_official_network,,tabla_peajes_2026.csv + fuentes.csv (MITMA/BOE/concesionarias),Red de referencia gratuita post-liberalizaciones (AP-1/AP-2/AP-4/AP-7 liberadas); ver tabla_peajes_2026.csv.,14.743,1.785,26.32,Toyota Corolla 140H e-CVT 1.8,4.5,Gasolina 95 E5,2026-10-09
R1084,Logroño,Málaga,848.904,8.547778,0.0,official_inventory_reference_B,no_toll_expected_official_network,,tabla_peajes_2026.csv + fuentes.csv (MITMA/BOE/concesionarias),Red de referencia gratuita post-liberalizaciones (AP-1/AP-2/AP-4/AP-7 liberadas); ver tabla_peajes_2026.csv.,38.201,1.785,68.19,Toyota Corolla 140H e-CVT 1.8,4.5,Gasolina 95 E5,2026-10-09
R1085,Logroño,Murcia,703.779,6.216389,0.0,official_inventory_reference_B,no_toll_expected_official_network,,tabla_peajes_2026.csv + fuentes.csv (MITMA/BOE/concesionarias),Red de referencia gratuita post-liberalizaciones (AP-1/AP-2/AP-4/AP-7 liberadas); ver tabla_peajes_2026.csv.,31.67,1.785,56.53,Toyota Corolla 140H e-CVT 1.8,4.5,Gasolina 95 E5,2026-10-09
R1086,Logroño,Ourense,571.962,5.271389,0.0,official_inventory_reference_B,no_toll_expected_official_network,,tabla_peajes_2026.csv + fuentes.csv (MITMA/BOE/concesionarias),Red de referencia gratuita post-liberalizaciones (AP-1/AP-2/AP-4/AP-7 liberadas); ver tabla_peajes_2026.csv.,25.738,1.785,45.94,Toyota Corolla 140H e-CVT 1.8,4.5,Gasolina 95 E5,2026-10-09
R1087,Logroño,Oviedo,423.403,3.859167,0.0,official_inventory_reference_B,no_toll_expected_official_network,,tabla_peajes_2026.csv + fuentes.csv (MITMA/BOE/concesionarias),Corredor cantábrico/pirenaico sin AP-66 en la referencia.,19.053,1.785,34.01,Toyota Corolla 140H e-CVT 1.8,4.5,Gasolina 95 E5,2026-10-09
R1088,Logroño,Palencia,203.475,2.060278,0.0,official_inventory_reference_B,no_toll_expected_official_network,,tabla_peajes_2026.csv + fuentes.csv (MITMA/BOE/concesionarias),Red de referencia gratuita post-liberalizaciones (AP-1/AP-2/AP-4/AP-7 liberadas); ver tabla_peajes_2026.csv.,9.156,1.785,16.34,Toyota Corolla 140H e-CVT 1.8,4.5,Gasolina 95 E5,2026-10-09
R1089,Logroño,Pamplona,84.903,0.855556,0.0,official_inventory_reference_B,toll_possible_not_valued,AP-68 / red foral (Bidegi),tabla_peajes_2026.csv + fuentes.csv (MITMA/BOE/concesionarias),Peaje posible para ligeros; tarifa no verificada hoy. Ampliar manual con Bidegi/autopistas.com. tax=0 provisional.,3.821,1.785,6.82,Toyota Corolla 140H e-CVT 1.8,4.5,Gasolina 95 E5,2026-10-09
R1090,Logroño,Pontevedra,659.247,6.355278,0.0,official_inventory_reference_B,no_toll_expected_official_network,,tabla_peajes_2026.csv + fuentes.csv (MITMA/BOE/concesionarias),Red de referencia gratuita post-liberalizaciones (AP-1/AP-2/AP-4/AP-7 liberadas); ver tabla_peajes_2026.csv.,29.666,1.785,52.95,Toyota Corolla 140H e-CVT 1.8,4.5,Gasolina 95 E5,2026-10-09
R1091,Logroño,Salamanca,355.761,3.376389,0.0,official_inventory_reference_B,no_toll_expected_official_network,,tabla_peajes_2026.csv + fuentes.csv (MITMA/BOE/concesionarias),Red de referencia gratuita post-liberalizaciones (AP-1/AP-2/AP-4/AP-7 liberadas); ver tabla_peajes_2026.csv.,16.009,1.785,28.58,Toyota Corolla 140H e-CVT 1.8,4.5,Gasolina 95 E5,2026-10-09
R1092,Logroño,San Sebastián,166.708,1.629722,0.0,official_inventory_reference_B,toll_possible_not_valued,AP-68 / red foral (Bidegi),tabla_peajes_2026.csv + fuentes.csv (MITMA/BOE/concesionarias),Peaje posible para ligeros; tarifa no verificada hoy. Ampliar manual con Bidegi/autopistas.com. tax=0 provisional.,7.502,1.785,13.39,Toyota Corolla 140H e-CVT 1.8,4.5,Gasolina 95 E5,2026-10-09
R1093,Logroño,Santander,234.087,2.217222,0.0,official_inventory_reference_B,toll_possible_not_valued,AP-68 / red foral (Bidegi),tabla_peajes_2026.csv + fuentes.csv (MITMA/BOE/concesionarias),Peaje posible para ligeros; tarifa no verificada hoy. Ampliar manual con Bidegi/autopistas.com. tax=0 provisional.,10.534,1.785,18.8,Toyota Corolla 140H e-CVT 1.8,4.5,Gasolina 95 E5,2026-10-09
R1094,Logroño,Segovia,311.946,3.204167,0.0,official_inventory_reference_B,no_toll_expected_official_network,,tabla_peajes_2026.csv + fuentes.csv (MITMA/BOE/concesionarias),Red de referencia gratuita post-liberalizaciones (AP-1/AP-2/AP-4/AP-7 liberadas); ver tabla_peajes_2026.csv.,14.038,1.785,25.06,Toyota Corolla 140H e-CVT 1.8,4.5,Gasolina 95 E5,2026-10-09
R1095,Logroño,Sevilla,820.42,7.290556,0.0,official_inventory_reference_B,no_toll_expected_official_network,,tabla_peajes_2026.csv + fuentes.csv (MITMA/BOE/concesionarias),Red de referencia gratuita post-liberalizaciones (AP-1/AP-2/AP-4/AP-7 liberadas); ver tabla_peajes_2026.csv.,36.919,1.785,65.9,Toyota Corolla 140H e-CVT 1.8,4.5,Gasolina 95 E5,2026-10-09
R1096,Logroño,Soria,101.061,1.215556,0.0,official_inventory_reference_B,no_toll_expected_official_network,,tabla_peajes_2026.csv + fuentes.csv (MITMA/BOE/concesionarias),Red de referencia gratuita post-liberalizaciones (AP-1/AP-2/AP-4/AP-7 liberadas); ver tabla_peajes_2026.csv.,4.548,1.785,8.12,Toyota Corolla 140H e-CVT 1.8,4.5,Gasolina 95 E5,2026-10-09
R1097,Logroño,Tarragona,399.586,3.583056,0.0,official_inventory_reference_B,no_toll_expected_official_network,,tabla_peajes_2026.csv + fuentes.csv (MITMA/BOE/concesionarias),Red de referencia gratuita post-liberalizaciones (AP-1/AP-2/AP-4/AP-7 liberadas); ver tabla_peajes_2026.csv.,17.981,1.785,32.1,Toyota Corolla 140H e-CVT 1.8,4.5,Gasolina 95 E5,2026-10-09
R1098,Logroño,Teruel,340.857,3.032778,0.0,official_inventory_reference_B,no_toll_expected_official_network,,tabla_peajes_2026.csv + fuentes.csv (MITMA/BOE/concesionarias),Red de referencia gratuita post-liberalizaciones (AP-1/AP-2/AP-4/AP-7 liberadas); ver tabla_peajes_2026.csv.,15.339,1.785,27.38,Toyota Corolla 140H e-CVT 1.8,4.5,Gasolina 95 E5,2026-10-09
R1099,Logroño,Toledo,399.785,3.840556,0.0,official_inventory_reference_B,no_toll_expected_official_network,,tabla_peajes_2026.csv + fuentes.csv (MITMA/BOE/concesionarias),Red de referencia gratuita post-liberalizaciones (AP-1/AP-2/AP-4/AP-7 liberadas); ver tabla_peajes_2026.csv.,17.99,1.785,32.11,Toyota Corolla 140H e-CVT 1.8,4.5,Gasolina 95 E5,2026-10-09
R1100,Logroño,Valencia,478.773,4.278889,0.0,official_inventory_reference_B,no_toll_expected_official_network,,tabla_peajes_2026.csv + fuentes.csv (MITMA/BOE/concesionarias),Red de referencia gratuita post-liberalizaciones (AP-1/AP-2/AP-4/AP-7 liberadas); ver tabla_peajes_2026.csv.,21.545,1.785,38.46,Toyota Corolla 140H e-CVT 1.8,4.5,Gasolina 95 E5,2026-10-09
R1101,Logroño,Valladolid,255.153,2.393056,0.0,official_inventory_reference_B,no_toll_expected_official_network,,tabla_peajes_2026.csv + fuentes.csv (MITMA/BOE/concesionarias),Red de referencia gratuita post-liberalizaciones (AP-1/AP-2/AP-4/AP-7 liberadas); ver tabla_peajes_2026.csv.,11.482,1.785,20.5,Toyota Corolla 140H e-CVT 1.8,4.5,Gasolina 95 E5,2026-10-09
R1102,Logroño,Vitoria-Gasteiz,64.123,0.945556,0.0,official_inventory_reference_B,toll_possible_not_valued,AP-68 / red foral (Bidegi),tabla_peajes_2026.csv + fuentes.csv (MITMA/BOE/concesionarias),Peaje posible para ligeros; tarifa no verificada hoy. Ampliar manual con Bidegi/autopistas.com. tax=0 provisional.,2.886,1.785,5.15,Toyota Corolla 140H e-CVT 1.8,4.5,Gasolina 95 E5,2026-10-09
R1103,Logroño,Zamora,361.356,3.413889,0.0,official_inventory_reference_B,no_toll_expected_official_network,,tabla_peajes_2026.csv + fuentes.csv (MITMA/BOE/concesionarias),Red de referencia gratuita post-liberalizaciones (AP-1/AP-2/AP-4/AP-7 liberadas); ver tabla_peajes_2026.csv.,16.261,1.785,29.03,Toyota Corolla 140H e-CVT 1.8,4.5,Gasolina 95 E5,2026-10-09
R1104,Logroño,Zaragoza,171.259,1.603611,0.0,official_inventory_reference_B,no_toll_expected_official_network,,tabla_peajes_2026.csv + fuentes.csv (MITMA/BOE/concesionarias),Red de referencia gratuita post-liberalizaciones (AP-1/AP-2/AP-4/AP-7 liberadas); ver tabla_peajes_2026.csv.,7.707,1.785,13.76,Toyota Corolla 140H e-CVT 1.8,4.5,Gasolina 95 E5,2026-10-09
R1105,Lugo,A Coruña,105.452,0.992778,0.0,official_inventory_reference_B,no_toll_expected_official_network,,tabla_peajes_2026.csv + fuentes.csv (MITMA/BOE/concesionarias),Red de referencia gratuita post-liberalizaciones (AP-1/AP-2/AP-4/AP-7 liberadas); ver tabla_peajes_2026.csv.,4.745,1.785,8.47,Toyota Corolla 140H e-CVT 1.8,4.5,Gasolina 95 E5,2026-10-09
R1106,Lugo,Albacete,774.524,6.6675,0.0,official_inventory_reference_B,no_toll_expected_official_network,,tabla_peajes_2026.csv + fuentes.csv (MITMA/BOE/concesionarias),Red de referencia gratuita post-liberalizaciones (AP-1/AP-2/AP-4/AP-7 liberadas); ver tabla_peajes_2026.csv.,34.854,1.785,62.21,Toyota Corolla 140H e-CVT 1.8,4.5,Gasolina 95 E5,2026-10-09
R1107,Lugo,Alicante,938.692,8.066667,0.0,official_inventory_reference_B,no_toll_expected_official_network,,tabla_peajes_2026.csv + fuentes.csv (MITMA/BOE/concesionarias),Red de referencia gratuita post-liberalizaciones (AP-1/AP-2/AP-4/AP-7 liberadas); ver tabla_peajes_2026.csv.,42.241,1.785,75.4,Toyota Corolla 140H e-CVT 1.8,4.5,Gasolina 95 E5,2026-10-09
R1108,Lugo,Almería,1045.109,9.227222,0.0,official_inventory_reference_B,no_toll_expected_official_network,,tabla_peajes_2026.csv + fuentes.csv (MITMA/BOE/concesionarias),Red de referencia gratuita post-liberalizaciones (AP-1/AP-2/AP-4/AP-7 liberadas); ver tabla_peajes_2026.csv.,47.03,1.785,83.95,Toyota Corolla 140H e-CVT 1.8,4.5,Gasolina 95 E5,2026-10-09
R1109,Lugo,Ávila,477.897,4.235278,0.0,official_inventory_reference_B,no_toll_expected_official_network,,tabla_peajes_2026.csv + fuentes.csv (MITMA/BOE/concesionarias),Red de referencia gratuita post-liberalizaciones (AP-1/AP-2/AP-4/AP-7 liberadas); ver tabla_peajes_2026.csv.,21.505,1.785,38.39,Toyota Corolla 140H e-CVT 1.8,4.5,Gasolina 95 E5,2026-10-09
R1110,Lugo,Badajoz,663.069,5.957778,0.0,official_inventory_reference_B,no_toll_expected_official_network,,tabla_peajes_2026.csv + fuentes.csv (MITMA/BOE/concesionarias),Red de referencia gratuita post-liberalizaciones (AP-1/AP-2/AP-4/AP-7 liberadas); ver tabla_peajes_2026.csv.,29.838,1.785,53.26,Toyota Corolla 140H e-CVT 1.8,4.5,Gasolina 95 E5,2026-10-09
R1111,Lugo,Barcelona,999.978,8.685556,0.0,official_inventory_reference_B,no_toll_expected_official_network,,tabla_peajes_2026.csv + fuentes.csv (MITMA/BOE/concesionarias),Red de referencia gratuita post-liberalizaciones (AP-1/AP-2/AP-4/AP-7 liberadas); ver tabla_peajes_2026.csv.,44.999,1.785,80.32,Toyota Corolla 140H e-CVT 1.8,4.5,Gasolina 95 E5,2026-10-09
R1112,Lugo,Bilbao,509.421,4.595556,0.0,official_inventory_reference_B,no_toll_expected_official_network,,tabla_peajes_2026.csv + fuentes.csv (MITMA/BOE/concesionarias),Red de referencia gratuita post-liberalizaciones (AP-1/AP-2/AP-4/AP-7 liberadas); ver tabla_peajes_2026.csv.,22.924,1.785,40.92,Toyota Corolla 140H e-CVT 1.8,4.5,Gasolina 95 E5,2026-10-09
R1113,Lugo,Burgos,397.402,3.441389,0.0,official_inventory_reference_B,no_toll_expected_official_network,,tabla_peajes_2026.csv + fuentes.csv (MITMA/BOE/concesionarias),Red de referencia gratuita post-liberalizaciones (AP-1/AP-2/AP-4/AP-7 liberadas); ver tabla_peajes_2026.csv.,17.883,1.785,31.92,Toyota Corolla 140H e-CVT 1.8,4.5,Gasolina 95 E5,2026-10-09
R1114,Lugo,Cáceres,575.456,5.006111,0.0,official_inventory_reference_B,no_toll_expected_official_network,,tabla_peajes_2026.csv + fuentes.csv (MITMA/BOE/concesionarias),Red de referencia gratuita post-liberalizaciones (AP-1/AP-2/AP-4/AP-7 liberadas); ver tabla_peajes_2026.csv.,25.896,1.785,46.22,Toyota Corolla 140H e-CVT 1.8,4.5,Gasolina 95 E5,2026-10-09
R1115,Lugo,Cádiz,950.975,8.206111,0.0,official_inventory_reference_B,no_toll_expected_official_network,,tabla_peajes_2026.csv + fuentes.csv (MITMA/BOE/concesionarias),Red de referencia gratuita post-liberalizaciones (AP-1/AP-2/AP-4/AP-7 liberadas); ver tabla_peajes_2026.csv.,42.794,1.785,76.39,Toyota Corolla 140H e-CVT 1.8,4.5,Gasolina 95 E5,2026-10-09
R1116,Lugo,Castellón de la Plana,947.449,8.209167,0.0,official_inventory_reference_B,no_toll_expected_official_network,,tabla_peajes_2026.csv + fuentes.csv (MITMA/BOE/concesionarias),Red de referencia gratuita post-liberalizaciones (AP-1/AP-2/AP-4/AP-7 liberadas); ver tabla_peajes_2026.csv.,42.635,1.785,76.1,Toyota Corolla 140H e-CVT 1.8,4.5,Gasolina 95 E5,2026-10-09
R1117,Lugo,Ciudad Real,686.98,6.165,0.0,official_inventory_reference_B,no_toll_expected_official_network,,tabla_peajes_2026.csv + fuentes.csv (MITMA/BOE/concesionarias),Red de referencia gratuita post-liberalizaciones (AP-1/AP-2/AP-4/AP-7 liberadas); ver tabla_peajes_2026.csv.,30.914,1.785,55.18,Toyota Corolla 140H e-CVT 1.8,4.5,Gasolina 95 E5,2026-10-09
R1118,Lugo,Córdoba,895.917,7.910556,0.0,official_inventory_reference_B,no_toll_expected_official_network,,tabla_peajes_2026.csv + fuentes.csv (MITMA/BOE/concesionarias),Red de referencia gratuita post-liberalizaciones (AP-1/AP-2/AP-4/AP-7 liberadas); ver tabla_peajes_2026.csv.,40.316,1.785,71.96,Toyota Corolla 140H e-CVT 1.8,4.5,Gasolina 95 E5,2026-10-09
R1119,Lugo,Cuenca,686.081,5.984444,0.0,official_inventory_reference_B,no_toll_expected_official_network,,tabla_peajes_2026.csv + fuentes.csv (MITMA/BOE/concesionarias),Red de referencia gratuita post-liberalizaciones (AP-1/AP-2/AP-4/AP-7 liberadas); ver tabla_peajes_2026.csv.,30.874,1.785,55.11,Toyota Corolla 140H e-CVT 1.8,4.5,Gasolina 95 E5,2026-10-09
R1120,Lugo,Girona,1065.727,9.270278,0.0,official_inventory_reference_B,no_toll_expected_official_network,,tabla_peajes_2026.csv + fuentes.csv (MITMA/BOE/concesionarias),Red de referencia gratuita post-liberalizaciones (AP-1/AP-2/AP-4/AP-7 liberadas); ver tabla_peajes_2026.csv.,47.958,1.785,85.6,Toyota Corolla 140H e-CVT 1.8,4.5,Gasolina 95 E5,2026-10-09
R1121,Lugo,Granada,920.312,8.0125,0.0,official_inventory_reference_B,no_toll_expected_official_network,,tabla_peajes_2026.csv + fuentes.csv (MITMA/BOE/concesionarias),Red de referencia gratuita post-liberalizaciones (AP-1/AP-2/AP-4/AP-7 liberadas); ver tabla_peajes_2026.csv.,41.414,1.785,73.92,Toyota Corolla 140H e-CVT 1.8,4.5,Gasolina 95 E5,2026-10-09
R1122,Lugo,Guadalajara,562.54,4.992222,0.0,official_inventory_reference_B,no_toll_expected_official_network,,tabla_peajes_2026.csv + fuentes.csv (MITMA/BOE/concesionarias),Red de referencia gratuita post-liberalizaciones (AP-1/AP-2/AP-4/AP-7 liberadas); ver tabla_peajes_2026.csv.,25.314,1.785,45.19,Toyota Corolla 140H e-CVT 1.8,4.5,Gasolina 95 E5,2026-10-09
R1123,Lugo,Huelva,915.957,7.827222,0.0,official_inventory_reference_B,no_toll_expected_official_network,,tabla_peajes_2026.csv + fuentes.csv (MITMA/BOE/concesionarias),Red de referencia gratuita post-liberalizaciones (AP-1/AP-2/AP-4/AP-7 liberadas); ver tabla_peajes_2026.csv.,41.218,1.785,73.57,Toyota Corolla 140H e-CVT 1.8,4.5,Gasolina 95 E5,2026-10-09
R1124,Lugo,Huesca,766.71,6.686111,0.0,official_inventory_reference_B,no_toll_expected_official_network,,tabla_peajes_2026.csv + fuentes.csv (MITMA/BOE/concesionarias),Red de referencia gratuita post-liberalizaciones (AP-1/AP-2/AP-4/AP-7 liberadas); ver tabla_peajes_2026.csv.,34.502,1.785,61.59,Toyota Corolla 140H e-CVT 1.8,4.5,Gasolina 95 E5,2026-10-09
R1125,Lugo,Jaén,832.649,7.259722,0.0,official_inventory_reference_B,no_toll_expected_official_network,,tabla_peajes_2026.csv + fuentes.csv (MITMA/BOE/concesionarias),Red de referencia gratuita post-liberalizaciones (AP-1/AP-2/AP-4/AP-7 liberadas); ver tabla_peajes_2026.csv.,37.469,1.785,66.88,Toyota Corolla 140H e-CVT 1.8,4.5,Gasolina 95 E5,2026-10-09
R1126,Lugo,León,228.127,2.02,0.0,official_inventory_reference_B,toll_possible_not_valued,AP-53 / AP-71,tabla_peajes_2026.csv + fuentes.csv (MITMA/BOE/concesionarias),Peaje posible; tarifa no verificada hoy. tax=0 provisional.,10.266,1.785,18.32,Toyota Corolla 140H e-CVT 1.8,4.5,Gasolina 95 E5,2026-10-09
R1127,Lugo,Lleida,839.076,7.26,0.0,official_inventory_reference_B,no_toll_expected_official_network,,tabla_peajes_2026.csv + fuentes.csv (MITMA/BOE/concesionarias),Red de referencia gratuita post-liberalizaciones (AP-1/AP-2/AP-4/AP-7 liberadas); ver tabla_peajes_2026.csv.,37.758,1.785,67.4,Toyota Corolla 140H e-CVT 1.8,4.5,Gasolina 95 E5,2026-10-09
R1128,Lugo,Logroño,513.253,4.668889,0.0,official_inventory_reference_B,no_toll_expected_official_network,,tabla_peajes_2026.csv + fuentes.csv (MITMA/BOE/concesionarias),Red de referencia gratuita post-liberalizaciones (AP-1/AP-2/AP-4/AP-7 liberadas); ver tabla_peajes_2026.csv.,23.096,1.785,41.23,Toyota Corolla 140H e-CVT 1.8,4.5,Gasolina 95 E5,2026-10-09
R1129,Lugo,Madrid,504.368,4.444722,0.0,official_inventory_reference_B,no_toll_expected_official_network,,tabla_peajes_2026.csv + fuentes.csv (MITMA/BOE/concesionarias),Red de referencia gratuita post-liberalizaciones (AP-1/AP-2/AP-4/AP-7 liberadas); ver tabla_peajes_2026.csv.,22.697,1.785,40.51,Toyota Corolla 140H e-CVT 1.8,4.5,Gasolina 95 E5,2026-10-09
R1130,Lugo,Málaga,1029.748,9.753611,0.0,official_inventory_reference_B,no_toll_expected_official_network,,tabla_peajes_2026.csv + fuentes.csv (MITMA/BOE/concesionarias),Red de referencia gratuita post-liberalizaciones (AP-1/AP-2/AP-4/AP-7 liberadas); ver tabla_peajes_2026.csv.,46.339,1.785,82.71,Toyota Corolla 140H e-CVT 1.8,4.5,Gasolina 95 E5,2026-10-09
R1131,Lugo,Murcia,916.986,7.919722,0.0,official_inventory_reference_B,no_toll_expected_official_network,,tabla_peajes_2026.csv + fuentes.csv (MITMA/BOE/concesionarias),Red de referencia gratuita post-liberalizaciones (AP-1/AP-2/AP-4/AP-7 liberadas); ver tabla_peajes_2026.csv.,41.264,1.785,73.66,Toyota Corolla 140H e-CVT 1.8,4.5,Gasolina 95 E5,2026-10-09
R1132,Lugo,Ourense,90.136,1.053056,0.0,official_inventory_reference_B,toll_possible_not_valued,AP-53 / AP-71,tabla_peajes_2026.csv + fuentes.csv (MITMA/BOE/concesionarias),Peaje posible; tarifa no verificada hoy. tax=0 provisional.,4.056,1.785,7.24,Toyota Corolla 140H e-CVT 1.8,4.5,Gasolina 95 E5,2026-10-09
R1133,Lugo,Oviedo,257.502,2.285556,0.0,official_inventory_reference_B,no_toll_expected_official_network,,tabla_peajes_2026.csv + fuentes.csv (MITMA/BOE/concesionarias),Corredor cantábrico/pirenaico sin AP-66 en la referencia.,11.588,1.785,20.68,Toyota Corolla 140H e-CVT 1.8,4.5,Gasolina 95 E5,2026-10-09
R1134,Lugo,Palencia,338.87,3.206111,0.0,official_inventory_reference_B,no_toll_expected_official_network,,tabla_peajes_2026.csv + fuentes.csv (MITMA/BOE/concesionarias),Red de referencia gratuita post-liberalizaciones (AP-1/AP-2/AP-4/AP-7 liberadas); ver tabla_peajes_2026.csv.,15.249,1.785,27.22,Toyota Corolla 140H e-CVT 1.8,4.5,Gasolina 95 E5,2026-10-09
R1135,Lugo,Pamplona,602.521,5.249444,0.0,official_inventory_reference_B,no_toll_expected_official_network,,tabla_peajes_2026.csv + fuentes.csv (MITMA/BOE/concesionarias),Red de referencia gratuita post-liberalizaciones (AP-1/AP-2/AP-4/AP-7 liberadas); ver tabla_peajes_2026.csv.,27.113,1.785,48.4,Toyota Corolla 140H e-CVT 1.8,4.5,Gasolina 95 E5,2026-10-09
R1136,Lugo,Pontevedra,133.178,1.818889,0.0,official_inventory_reference_B,toll_possible_not_valued,AP-53 / AP-71,tabla_peajes_2026.csv + fuentes.csv (MITMA/BOE/concesionarias),Peaje posible; tarifa no verificada hoy. tax=0 provisional.,5.993,1.785,10.7,Toyota Corolla 140H e-CVT 1.8,4.5,Gasolina 95 E5,2026-10-09
R1137,Lugo,Salamanca,371.573,3.239167,0.0,official_inventory_reference_B,no_toll_expected_official_network,,tabla_peajes_2026.csv + fuentes.csv (MITMA/BOE/concesionarias),Red de referencia gratuita post-liberalizaciones (AP-1/AP-2/AP-4/AP-7 liberadas); ver tabla_peajes_2026.csv.,16.721,1.785,29.85,Toyota Corolla 140H e-CVT 1.8,4.5,Gasolina 95 E5,2026-10-09
R1138,Lugo,San Sebastián,606.47,5.319167,0.0,official_inventory_reference_B,no_toll_expected_official_network,,tabla_peajes_2026.csv + fuentes.csv (MITMA/BOE/concesionarias),Red de referencia gratuita post-liberalizaciones (AP-1/AP-2/AP-4/AP-7 liberadas); ver tabla_peajes_2026.csv.,27.291,1.785,48.71,Toyota Corolla 140H e-CVT 1.8,4.5,Gasolina 95 E5,2026-10-09
R1139,Lugo,Santander,418.317,3.748333,0.0,official_inventory_reference_B,no_toll_expected_official_network,,tabla_peajes_2026.csv + fuentes.csv (MITMA/BOE/concesionarias),Red de referencia gratuita post-liberalizaciones (AP-1/AP-2/AP-4/AP-7 liberadas); ver tabla_peajes_2026.csv.,18.824,1.785,33.6,Toyota Corolla 140H e-CVT 1.8,4.5,Gasolina 95 E5,2026-10-09
R1140,Lugo,Segovia,458.358,3.980556,0.0,official_inventory_reference_B,no_toll_expected_official_network,,tabla_peajes_2026.csv + fuentes.csv (MITMA/BOE/concesionarias),Red de referencia gratuita post-liberalizaciones (AP-1/AP-2/AP-4/AP-7 liberadas); ver tabla_peajes_2026.csv.,20.626,1.785,36.82,Toyota Corolla 140H e-CVT 1.8,4.5,Gasolina 95 E5,2026-10-09
R1141,Lugo,Sevilla,831.761,7.117222,0.0,official_inventory_reference_B,no_toll_expected_official_network,,tabla_peajes_2026.csv + fuentes.csv (MITMA/BOE/concesionarias),Red de referencia gratuita post-liberalizaciones (AP-1/AP-2/AP-4/AP-7 liberadas); ver tabla_peajes_2026.csv.,37.429,1.785,66.81,Toyota Corolla 140H e-CVT 1.8,4.5,Gasolina 95 E5,2026-10-09
R1142,Lugo,Soria,531.766,5.063333,0.0,official_inventory_reference_B,no_toll_expected_official_network,,tabla_peajes_2026.csv + fuentes.csv (MITMA/BOE/concesionarias),Red de referencia gratuita post-liberalizaciones (AP-1/AP-2/AP-4/AP-7 liberadas); ver tabla_peajes_2026.csv.,23.929,1.785,42.71,Toyota Corolla 140H e-CVT 1.8,4.5,Gasolina 95 E5,2026-10-09
R1143,Lugo,Tarragona,921.796,8.058333,0.0,official_inventory_reference_B,no_toll_expected_official_network,,tabla_peajes_2026.csv + fuentes.csv (MITMA/BOE/concesionarias),Red de referencia gratuita post-liberalizaciones (AP-1/AP-2/AP-4/AP-7 liberadas); ver tabla_peajes_2026.csv.,41.481,1.785,74.04,Toyota Corolla 140H e-CVT 1.8,4.5,Gasolina 95 E5,2026-10-09
R1144,Lugo,Teruel,806.723,7.4475,0.0,official_inventory_reference_B,no_toll_expected_official_network,,tabla_peajes_2026.csv + fuentes.csv (MITMA/BOE/concesionarias),Red de referencia gratuita post-liberalizaciones (AP-1/AP-2/AP-4/AP-7 liberadas); ver tabla_peajes_2026.csv.,36.303,1.785,64.8,Toyota Corolla 140H e-CVT 1.8,4.5,Gasolina 95 E5,2026-10-09
R1145,Lugo,Toledo,570.549,4.956111,0.0,official_inventory_reference_B,no_toll_expected_official_network,,tabla_peajes_2026.csv + fuentes.csv (MITMA/BOE/concesionarias),Red de referencia gratuita post-liberalizaciones (AP-1/AP-2/AP-4/AP-7 liberadas); ver tabla_peajes_2026.csv.,25.675,1.785,45.83,Toyota Corolla 140H e-CVT 1.8,4.5,Gasolina 95 E5,2026-10-09
R1146,Lugo,Valencia,874.337,7.565278,0.0,official_inventory_reference_B,no_toll_expected_official_network,,tabla_peajes_2026.csv + fuentes.csv (MITMA/BOE/concesionarias),Red de referencia gratuita post-liberalizaciones (AP-1/AP-2/AP-4/AP-7 liberadas); ver tabla_peajes_2026.csv.,39.345,1.785,70.23,Toyota Corolla 140H e-CVT 1.8,4.5,Gasolina 95 E5,2026-10-09
R1147,Lugo,Valladolid,348.781,3.028056,0.0,official_inventory_reference_B,no_toll_expected_official_network,,tabla_peajes_2026.csv + fuentes.csv (MITMA/BOE/concesionarias),Red de referencia gratuita post-liberalizaciones (AP-1/AP-2/AP-4/AP-7 liberadas); ver tabla_peajes_2026.csv.,15.695,1.785,28.02,Toyota Corolla 140H e-CVT 1.8,4.5,Gasolina 95 E5,2026-10-09
R1148,Lugo,Vitoria-Gasteiz,506.501,4.4275,0.0,official_inventory_reference_B,no_toll_expected_official_network,,tabla_peajes_2026.csv + fuentes.csv (MITMA/BOE/concesionarias),Red de referencia gratuita post-liberalizaciones (AP-1/AP-2/AP-4/AP-7 liberadas); ver tabla_peajes_2026.csv.,22.793,1.785,40.68,Toyota Corolla 140H e-CVT 1.8,4.5,Gasolina 95 E5,2026-10-09
R1149,Lugo,Zamora,308.075,2.815,0.0,official_inventory_reference_B,no_toll_expected_official_network,,tabla_peajes_2026.csv + fuentes.csv (MITMA/BOE/concesionarias),Red de referencia gratuita post-liberalizaciones (AP-1/AP-2/AP-4/AP-7 liberadas); ver tabla_peajes_2026.csv.,13.863,1.785,24.75,Toyota Corolla 140H e-CVT 1.8,4.5,Gasolina 95 E5,2026-10-09
R1150,Lugo,Zaragoza,693.479,6.078889,0.0,official_inventory_reference_B,no_toll_expected_official_network,,tabla_peajes_2026.csv + fuentes.csv (MITMA/BOE/concesionarias),Red de referencia gratuita post-liberalizaciones (AP-1/AP-2/AP-4/AP-7 liberadas); ver tabla_peajes_2026.csv.,31.207,1.785,55.7,Toyota Corolla 140H e-CVT 1.8,4.5,Gasolina 95 E5,2026-10-09
R1151,Madrid,A Coruña,598.518,5.239167,0.0,official_inventory_reference_B,no_toll_expected_official_network,,tabla_peajes_2026.csv + fuentes.csv (MITMA/BOE/concesionarias),Red de referencia gratuita post-liberalizaciones (AP-1/AP-2/AP-4/AP-7 liberadas); ver tabla_peajes_2026.csv.,26.933,1.785,48.08,Toyota Corolla 140H e-CVT 1.8,4.5,Gasolina 95 E5,2026-10-09
R1152,Madrid,Albacete,256.766,2.319444,0.0,official_inventory_reference_B,no_toll_expected_official_network,,tabla_peajes_2026.csv + fuentes.csv (MITMA/BOE/concesionarias),Red de referencia gratuita post-liberalizaciones (AP-1/AP-2/AP-4/AP-7 liberadas); ver tabla_peajes_2026.csv.,11.554,1.785,20.62,Toyota Corolla 140H e-CVT 1.8,4.5,Gasolina 95 E5,2026-10-09
R1153,Madrid,Alicante,420.932,3.718611,0.0,official_inventory_reference_B,no_toll_expected_official_network,,tabla_peajes_2026.csv + fuentes.csv (MITMA/BOE/concesionarias),Red de referencia gratuita post-liberalizaciones (AP-1/AP-2/AP-4/AP-7 liberadas); ver tabla_peajes_2026.csv.,18.942,1.785,33.81,Toyota Corolla 140H e-CVT 1.8,4.5,Gasolina 95 E5,2026-10-09
R1154,Madrid,Almería,545.673,5.071667,0.0,official_inventory_reference_B,no_toll_expected_official_network,,tabla_peajes_2026.csv + fuentes.csv (MITMA/BOE/concesionarias),Red de referencia gratuita post-liberalizaciones (AP-1/AP-2/AP-4/AP-7 liberadas); ver tabla_peajes_2026.csv.,24.555,1.785,43.83,Toyota Corolla 140H e-CVT 1.8,4.5,Gasolina 95 E5,2026-10-09
R1155,Madrid,Ávila,113.831,1.191111,11.85,official_inventory_reference_B,valued_official_2026,AP-6/AP-51 Madrid-Ávila,tabla_peajes_2026.csv + fuentes.csv (MITMA/BOE/concesionarias),10.10 Villalba-Villacastín + 1.75 Villacastín-Ávila.,5.122,1.785,9.14,Toyota Corolla 140H e-CVT 1.8,4.5,Gasolina 95 E5,2026-10-09
R1156,Madrid,Badajoz,403.006,3.563889,0.0,official_inventory_reference_B,no_toll_expected_official_network,,tabla_peajes_2026.csv + fuentes.csv (MITMA/BOE/concesionarias),Red de referencia gratuita post-liberalizaciones (AP-1/AP-2/AP-4/AP-7 liberadas); ver tabla_peajes_2026.csv.,18.135,1.785,32.37,Toyota Corolla 140H e-CVT 1.8,4.5,Gasolina 95 E5,2026-10-09
R1157,Madrid,Barcelona,622.174,5.539444,0.0,official_inventory_reference_B,no_toll_expected_official_network,,tabla_peajes_2026.csv + fuentes.csv (MITMA/BOE/concesionarias),Red de referencia gratuita post-liberalizaciones (AP-1/AP-2/AP-4/AP-7 liberadas); ver tabla_peajes_2026.csv.,27.998,1.785,49.98,Toyota Corolla 140H e-CVT 1.8,4.5,Gasolina 95 E5,2026-10-09
R1158,Madrid,Bilbao,398.229,3.596667,0.0,official_inventory_reference_B,no_toll_expected_official_network,,tabla_peajes_2026.csv + fuentes.csv (MITMA/BOE/concesionarias),Red de referencia gratuita post-liberalizaciones (AP-1/AP-2/AP-4/AP-7 liberadas); ver tabla_peajes_2026.csv.,17.92,1.785,31.99,Toyota Corolla 140H e-CVT 1.8,4.5,Gasolina 95 E5,2026-10-09
R1159,Madrid,Burgos,247.102,2.2825,0.0,official_inventory_reference_B,no_toll_expected_official_network,,tabla_peajes_2026.csv + fuentes.csv (MITMA/BOE/concesionarias),Red de referencia gratuita post-liberalizaciones (AP-1/AP-2/AP-4/AP-7 liberadas); ver tabla_peajes_2026.csv.,11.12,1.785,19.85,Toyota Corolla 140H e-CVT 1.8,4.5,Gasolina 95 E5,2026-10-09
R1160,Madrid,Cáceres,300.887,2.728889,0.0,official_inventory_reference_B,no_toll_expected_official_network,,tabla_peajes_2026.csv + fuentes.csv (MITMA/BOE/concesionarias),Red de referencia gratuita post-liberalizaciones (AP-1/AP-2/AP-4/AP-7 liberadas); ver tabla_peajes_2026.csv.,13.54,1.785,24.17,Toyota Corolla 140H e-CVT 1.8,4.5,Gasolina 95 E5,2026-10-09
R1161,Madrid,Cádiz,651.855,5.749167,0.0,official_inventory_reference_B,no_toll_expected_official_network,,tabla_peajes_2026.csv + fuentes.csv (MITMA/BOE/concesionarias),Red de referencia gratuita post-liberalizaciones (AP-1/AP-2/AP-4/AP-7 liberadas); ver tabla_peajes_2026.csv.,29.333,1.785,52.36,Toyota Corolla 140H e-CVT 1.8,4.5,Gasolina 95 E5,2026-10-09
R1162,Madrid,Castellón de la Plana,429.687,3.862778,0.0,official_inventory_reference_B,no_toll_expected_official_network,,tabla_peajes_2026.csv + fuentes.csv (MITMA/BOE/concesionarias),Red de referencia gratuita post-liberalizaciones (AP-1/AP-2/AP-4/AP-7 liberadas); ver tabla_peajes_2026.csv.,19.336,1.785,34.51,Toyota Corolla 140H e-CVT 1.8,4.5,Gasolina 95 E5,2026-10-09
R1163,Madrid,Ciudad Real,191.382,2.038611,0.0,official_inventory_reference_B,no_toll_expected_official_network,,tabla_peajes_2026.csv + fuentes.csv (MITMA/BOE/concesionarias),Red de referencia gratuita post-liberalizaciones (AP-1/AP-2/AP-4/AP-7 liberadas); ver tabla_peajes_2026.csv.,8.612,1.785,15.37,Toyota Corolla 140H e-CVT 1.8,4.5,Gasolina 95 E5,2026-10-09
R1164,Madrid,Córdoba,398.661,3.791111,0.0,official_inventory_reference_B,no_toll_expected_official_network,,tabla_peajes_2026.csv + fuentes.csv (MITMA/BOE/concesionarias),Red de referencia gratuita post-liberalizaciones (AP-1/AP-2/AP-4/AP-7 liberadas); ver tabla_peajes_2026.csv.,17.94,1.785,32.02,Toyota Corolla 140H e-CVT 1.8,4.5,Gasolina 95 E5,2026-10-09
R1165,Madrid,Cuenca,168.317,1.636111,0.0,official_inventory_reference_B,no_toll_expected_official_network,,tabla_peajes_2026.csv + fuentes.csv (MITMA/BOE/concesionarias),Red de referencia gratuita post-liberalizaciones (AP-1/AP-2/AP-4/AP-7 liberadas); ver tabla_peajes_2026.csv.,7.574,1.785,13.52,Toyota Corolla 140H e-CVT 1.8,4.5,Gasolina 95 E5,2026-10-09
R1166,Madrid,Girona,687.915,6.124722,0.0,official_inventory_reference_B,no_toll_expected_official_network,,tabla_peajes_2026.csv + fuentes.csv (MITMA/BOE/concesionarias),Red de referencia gratuita post-liberalizaciones (AP-1/AP-2/AP-4/AP-7 liberadas); ver tabla_peajes_2026.csv.,30.956,1.785,55.26,Toyota Corolla 140H e-CVT 1.8,4.5,Gasolina 95 E5,2026-10-09
R1167,Madrid,Granada,420.888,3.8575,0.0,official_inventory_reference_B,no_toll_expected_official_network,,tabla_peajes_2026.csv + fuentes.csv (MITMA/BOE/concesionarias),Red de referencia gratuita post-liberalizaciones (AP-1/AP-2/AP-4/AP-7 liberadas); ver tabla_peajes_2026.csv.,18.94,1.785,33.81,Toyota Corolla 140H e-CVT 1.8,4.5,Gasolina 95 E5,2026-10-09
R1168,Madrid,Guadalajara,60.275,0.666944,0.0,official_inventory_reference_B,no_toll_expected_official_network,,tabla_peajes_2026.csv + fuentes.csv (MITMA/BOE/concesionarias),Red de referencia gratuita post-liberalizaciones (AP-1/AP-2/AP-4/AP-7 liberadas); ver tabla_peajes_2026.csv.,2.712,1.785,4.84,Toyota Corolla 140H e-CVT 1.8,4.5,Gasolina 95 E5,2026-10-09
R1169,Madrid,Huelva,616.837,5.37,0.0,official_inventory_reference_B,no_toll_expected_official_network,,tabla_peajes_2026.csv + fuentes.csv (MITMA/BOE/concesionarias),Red de referencia gratuita post-liberalizaciones (AP-1/AP-2/AP-4/AP-7 liberadas); ver tabla_peajes_2026.csv.,27.758,1.785,49.55,Toyota Corolla 140H e-CVT 1.8,4.5,Gasolina 95 E5,2026-10-09
R1170,Madrid,Huesca,389.743,3.552222,0.0,official_inventory_reference_B,no_toll_expected_official_network,,tabla_peajes_2026.csv + fuentes.csv (MITMA/BOE/concesionarias),Red de referencia gratuita post-liberalizaciones (AP-1/AP-2/AP-4/AP-7 liberadas); ver tabla_peajes_2026.csv.,17.538,1.785,31.31,Toyota Corolla 140H e-CVT 1.8,4.5,Gasolina 95 E5,2026-10-09
R1171,Madrid,Jaén,335.384,3.141944,0.0,official_inventory_reference_B,no_toll_expected_official_network,,tabla_peajes_2026.csv + fuentes.csv (MITMA/BOE/concesionarias),Red de referencia gratuita post-liberalizaciones (AP-1/AP-2/AP-4/AP-7 liberadas); ver tabla_peajes_2026.csv.,15.092,1.785,26.94,Toyota Corolla 140H e-CVT 1.8,4.5,Gasolina 95 E5,2026-10-09
R1172,Madrid,León,338.658,3.068056,0.0,official_inventory_reference_B,no_toll_expected_official_network,,tabla_peajes_2026.csv + fuentes.csv (MITMA/BOE/concesionarias),Red de referencia gratuita post-liberalizaciones (AP-1/AP-2/AP-4/AP-7 liberadas); ver tabla_peajes_2026.csv.,15.24,1.785,27.2,Toyota Corolla 140H e-CVT 1.8,4.5,Gasolina 95 E5,2026-10-09
R1173,Madrid,Lleida,461.272,4.114722,0.0,official_inventory_reference_B,no_toll_expected_official_network,,tabla_peajes_2026.csv + fuentes.csv (MITMA/BOE/concesionarias),Red de referencia gratuita post-liberalizaciones (AP-1/AP-2/AP-4/AP-7 liberadas); ver tabla_peajes_2026.csv.,20.757,1.785,37.05,Toyota Corolla 140H e-CVT 1.8,4.5,Gasolina 95 E5,2026-10-09
R1174,Madrid,Logroño,329.482,3.295278,0.0,official_inventory_reference_B,no_toll_expected_official_network,,tabla_peajes_2026.csv + fuentes.csv (MITMA/BOE/concesionarias),Red de referencia gratuita post-liberalizaciones (AP-1/AP-2/AP-4/AP-7 liberadas); ver tabla_peajes_2026.csv.,14.827,1.785,26.47,Toyota Corolla 140H e-CVT 1.8,4.5,Gasolina 95 E5,2026-10-09
R1175,Madrid,Lugo,501.66,4.384444,0.0,official_inventory_reference_B,no_toll_expected_official_network,,tabla_peajes_2026.csv + fuentes.csv (MITMA/BOE/concesionarias),Red de referencia gratuita post-liberalizaciones (AP-1/AP-2/AP-4/AP-7 liberadas); ver tabla_peajes_2026.csv.,22.575,1.785,40.3,Toyota Corolla 140H e-CVT 1.8,4.5,Gasolina 95 E5,2026-10-09
R1176,Madrid,Málaga,530.324,5.598611,0.0,official_inventory_reference_B,no_toll_expected_official_network,,tabla_peajes_2026.csv + fuentes.csv (MITMA/BOE/concesionarias),Red de referencia gratuita post-liberalizaciones (AP-1/AP-2/AP-4/AP-7 liberadas); ver tabla_peajes_2026.csv.,23.865,1.785,42.6,Toyota Corolla 140H e-CVT 1.8,4.5,Gasolina 95 E5,2026-10-09
R1177,Madrid,Murcia,399.218,3.571389,0.0,official_inventory_reference_B,no_toll_expected_official_network,,tabla_peajes_2026.csv + fuentes.csv (MITMA/BOE/concesionarias),Red de referencia gratuita post-liberalizaciones (AP-1/AP-2/AP-4/AP-7 liberadas); ver tabla_peajes_2026.csv.,17.965,1.785,32.07,Toyota Corolla 140H e-CVT 1.8,4.5,Gasolina 95 E5,2026-10-09
R1178,Madrid,Ourense,502.081,4.560833,0.0,official_inventory_reference_B,no_toll_expected_official_network,,tabla_peajes_2026.csv + fuentes.csv (MITMA/BOE/concesionarias),Red de referencia gratuita post-liberalizaciones (AP-1/AP-2/AP-4/AP-7 liberadas); ver tabla_peajes_2026.csv.,22.594,1.785,40.33,Toyota Corolla 140H e-CVT 1.8,4.5,Gasolina 95 E5,2026-10-09
R1179,Madrid,Oviedo,448.067,4.0525,16.2,official_inventory_reference_B,valued_official_2026,AP-66 Campomanes-León,tabla_peajes_2026.csv + fuentes.csv (MITMA/BOE/concesionarias),Paso del Huerna hacia la Meseta/sur; sin alternativa rápida equivalente.,20.163,1.785,35.99,Toyota Corolla 140H e-CVT 1.8,4.5,Gasolina 95 E5,2026-10-09
R1180,Madrid,Palencia,256.277,2.372778,0.0,official_inventory_reference_B,no_toll_expected_official_network,,tabla_peajes_2026.csv + fuentes.csv (MITMA/BOE/concesionarias),Red de referencia gratuita post-liberalizaciones (AP-1/AP-2/AP-4/AP-7 liberadas); ver tabla_peajes_2026.csv.,11.532,1.785,20.59,Toyota Corolla 140H e-CVT 1.8,4.5,Gasolina 95 E5,2026-10-09
R1181,Madrid,Pamplona,406.86,3.890278,0.0,official_inventory_reference_B,no_toll_expected_official_network,,tabla_peajes_2026.csv + fuentes.csv (MITMA/BOE/concesionarias),Red de referencia gratuita post-liberalizaciones (AP-1/AP-2/AP-4/AP-7 liberadas); ver tabla_peajes_2026.csv.,18.309,1.785,32.68,Toyota Corolla 140H e-CVT 1.8,4.5,Gasolina 95 E5,2026-10-09
R1182,Madrid,Pontevedra,589.368,5.644167,0.0,official_inventory_reference_B,no_toll_expected_official_network,,tabla_peajes_2026.csv + fuentes.csv (MITMA/BOE/concesionarias),Red de referencia gratuita post-liberalizaciones (AP-1/AP-2/AP-4/AP-7 liberadas); ver tabla_peajes_2026.csv.,26.522,1.785,47.34,Toyota Corolla 140H e-CVT 1.8,4.5,Gasolina 95 E5,2026-10-09
R1183,Madrid,Salamanca,212.612,2.009444,0.0,official_inventory_reference_B,no_toll_expected_official_network,,tabla_peajes_2026.csv + fuentes.csv (MITMA/BOE/concesionarias),Red de referencia gratuita post-liberalizaciones (AP-1/AP-2/AP-4/AP-7 liberadas); ver tabla_peajes_2026.csv.,9.568,1.785,17.08,Toyota Corolla 140H e-CVT 1.8,4.5,Gasolina 95 E5,2026-10-09
R1184,Madrid,San Sebastián,453.384,4.113611,0.0,official_inventory_reference_B,no_toll_expected_official_network,,tabla_peajes_2026.csv + fuentes.csv (MITMA/BOE/concesionarias),Red de referencia gratuita post-liberalizaciones (AP-1/AP-2/AP-4/AP-7 liberadas); ver tabla_peajes_2026.csv.,20.402,1.785,36.42,Toyota Corolla 140H e-CVT 1.8,4.5,Gasolina 95 E5,2026-10-09
R1185,Madrid,Santander,453.824,4.073889,0.0,official_inventory_reference_B,no_toll_expected_official_network,,tabla_peajes_2026.csv + fuentes.csv (MITMA/BOE/concesionarias),Red de referencia gratuita post-liberalizaciones (AP-1/AP-2/AP-4/AP-7 liberadas); ver tabla_peajes_2026.csv.,20.422,1.785,36.45,Toyota Corolla 140H e-CVT 1.8,4.5,Gasolina 95 E5,2026-10-09
R1186,Madrid,Segovia,91.6,1.004167,7.6,official_inventory_reference_B,valued_official_2026,AP-6/AP-61 Madrid-Segovia,tabla_peajes_2026.csv + fuentes.csv (MITMA/BOE/concesionarias),Tarifa valle ligeros 2026; punta 10.45 (ver tabla).,4.122,1.785,7.36,Toyota Corolla 140H e-CVT 1.8,4.5,Gasolina 95 E5,2026-10-09
R1187,Madrid,Sevilla,536.922,4.762778,0.0,official_inventory_reference_B,no_toll_expected_official_network,,tabla_peajes_2026.csv + fuentes.csv (MITMA/BOE/concesionarias),Red de referencia gratuita post-liberalizaciones (AP-1/AP-2/AP-4/AP-7 liberadas); ver tabla_peajes_2026.csv.,24.161,1.785,43.13,Toyota Corolla 140H e-CVT 1.8,4.5,Gasolina 95 E5,2026-10-09
R1188,Madrid,Soria,229.619,2.114444,0.0,official_inventory_reference_B,no_toll_expected_official_network,,tabla_peajes_2026.csv + fuentes.csv (MITMA/BOE/concesionarias),Red de referencia gratuita post-liberalizaciones (AP-1/AP-2/AP-4/AP-7 liberadas); ver tabla_peajes_2026.csv.,10.333,1.785,18.44,Toyota Corolla 140H e-CVT 1.8,4.5,Gasolina 95 E5,2026-10-09
R1189,Madrid,Tarragona,543.98,4.912222,0.0,official_inventory_reference_B,no_toll_expected_official_network,,tabla_peajes_2026.csv + fuentes.csv (MITMA/BOE/concesionarias),Red de referencia gratuita post-liberalizaciones (AP-1/AP-2/AP-4/AP-7 liberadas); ver tabla_peajes_2026.csv.,24.479,1.785,43.7,Toyota Corolla 140H e-CVT 1.8,4.5,Gasolina 95 E5,2026-10-09
R1190,Madrid,Teruel,306.644,3.184722,0.0,official_inventory_reference_B,no_toll_expected_official_network,,tabla_peajes_2026.csv + fuentes.csv (MITMA/BOE/concesionarias),Red de referencia gratuita post-liberalizaciones (AP-1/AP-2/AP-4/AP-7 liberadas); ver tabla_peajes_2026.csv.,13.799,1.785,24.63,Toyota Corolla 140H e-CVT 1.8,4.5,Gasolina 95 E5,2026-10-09
R1191,Madrid,Toledo,74.943,0.829444,0.0,official_inventory_reference_B,no_toll_expected_official_network,,tabla_peajes_2026.csv + fuentes.csv (MITMA/BOE/concesionarias),Red de referencia gratuita post-liberalizaciones (AP-1/AP-2/AP-4/AP-7 liberadas); ver tabla_peajes_2026.csv.,3.372,1.785,6.02,Toyota Corolla 140H e-CVT 1.8,4.5,Gasolina 95 E5,2026-10-09
R1192,Madrid,Valencia,356.567,3.216944,0.0,official_inventory_reference_B,no_toll_expected_official_network,,tabla_peajes_2026.csv + fuentes.csv (MITMA/BOE/concesionarias),Red de referencia gratuita post-liberalizaciones (AP-1/AP-2/AP-4/AP-7 liberadas); ver tabla_peajes_2026.csv.,16.046,1.785,28.64,Toyota Corolla 140H e-CVT 1.8,4.5,Gasolina 95 E5,2026-10-09
R1193,Madrid,Valladolid,210.339,2.0,0.0,official_inventory_reference_B,no_toll_expected_official_network,,tabla_peajes_2026.csv + fuentes.csv (MITMA/BOE/concesionarias),Red de referencia gratuita post-liberalizaciones (AP-1/AP-2/AP-4/AP-7 liberadas); ver tabla_peajes_2026.csv.,9.465,1.785,16.9,Toyota Corolla 140H e-CVT 1.8,4.5,Gasolina 95 E5,2026-10-09
R1194,Madrid,Vitoria-Gasteiz,353.411,3.222222,0.0,official_inventory_reference_B,no_toll_expected_official_network,,tabla_peajes_2026.csv + fuentes.csv (MITMA/BOE/concesionarias),Red de referencia gratuita post-liberalizaciones (AP-1/AP-2/AP-4/AP-7 liberadas); ver tabla_peajes_2026.csv.,15.903,1.785,28.39,Toyota Corolla 140H e-CVT 1.8,4.5,Gasolina 95 E5,2026-10-09
R1195,Madrid,Zamora,262.158,2.572222,0.0,official_inventory_reference_B,no_toll_expected_official_network,,tabla_peajes_2026.csv + fuentes.csv (MITMA/BOE/concesionarias),Red de referencia gratuita post-liberalizaciones (AP-1/AP-2/AP-4/AP-7 liberadas); ver tabla_peajes_2026.csv.,11.797,1.785,21.06,Toyota Corolla 140H e-CVT 1.8,4.5,Gasolina 95 E5,2026-10-09
R1196,Madrid,Zaragoza,321.6,2.993333,0.0,official_inventory_reference_B,no_toll_expected_official_network,,tabla_peajes_2026.csv + fuentes.csv (MITMA/BOE/concesionarias),Red de referencia gratuita post-liberalizaciones (AP-1/AP-2/AP-4/AP-7 liberadas); ver tabla_peajes_2026.csv.,14.472,1.785,25.83,Toyota Corolla 140H e-CVT 1.8,4.5,Gasolina 95 E5,2026-10-09
R1197,Málaga,A Coruña,1127.076,10.653889,0.0,official_inventory_reference_B,no_toll_expected_official_network,,tabla_peajes_2026.csv + fuentes.csv (MITMA/BOE/concesionarias),Red de referencia gratuita post-liberalizaciones (AP-1/AP-2/AP-4/AP-7 liberadas); ver tabla_peajes_2026.csv.,50.718,1.785,90.53,Toyota Corolla 140H e-CVT 1.8,4.5,Gasolina 95 E5,2026-10-09
R1198,Málaga,Albacete,461.755,5.314722,0.0,official_inventory_reference_B,no_toll_expected_official_network,,tabla_peajes_2026.csv + fuentes.csv (MITMA/BOE/concesionarias),Red de referencia gratuita post-liberalizaciones (AP-1/AP-2/AP-4/AP-7 liberadas); ver tabla_peajes_2026.csv.,20.779,1.785,37.09,Toyota Corolla 140H e-CVT 1.8,4.5,Gasolina 95 E5,2026-10-09
R1199,Málaga,Alicante,472.493,5.0325,0.0,official_inventory_reference_B,no_toll_expected_official_network,,tabla_peajes_2026.csv + fuentes.csv (MITMA/BOE/concesionarias),Red de referencia gratuita post-liberalizaciones (AP-1/AP-2/AP-4/AP-7 liberadas); ver tabla_peajes_2026.csv.,21.262,1.785,37.95,Toyota Corolla 140H e-CVT 1.8,4.5,Gasolina 95 E5,2026-10-09
R1200,Málaga,Almería,229.433,2.948056,0.0,official_inventory_reference_B,no_toll_expected_official_network,,tabla_peajes_2026.csv + fuentes.csv (MITMA/BOE/concesionarias),Red de referencia gratuita post-liberalizaciones (AP-1/AP-2/AP-4/AP-7 liberadas); ver tabla_peajes_2026.csv.,10.324,1.785,18.43,Toyota Corolla 140H e-CVT 1.8,4.5,Gasolina 95 E5,2026-10-09
R1201,Málaga,Ávila,607.108,6.600833,0.0,official_inventory_reference_B,no_toll_expected_official_network,,tabla_peajes_2026.csv + fuentes.csv (MITMA/BOE/concesionarias),Red de referencia gratuita post-liberalizaciones (AP-1/AP-2/AP-4/AP-7 liberadas); ver tabla_peajes_2026.csv.,27.32,1.785,48.77,Toyota Corolla 140H e-CVT 1.8,4.5,Gasolina 95 E5,2026-10-09
R1202,Málaga,Badajoz,425.324,4.836111,0.0,official_inventory_reference_B,no_toll_expected_official_network,,tabla_peajes_2026.csv + fuentes.csv (MITMA/BOE/concesionarias),Red de referencia gratuita post-liberalizaciones (AP-1/AP-2/AP-4/AP-7 liberadas); ver tabla_peajes_2026.csv.,19.14,1.785,34.16,Toyota Corolla 140H e-CVT 1.8,4.5,Gasolina 95 E5,2026-10-09
R1203,Málaga,Barcelona,960.774,9.291111,0.0,official_inventory_reference_B,no_toll_expected_official_network,,tabla_peajes_2026.csv + fuentes.csv (MITMA/BOE/concesionarias),Red de referencia gratuita post-liberalizaciones (AP-1/AP-2/AP-4/AP-7 liberadas); ver tabla_peajes_2026.csv.,43.235,1.785,77.17,Toyota Corolla 140H e-CVT 1.8,4.5,Gasolina 95 E5,2026-10-09
R1204,Málaga,Bilbao,930.423,9.048056,0.0,official_inventory_reference_B,no_toll_expected_official_network,,tabla_peajes_2026.csv + fuentes.csv (MITMA/BOE/concesionarias),Red de referencia gratuita post-liberalizaciones (AP-1/AP-2/AP-4/AP-7 liberadas); ver tabla_peajes_2026.csv.,41.869,1.785,74.74,Toyota Corolla 140H e-CVT 1.8,4.5,Gasolina 95 E5,2026-10-09
R1205,Málaga,Burgos,776.339,7.680278,0.0,official_inventory_reference_B,no_toll_expected_official_network,,tabla_peajes_2026.csv + fuentes.csv (MITMA/BOE/concesionarias),Red de referencia gratuita post-liberalizaciones (AP-1/AP-2/AP-4/AP-7 liberadas); ver tabla_peajes_2026.csv.,34.935,1.785,62.36,Toyota Corolla 140H e-CVT 1.8,4.5,Gasolina 95 E5,2026-10-09
R1206,Málaga,Cáceres,475.433,5.0775,0.0,official_inventory_reference_B,no_toll_expected_official_network,,tabla_peajes_2026.csv + fuentes.csv (MITMA/BOE/concesionarias),Red de referencia gratuita post-liberalizaciones (AP-1/AP-2/AP-4/AP-7 liberadas); ver tabla_peajes_2026.csv.,21.394,1.785,38.19,Toyota Corolla 140H e-CVT 1.8,4.5,Gasolina 95 E5,2026-10-09
R1207,Málaga,Cádiz,239.424,3.085833,0.0,official_inventory_reference_B,no_toll_expected_official_network,,tabla_peajes_2026.csv + fuentes.csv (MITMA/BOE/concesionarias),Red de referencia gratuita post-liberalizaciones (AP-1/AP-2/AP-4/AP-7 liberadas); ver tabla_peajes_2026.csv.,10.774,1.785,19.23,Toyota Corolla 140H e-CVT 1.8,4.5,Gasolina 95 E5,2026-10-09
R1208,Málaga,Castellón de la Plana,691.876,6.972222,0.0,official_inventory_reference_B,no_toll_expected_official_network,,tabla_peajes_2026.csv + fuentes.csv (MITMA/BOE/concesionarias),Red de referencia gratuita post-liberalizaciones (AP-1/AP-2/AP-4/AP-7 liberadas); ver tabla_peajes_2026.csv.,31.134,1.785,55.57,Toyota Corolla 140H e-CVT 1.8,4.5,Gasolina 95 E5,2026-10-09
R1209,Málaga,Ciudad Real,407.746,4.499167,0.0,official_inventory_reference_B,no_toll_expected_official_network,,tabla_peajes_2026.csv + fuentes.csv (MITMA/BOE/concesionarias),Red de referencia gratuita post-liberalizaciones (AP-1/AP-2/AP-4/AP-7 liberadas); ver tabla_peajes_2026.csv.,18.349,1.785,32.75,Toyota Corolla 140H e-CVT 1.8,4.5,Gasolina 95 E5,2026-10-09
R1210,Málaga,Córdoba,159.078,2.370556,0.0,official_inventory_reference_B,no_toll_expected_official_network,,tabla_peajes_2026.csv + fuentes.csv (MITMA/BOE/concesionarias),Red de referencia gratuita post-liberalizaciones (AP-1/AP-2/AP-4/AP-7 liberadas); ver tabla_peajes_2026.csv.,7.159,1.785,12.78,Toyota Corolla 140H e-CVT 1.8,4.5,Gasolina 95 E5,2026-10-09
R1211,Málaga,Cuenca,690.675,7.019167,0.0,official_inventory_reference_B,no_toll_expected_official_network,,tabla_peajes_2026.csv + fuentes.csv (MITMA/BOE/concesionarias),Red de referencia gratuita post-liberalizaciones (AP-1/AP-2/AP-4/AP-7 liberadas); ver tabla_peajes_2026.csv.,31.08,1.785,55.48,Toyota Corolla 140H e-CVT 1.8,4.5,Gasolina 95 E5,2026-10-09
R1212,Málaga,Girona,1053.303,10.009167,0.0,official_inventory_reference_B,no_toll_expected_official_network,,tabla_peajes_2026.csv + fuentes.csv (MITMA/BOE/concesionarias),Red de referencia gratuita post-liberalizaciones (AP-1/AP-2/AP-4/AP-7 liberadas); ver tabla_peajes_2026.csv.,47.399,1.785,84.61,Toyota Corolla 140H e-CVT 1.8,4.5,Gasolina 95 E5,2026-10-09
R1213,Málaga,Granada,126.237,1.990556,0.0,official_inventory_reference_B,no_toll_expected_official_network,,tabla_peajes_2026.csv + fuentes.csv (MITMA/BOE/concesionarias),Red de referencia gratuita post-liberalizaciones (AP-1/AP-2/AP-4/AP-7 liberadas); ver tabla_peajes_2026.csv.,5.681,1.785,10.14,Toyota Corolla 140H e-CVT 1.8,4.5,Gasolina 95 E5,2026-10-09
R1214,Málaga,Guadalajara,580.941,6.049444,0.0,official_inventory_reference_B,no_toll_expected_official_network,,tabla_peajes_2026.csv + fuentes.csv (MITMA/BOE/concesionarias),Red de referencia gratuita post-liberalizaciones (AP-1/AP-2/AP-4/AP-7 liberadas); ver tabla_peajes_2026.csv.,26.142,1.785,46.66,Toyota Corolla 140H e-CVT 1.8,4.5,Gasolina 95 E5,2026-10-09
R1215,Málaga,Huelva,302.881,3.614444,0.0,official_inventory_reference_B,no_toll_expected_official_network,,tabla_peajes_2026.csv + fuentes.csv (MITMA/BOE/concesionarias),Red de referencia gratuita post-liberalizaciones (AP-1/AP-2/AP-4/AP-7 liberadas); ver tabla_peajes_2026.csv.,13.63,1.785,24.33,Toyota Corolla 140H e-CVT 1.8,4.5,Gasolina 95 E5,2026-10-09
R1216,Málaga,Huesca,909.572,8.923611,0.0,official_inventory_reference_B,no_toll_expected_official_network,,tabla_peajes_2026.csv + fuentes.csv (MITMA/BOE/concesionarias),Red de referencia gratuita post-liberalizaciones (AP-1/AP-2/AP-4/AP-7 liberadas); ver tabla_peajes_2026.csv.,40.931,1.785,73.06,Toyota Corolla 140H e-CVT 1.8,4.5,Gasolina 95 E5,2026-10-09
R1217,Málaga,Jaén,204.054,2.639722,0.0,official_inventory_reference_B,no_toll_expected_official_network,,tabla_peajes_2026.csv + fuentes.csv (MITMA/BOE/concesionarias),Red de referencia gratuita post-liberalizaciones (AP-1/AP-2/AP-4/AP-7 liberadas); ver tabla_peajes_2026.csv.,9.182,1.785,16.39,Toyota Corolla 140H e-CVT 1.8,4.5,Gasolina 95 E5,2026-10-09
R1218,Málaga,León,868.165,8.523056,0.0,official_inventory_reference_B,no_toll_expected_official_network,,tabla_peajes_2026.csv + fuentes.csv (MITMA/BOE/concesionarias),Red de referencia gratuita post-liberalizaciones (AP-1/AP-2/AP-4/AP-7 liberadas); ver tabla_peajes_2026.csv.,39.067,1.785,69.74,Toyota Corolla 140H e-CVT 1.8,4.5,Gasolina 95 E5,2026-10-09
R1219,Málaga,Lleida,981.934,9.497222,0.0,official_inventory_reference_B,no_toll_expected_official_network,,tabla_peajes_2026.csv + fuentes.csv (MITMA/BOE/concesionarias),Red de referencia gratuita post-liberalizaciones (AP-1/AP-2/AP-4/AP-7 liberadas); ver tabla_peajes_2026.csv.,44.187,1.785,78.87,Toyota Corolla 140H e-CVT 1.8,4.5,Gasolina 95 E5,2026-10-09
R1220,Málaga,Logroño,848.9,8.615278,0.0,official_inventory_reference_B,no_toll_expected_official_network,,tabla_peajes_2026.csv + fuentes.csv (MITMA/BOE/concesionarias),Red de referencia gratuita post-liberalizaciones (AP-1/AP-2/AP-4/AP-7 liberadas); ver tabla_peajes_2026.csv.,38.2,1.785,68.19,Toyota Corolla 140H e-CVT 1.8,4.5,Gasolina 95 E5,2026-10-09
R1221,Málaga,Lugo,1031.167,9.839167,0.0,official_inventory_reference_B,no_toll_expected_official_network,,tabla_peajes_2026.csv + fuentes.csv (MITMA/BOE/concesionarias),Red de referencia gratuita post-liberalizaciones (AP-1/AP-2/AP-4/AP-7 liberadas); ver tabla_peajes_2026.csv.,46.403,1.785,82.83,Toyota Corolla 140H e-CVT 1.8,4.5,Gasolina 95 E5,2026-10-09
R1222,Málaga,Madrid,530.196,5.654444,0.0,official_inventory_reference_B,no_toll_expected_official_network,,tabla_peajes_2026.csv + fuentes.csv (MITMA/BOE/concesionarias),Red de referencia gratuita post-liberalizaciones (AP-1/AP-2/AP-4/AP-7 liberadas); ver tabla_peajes_2026.csv.,23.859,1.785,42.59,Toyota Corolla 140H e-CVT 1.8,4.5,Gasolina 95 E5,2026-10-09
R1223,Málaga,Murcia,400.024,4.439444,0.0,official_inventory_reference_B,no_toll_expected_official_network,,tabla_peajes_2026.csv + fuentes.csv (MITMA/BOE/concesionarias),Red de referencia gratuita post-liberalizaciones (AP-1/AP-2/AP-4/AP-7 liberadas); ver tabla_peajes_2026.csv.,18.001,1.785,32.13,Toyota Corolla 140H e-CVT 1.8,4.5,Gasolina 95 E5,2026-10-09
R1224,Málaga,Ourense,1031.091,10.085278,0.0,official_inventory_reference_B,no_toll_expected_official_network,,tabla_peajes_2026.csv + fuentes.csv (MITMA/BOE/concesionarias),Red de referencia gratuita post-liberalizaciones (AP-1/AP-2/AP-4/AP-7 liberadas); ver tabla_peajes_2026.csv.,46.399,1.785,82.82,Toyota Corolla 140H e-CVT 1.8,4.5,Gasolina 95 E5,2026-10-09
R1225,Málaga,Oviedo,977.574,9.5075,16.2,official_inventory_reference_B,valued_official_2026,AP-66 Campomanes-León,tabla_peajes_2026.csv + fuentes.csv (MITMA/BOE/concesionarias),Paso del Huerna hacia la Meseta/sur; sin alternativa rápida equivalente.,43.991,1.785,78.52,Toyota Corolla 140H e-CVT 1.8,4.5,Gasolina 95 E5,2026-10-09
R1226,Málaga,Palencia,785.784,7.827778,0.0,official_inventory_reference_B,no_toll_expected_official_network,,tabla_peajes_2026.csv + fuentes.csv (MITMA/BOE/concesionarias),Red de referencia gratuita post-liberalizaciones (AP-1/AP-2/AP-4/AP-7 liberadas); ver tabla_peajes_2026.csv.,35.36,1.785,63.12,Toyota Corolla 140H e-CVT 1.8,4.5,Gasolina 95 E5,2026-10-09
R1227,Málaga,Pamplona,927.521,9.272778,0.0,official_inventory_reference_B,no_toll_expected_official_network,,tabla_peajes_2026.csv + fuentes.csv (MITMA/BOE/concesionarias),Red de referencia gratuita post-liberalizaciones (AP-1/AP-2/AP-4/AP-7 liberadas); ver tabla_peajes_2026.csv.,41.738,1.785,74.5,Toyota Corolla 140H e-CVT 1.8,4.5,Gasolina 95 E5,2026-10-09
R1228,Málaga,Pontevedra,1026.436,10.304167,0.0,official_inventory_reference_B,no_toll_expected_official_network,,tabla_peajes_2026.csv + fuentes.csv (MITMA/BOE/concesionarias),Red de referencia gratuita post-liberalizaciones (AP-1/AP-2/AP-4/AP-7 liberadas); ver tabla_peajes_2026.csv.,46.19,1.785,82.45,Toyota Corolla 140H e-CVT 1.8,4.5,Gasolina 95 E5,2026-10-09
R1229,Málaga,Salamanca,676.601,6.728333,0.0,official_inventory_reference_B,no_toll_expected_official_network,,tabla_peajes_2026.csv + fuentes.csv (MITMA/BOE/concesionarias),Red de referencia gratuita post-liberalizaciones (AP-1/AP-2/AP-4/AP-7 liberadas); ver tabla_peajes_2026.csv.,30.447,1.785,54.35,Toyota Corolla 140H e-CVT 1.8,4.5,Gasolina 95 E5,2026-10-09
R1230,Málaga,San Sebastián,985.578,9.565,0.0,official_inventory_reference_B,no_toll_expected_official_network,,tabla_peajes_2026.csv + fuentes.csv (MITMA/BOE/concesionarias),Red de referencia gratuita post-liberalizaciones (AP-1/AP-2/AP-4/AP-7 liberadas); ver tabla_peajes_2026.csv.,44.351,1.785,79.17,Toyota Corolla 140H e-CVT 1.8,4.5,Gasolina 95 E5,2026-10-09
R1231,Málaga,Santander,986.575,9.541389,0.0,official_inventory_reference_B,no_toll_expected_official_network,,tabla_peajes_2026.csv + fuentes.csv (MITMA/BOE/concesionarias),Red de referencia gratuita post-liberalizaciones (AP-1/AP-2/AP-4/AP-7 liberadas); ver tabla_peajes_2026.csv.,44.396,1.785,79.25,Toyota Corolla 140H e-CVT 1.8,4.5,Gasolina 95 E5,2026-10-09
R1232,Málaga,Segovia,621.112,6.459167,0.0,official_inventory_reference_B,no_toll_expected_official_network,,tabla_peajes_2026.csv + fuentes.csv (MITMA/BOE/concesionarias),Red de referencia gratuita post-liberalizaciones (AP-1/AP-2/AP-4/AP-7 liberadas); ver tabla_peajes_2026.csv.,27.95,1.785,49.89,Toyota Corolla 140H e-CVT 1.8,4.5,Gasolina 95 E5,2026-10-09
R1233,Málaga,Sevilla,212.466,2.840833,0.0,official_inventory_reference_B,no_toll_expected_official_network,,tabla_peajes_2026.csv + fuentes.csv (MITMA/BOE/concesionarias),Red de referencia gratuita post-liberalizaciones (AP-1/AP-2/AP-4/AP-7 liberadas); ver tabla_peajes_2026.csv.,9.561,1.785,17.07,Toyota Corolla 140H e-CVT 1.8,4.5,Gasolina 95 E5,2026-10-09
R1234,Málaga,Soria,750.283,7.496944,0.0,official_inventory_reference_B,no_toll_expected_official_network,,tabla_peajes_2026.csv + fuentes.csv (MITMA/BOE/concesionarias),Red de referencia gratuita post-liberalizaciones (AP-1/AP-2/AP-4/AP-7 liberadas); ver tabla_peajes_2026.csv.,33.763,1.785,60.27,Toyota Corolla 140H e-CVT 1.8,4.5,Gasolina 95 E5,2026-10-09
R1235,Málaga,Tarragona,869.729,8.436389,0.0,official_inventory_reference_B,no_toll_expected_official_network,,tabla_peajes_2026.csv + fuentes.csv (MITMA/BOE/concesionarias),Red de referencia gratuita post-liberalizaciones (AP-1/AP-2/AP-4/AP-7 liberadas); ver tabla_peajes_2026.csv.,39.138,1.785,69.86,Toyota Corolla 140H e-CVT 1.8,4.5,Gasolina 95 E5,2026-10-09
R1236,Málaga,Teruel,736.385,7.799722,0.0,official_inventory_reference_B,no_toll_expected_official_network,,tabla_peajes_2026.csv + fuentes.csv (MITMA/BOE/concesionarias),Red de referencia gratuita post-liberalizaciones (AP-1/AP-2/AP-4/AP-7 liberadas); ver tabla_peajes_2026.csv.,33.137,1.785,59.15,Toyota Corolla 140H e-CVT 1.8,4.5,Gasolina 95 E5,2026-10-09
R1237,Málaga,Toledo,479.168,5.139444,0.0,official_inventory_reference_B,no_toll_expected_official_network,,tabla_peajes_2026.csv + fuentes.csv (MITMA/BOE/concesionarias),Red de referencia gratuita post-liberalizaciones (AP-1/AP-2/AP-4/AP-7 liberadas); ver tabla_peajes_2026.csv.,21.563,1.785,38.49,Toyota Corolla 140H e-CVT 1.8,4.5,Gasolina 95 E5,2026-10-09
R1238,Málaga,Valencia,601.573,6.196389,0.0,official_inventory_reference_B,no_toll_expected_official_network,,tabla_peajes_2026.csv + fuentes.csv (MITMA/BOE/concesionarias),Red de referencia gratuita post-liberalizaciones (AP-1/AP-2/AP-4/AP-7 liberadas); ver tabla_peajes_2026.csv.,27.071,1.785,48.32,Toyota Corolla 140H e-CVT 1.8,4.5,Gasolina 95 E5,2026-10-09
R1239,Málaga,Valladolid,739.846,7.455,0.0,official_inventory_reference_B,no_toll_expected_official_network,,tabla_peajes_2026.csv + fuentes.csv (MITMA/BOE/concesionarias),Red de referencia gratuita post-liberalizaciones (AP-1/AP-2/AP-4/AP-7 liberadas); ver tabla_peajes_2026.csv.,33.293,1.785,59.43,Toyota Corolla 140H e-CVT 1.8,4.5,Gasolina 95 E5,2026-10-09
R1240,Málaga,Vitoria-Gasteiz,885.605,8.673611,0.0,official_inventory_reference_B,no_toll_expected_official_network,,tabla_peajes_2026.csv + fuentes.csv (MITMA/BOE/concesionarias),Red de referencia gratuita post-liberalizaciones (AP-1/AP-2/AP-4/AP-7 liberadas); ver tabla_peajes_2026.csv.,39.852,1.785,71.14,Toyota Corolla 140H e-CVT 1.8,4.5,Gasolina 95 E5,2026-10-09
R1241,Málaga,Zamora,791.665,8.026944,0.0,official_inventory_reference_B,no_toll_expected_official_network,,tabla_peajes_2026.csv + fuentes.csv (MITMA/BOE/concesionarias),Red de referencia gratuita post-liberalizaciones (AP-1/AP-2/AP-4/AP-7 liberadas); ver tabla_peajes_2026.csv.,35.625,1.785,63.59,Toyota Corolla 140H e-CVT 1.8,4.5,Gasolina 95 E5,2026-10-09
R1242,Málaga,Zaragoza,841.429,8.364722,0.0,official_inventory_reference_B,no_toll_expected_official_network,,tabla_peajes_2026.csv + fuentes.csv (MITMA/BOE/concesionarias),Red de referencia gratuita post-liberalizaciones (AP-1/AP-2/AP-4/AP-7 liberadas); ver tabla_peajes_2026.csv.,37.864,1.785,67.59,Toyota Corolla 140H e-CVT 1.8,4.5,Gasolina 95 E5,2026-10-09
R1243,Murcia,A Coruña,1013.871,8.713333,0.0,official_inventory_reference_B,no_toll_expected_official_network,,tabla_peajes_2026.csv + fuentes.csv (MITMA/BOE/concesionarias),Red de referencia gratuita post-liberalizaciones (AP-1/AP-2/AP-4/AP-7 liberadas); ver tabla_peajes_2026.csv.,45.624,1.785,81.44,Toyota Corolla 140H e-CVT 1.8,4.5,Gasolina 95 E5,2026-10-09
R1244,Murcia,Albacete,146.248,1.348056,0.0,official_inventory_reference_B,no_toll_expected_official_network,,tabla_peajes_2026.csv + fuentes.csv (MITMA/BOE/concesionarias),Red de referencia gratuita post-liberalizaciones (AP-1/AP-2/AP-4/AP-7 liberadas); ver tabla_peajes_2026.csv.,6.581,1.785,11.75,Toyota Corolla 140H e-CVT 1.8,4.5,Gasolina 95 E5,2026-10-09
R1245,Murcia,Alicante,80.988,0.804167,0.0,official_inventory_reference_B,no_toll_expected_official_network,,tabla_peajes_2026.csv + fuentes.csv (MITMA/BOE/concesionarias),Red de referencia gratuita post-liberalizaciones (AP-1/AP-2/AP-4/AP-7 liberadas); ver tabla_peajes_2026.csv.,3.644,1.785,6.51,Toyota Corolla 140H e-CVT 1.8,4.5,Gasolina 95 E5,2026-10-09
R1246,Murcia,Almería,207.266,1.862222,0.0,official_inventory_reference_B,no_toll_expected_official_network,,tabla_peajes_2026.csv + fuentes.csv (MITMA/BOE/concesionarias),Red de referencia gratuita post-liberalizaciones (AP-1/AP-2/AP-4/AP-7 liberadas); ver tabla_peajes_2026.csv.,9.327,1.785,16.65,Toyota Corolla 140H e-CVT 1.8,4.5,Gasolina 95 E5,2026-10-09
R1247,Murcia,Ávila,530.138,4.705556,0.0,official_inventory_reference_B,no_toll_expected_official_network,,tabla_peajes_2026.csv + fuentes.csv (MITMA/BOE/concesionarias),Red de referencia gratuita post-liberalizaciones (AP-1/AP-2/AP-4/AP-7 liberadas); ver tabla_peajes_2026.csv.,23.856,1.785,42.58,Toyota Corolla 140H e-CVT 1.8,4.5,Gasolina 95 E5,2026-10-09
R1248,Murcia,Badajoz,670.301,6.324444,0.0,official_inventory_reference_B,no_toll_expected_official_network,,tabla_peajes_2026.csv + fuentes.csv (MITMA/BOE/concesionarias),Red de referencia gratuita post-liberalizaciones (AP-1/AP-2/AP-4/AP-7 liberadas); ver tabla_peajes_2026.csv.,30.164,1.785,53.84,Toyota Corolla 140H e-CVT 1.8,4.5,Gasolina 95 E5,2026-10-09
R1249,Murcia,Barcelona,575.303,5.129444,0.0,official_inventory_reference_B,no_toll_expected_official_network,,tabla_peajes_2026.csv + fuentes.csv (MITMA/BOE/concesionarias),Red de referencia gratuita post-liberalizaciones (AP-1/AP-2/AP-4/AP-7 liberadas); ver tabla_peajes_2026.csv.,25.889,1.785,46.21,Toyota Corolla 140H e-CVT 1.8,4.5,Gasolina 95 E5,2026-10-09
R1250,Murcia,Bilbao,787.889,6.8425,0.0,official_inventory_reference_B,no_toll_expected_official_network,,tabla_peajes_2026.csv + fuentes.csv (MITMA/BOE/concesionarias),Red de referencia gratuita post-liberalizaciones (AP-1/AP-2/AP-4/AP-7 liberadas); ver tabla_peajes_2026.csv.,35.455,1.785,63.29,Toyota Corolla 140H e-CVT 1.8,4.5,Gasolina 95 E5,2026-10-09
R1251,Murcia,Burgos,633.805,5.474722,0.0,official_inventory_reference_B,no_toll_expected_official_network,,tabla_peajes_2026.csv + fuentes.csv (MITMA/BOE/concesionarias),Red de referencia gratuita post-liberalizaciones (AP-1/AP-2/AP-4/AP-7 liberadas); ver tabla_peajes_2026.csv.,28.521,1.785,50.91,Toyota Corolla 140H e-CVT 1.8,4.5,Gasolina 95 E5,2026-10-09
R1252,Murcia,Cáceres,660.479,5.780556,0.0,official_inventory_reference_B,no_toll_expected_official_network,,tabla_peajes_2026.csv + fuentes.csv (MITMA/BOE/concesionarias),Red de referencia gratuita post-liberalizaciones (AP-1/AP-2/AP-4/AP-7 liberadas); ver tabla_peajes_2026.csv.,29.722,1.785,53.05,Toyota Corolla 140H e-CVT 1.8,4.5,Gasolina 95 E5,2026-10-09
R1253,Murcia,Cádiz,567.959,5.750833,0.0,official_inventory_reference_B,no_toll_expected_official_network,,tabla_peajes_2026.csv + fuentes.csv (MITMA/BOE/concesionarias),Red de referencia gratuita post-liberalizaciones (AP-1/AP-2/AP-4/AP-7 liberadas); ver tabla_peajes_2026.csv.,25.558,1.785,45.62,Toyota Corolla 140H e-CVT 1.8,4.5,Gasolina 95 E5,2026-10-09
R1254,Murcia,Castellón de la Plana,306.405,2.810278,0.0,official_inventory_reference_B,no_toll_expected_official_network,,tabla_peajes_2026.csv + fuentes.csv (MITMA/BOE/concesionarias),Red de referencia gratuita post-liberalizaciones (AP-1/AP-2/AP-4/AP-7 liberadas); ver tabla_peajes_2026.csv.,13.788,1.785,24.61,Toyota Corolla 140H e-CVT 1.8,4.5,Gasolina 95 E5,2026-10-09
R1255,Murcia,Ciudad Real,363.527,3.193889,0.0,official_inventory_reference_B,no_toll_expected_official_network,,tabla_peajes_2026.csv + fuentes.csv (MITMA/BOE/concesionarias),Red de referencia gratuita post-liberalizaciones (AP-1/AP-2/AP-4/AP-7 liberadas); ver tabla_peajes_2026.csv.,16.359,1.785,29.2,Toyota Corolla 140H e-CVT 1.8,4.5,Gasolina 95 E5,2026-10-09
R1256,Murcia,Córdoba,435.911,4.388333,0.0,official_inventory_reference_B,no_toll_expected_official_network,,tabla_peajes_2026.csv + fuentes.csv (MITMA/BOE/concesionarias),Red de referencia gratuita post-liberalizaciones (AP-1/AP-2/AP-4/AP-7 liberadas); ver tabla_peajes_2026.csv.,19.616,1.785,35.01,Toyota Corolla 140H e-CVT 1.8,4.5,Gasolina 95 E5,2026-10-09
R1257,Murcia,Cuenca,305.846,2.873611,0.0,official_inventory_reference_B,no_toll_expected_official_network,,tabla_peajes_2026.csv + fuentes.csv (MITMA/BOE/concesionarias),Red de referencia gratuita post-liberalizaciones (AP-1/AP-2/AP-4/AP-7 liberadas); ver tabla_peajes_2026.csv.,13.763,1.785,24.57,Toyota Corolla 140H e-CVT 1.8,4.5,Gasolina 95 E5,2026-10-09
R1258,Murcia,Girona,667.832,5.847222,0.0,official_inventory_reference_B,no_toll_expected_official_network,,tabla_peajes_2026.csv + fuentes.csv (MITMA/BOE/concesionarias),Red de referencia gratuita post-liberalizaciones (AP-1/AP-2/AP-4/AP-7 liberadas); ver tabla_peajes_2026.csv.,30.052,1.785,53.64,Toyota Corolla 140H e-CVT 1.8,4.5,Gasolina 95 E5,2026-10-09
R1259,Murcia,Granada,277.363,2.635278,0.0,official_inventory_reference_B,no_toll_expected_official_network,,tabla_peajes_2026.csv + fuentes.csv (MITMA/BOE/concesionarias),Red de referencia gratuita post-liberalizaciones (AP-1/AP-2/AP-4/AP-7 liberadas); ver tabla_peajes_2026.csv.,12.481,1.785,22.28,Toyota Corolla 140H e-CVT 1.8,4.5,Gasolina 95 E5,2026-10-09
R1260,Murcia,Guadalajara,427.226,3.821389,0.0,official_inventory_reference_B,no_toll_expected_official_network,,tabla_peajes_2026.csv + fuentes.csv (MITMA/BOE/concesionarias),Red de referencia gratuita post-liberalizaciones (AP-1/AP-2/AP-4/AP-7 liberadas); ver tabla_peajes_2026.csv.,19.225,1.785,34.32,Toyota Corolla 140H e-CVT 1.8,4.5,Gasolina 95 E5,2026-10-09
R1261,Murcia,Huelva,620.954,5.736944,0.0,official_inventory_reference_B,no_toll_expected_official_network,,tabla_peajes_2026.csv + fuentes.csv (MITMA/BOE/concesionarias),Red de referencia gratuita post-liberalizaciones (AP-1/AP-2/AP-4/AP-7 liberadas); ver tabla_peajes_2026.csv.,27.943,1.785,49.88,Toyota Corolla 140H e-CVT 1.8,4.5,Gasolina 95 E5,2026-10-09
R1262,Murcia,Huesca,613.743,5.412778,0.0,official_inventory_reference_B,no_toll_expected_official_network,,tabla_peajes_2026.csv + fuentes.csv (MITMA/BOE/concesionarias),Red de referencia gratuita post-liberalizaciones (AP-1/AP-2/AP-4/AP-7 liberadas); ver tabla_peajes_2026.csv.,27.618,1.785,49.3,Toyota Corolla 140H e-CVT 1.8,4.5,Gasolina 95 E5,2026-10-09
R1263,Murcia,Jaén,348.222,3.353056,0.0,official_inventory_reference_B,no_toll_expected_official_network,,tabla_peajes_2026.csv + fuentes.csv (MITMA/BOE/concesionarias),Red de referencia gratuita post-liberalizaciones (AP-1/AP-2/AP-4/AP-7 liberadas); ver tabla_peajes_2026.csv.,15.67,1.785,27.97,Toyota Corolla 140H e-CVT 1.8,4.5,Gasolina 95 E5,2026-10-09
R1264,Murcia,León,754.96,6.5825,0.0,official_inventory_reference_B,no_toll_expected_official_network,,tabla_peajes_2026.csv + fuentes.csv (MITMA/BOE/concesionarias),Red de referencia gratuita post-liberalizaciones (AP-1/AP-2/AP-4/AP-7 liberadas); ver tabla_peajes_2026.csv.,33.973,1.785,60.64,Toyota Corolla 140H e-CVT 1.8,4.5,Gasolina 95 E5,2026-10-09
R1265,Murcia,Lleida,567.639,5.036111,0.0,official_inventory_reference_B,no_toll_expected_official_network,,tabla_peajes_2026.csv + fuentes.csv (MITMA/BOE/concesionarias),Red de referencia gratuita post-liberalizaciones (AP-1/AP-2/AP-4/AP-7 liberadas); ver tabla_peajes_2026.csv.,25.544,1.785,45.6,Toyota Corolla 140H e-CVT 1.8,4.5,Gasolina 95 E5,2026-10-09
R1266,Murcia,Logroño,695.168,6.387222,0.0,official_inventory_reference_B,no_toll_expected_official_network,,tabla_peajes_2026.csv + fuentes.csv (MITMA/BOE/concesionarias),Red de referencia gratuita post-liberalizaciones (AP-1/AP-2/AP-4/AP-7 liberadas); ver tabla_peajes_2026.csv.,31.283,1.785,55.84,Toyota Corolla 140H e-CVT 1.8,4.5,Gasolina 95 E5,2026-10-09
R1267,Murcia,Lugo,917.962,7.898611,0.0,official_inventory_reference_B,no_toll_expected_official_network,,tabla_peajes_2026.csv + fuentes.csv (MITMA/BOE/concesionarias),Red de referencia gratuita post-liberalizaciones (AP-1/AP-2/AP-4/AP-7 liberadas); ver tabla_peajes_2026.csv.,41.308,1.785,73.74,Toyota Corolla 140H e-CVT 1.8,4.5,Gasolina 95 E5,2026-10-09
R1268,Murcia,Madrid,399.617,3.527778,0.0,official_inventory_reference_B,no_toll_expected_official_network,,tabla_peajes_2026.csv + fuentes.csv (MITMA/BOE/concesionarias),Red de referencia gratuita post-liberalizaciones (AP-1/AP-2/AP-4/AP-7 liberadas); ver tabla_peajes_2026.csv.,17.983,1.785,32.1,Toyota Corolla 140H e-CVT 1.8,4.5,Gasolina 95 E5,2026-10-09
R1269,Murcia,Málaga,401.78,4.439722,0.0,official_inventory_reference_B,no_toll_expected_official_network,,tabla_peajes_2026.csv + fuentes.csv (MITMA/BOE/concesionarias),Red de referencia gratuita post-liberalizaciones (AP-1/AP-2/AP-4/AP-7 liberadas); ver tabla_peajes_2026.csv.,18.08,1.785,32.27,Toyota Corolla 140H e-CVT 1.8,4.5,Gasolina 95 E5,2026-10-09
R1270,Murcia,Ourense,918.383,8.075278,0.0,official_inventory_reference_B,no_toll_expected_official_network,,tabla_peajes_2026.csv + fuentes.csv (MITMA/BOE/concesionarias),Red de referencia gratuita post-liberalizaciones (AP-1/AP-2/AP-4/AP-7 liberadas); ver tabla_peajes_2026.csv.,41.327,1.785,73.77,Toyota Corolla 140H e-CVT 1.8,4.5,Gasolina 95 E5,2026-10-09
R1271,Murcia,Oviedo,864.369,7.566944,16.2,official_inventory_reference_B,valued_official_2026,AP-66 Campomanes-León,tabla_peajes_2026.csv + fuentes.csv (MITMA/BOE/concesionarias),Paso del Huerna hacia la Meseta/sur; sin alternativa rápida equivalente.,38.897,1.785,69.43,Toyota Corolla 140H e-CVT 1.8,4.5,Gasolina 95 E5,2026-10-09
R1272,Murcia,Palencia,636.868,5.829444,0.0,official_inventory_reference_B,no_toll_expected_official_network,,tabla_peajes_2026.csv + fuentes.csv (MITMA/BOE/concesionarias),Red de referencia gratuita post-liberalizaciones (AP-1/AP-2/AP-4/AP-7 liberadas); ver tabla_peajes_2026.csv.,28.659,1.785,51.16,Toyota Corolla 140H e-CVT 1.8,4.5,Gasolina 95 E5,2026-10-09
R1273,Murcia,Pamplona,714.817,6.341389,0.0,official_inventory_reference_B,no_toll_expected_official_network,,tabla_peajes_2026.csv + fuentes.csv (MITMA/BOE/concesionarias),Red de referencia gratuita post-liberalizaciones (AP-1/AP-2/AP-4/AP-7 liberadas); ver tabla_peajes_2026.csv.,32.167,1.785,57.42,Toyota Corolla 140H e-CVT 1.8,4.5,Gasolina 95 E5,2026-10-09
R1274,Murcia,Pontevedra,1005.67,9.158611,0.0,official_inventory_reference_B,no_toll_expected_official_network,,tabla_peajes_2026.csv + fuentes.csv (MITMA/BOE/concesionarias),Red de referencia gratuita post-liberalizaciones (AP-1/AP-2/AP-4/AP-7 liberadas); ver tabla_peajes_2026.csv.,45.255,1.785,80.78,Toyota Corolla 140H e-CVT 1.8,4.5,Gasolina 95 E5,2026-10-09
R1275,Murcia,Salamanca,628.92,5.523889,0.0,official_inventory_reference_B,no_toll_expected_official_network,,tabla_peajes_2026.csv + fuentes.csv (MITMA/BOE/concesionarias),Red de referencia gratuita post-liberalizaciones (AP-1/AP-2/AP-4/AP-7 liberadas); ver tabla_peajes_2026.csv.,28.301,1.785,50.52,Toyota Corolla 140H e-CVT 1.8,4.5,Gasolina 95 E5,2026-10-09
R1276,Murcia,San Sebastián,844.589,7.415833,0.0,official_inventory_reference_B,no_toll_expected_official_network,,tabla_peajes_2026.csv + fuentes.csv (MITMA/BOE/concesionarias),Red de referencia gratuita post-liberalizaciones (AP-1/AP-2/AP-4/AP-7 liberadas); ver tabla_peajes_2026.csv.,38.007,1.785,67.84,Toyota Corolla 140H e-CVT 1.8,4.5,Gasolina 95 E5,2026-10-09
R1277,Murcia,Santander,844.041,7.335833,0.0,official_inventory_reference_B,no_toll_expected_official_network,,tabla_peajes_2026.csv + fuentes.csv (MITMA/BOE/concesionarias),Red de referencia gratuita post-liberalizaciones (AP-1/AP-2/AP-4/AP-7 liberadas); ver tabla_peajes_2026.csv.,37.982,1.785,67.8,Toyota Corolla 140H e-CVT 1.8,4.5,Gasolina 95 E5,2026-10-09
R1278,Murcia,Segovia,507.907,4.518611,0.0,official_inventory_reference_B,no_toll_expected_official_network,,tabla_peajes_2026.csv + fuentes.csv (MITMA/BOE/concesionarias),Red de referencia gratuita post-liberalizaciones (AP-1/AP-2/AP-4/AP-7 liberadas); ver tabla_peajes_2026.csv.,22.856,1.785,40.8,Toyota Corolla 140H e-CVT 1.8,4.5,Gasolina 95 E5,2026-10-09
R1279,Murcia,Sevilla,530.542,4.962778,0.0,official_inventory_reference_B,no_toll_expected_official_network,,tabla_peajes_2026.csv + fuentes.csv (MITMA/BOE/concesionarias),Red de referencia gratuita post-liberalizaciones (AP-1/AP-2/AP-4/AP-7 liberadas); ver tabla_peajes_2026.csv.,23.874,1.785,42.62,Toyota Corolla 140H e-CVT 1.8,4.5,Gasolina 95 E5,2026-10-09
R1280,Murcia,Soria,596.549,5.268889,0.0,official_inventory_reference_B,no_toll_expected_official_network,,tabla_peajes_2026.csv + fuentes.csv (MITMA/BOE/concesionarias),Red de referencia gratuita post-liberalizaciones (AP-1/AP-2/AP-4/AP-7 liberadas); ver tabla_peajes_2026.csv.,26.845,1.785,47.92,Toyota Corolla 140H e-CVT 1.8,4.5,Gasolina 95 E5,2026-10-09
R1281,Murcia,Tarragona,484.258,4.274444,0.0,official_inventory_reference_B,no_toll_expected_official_network,,tabla_peajes_2026.csv + fuentes.csv (MITMA/BOE/concesionarias),Red de referencia gratuita post-liberalizaciones (AP-1/AP-2/AP-4/AP-7 liberadas); ver tabla_peajes_2026.csv.,21.792,1.785,38.9,Toyota Corolla 140H e-CVT 1.8,4.5,Gasolina 95 E5,2026-10-09
R1282,Murcia,Teruel,370.229,3.353611,0.0,official_inventory_reference_B,no_toll_expected_official_network,,tabla_peajes_2026.csv + fuentes.csv (MITMA/BOE/concesionarias),Red de referencia gratuita post-liberalizaciones (AP-1/AP-2/AP-4/AP-7 liberadas); ver tabla_peajes_2026.csv.,16.66,1.785,29.74,Toyota Corolla 140H e-CVT 1.8,4.5,Gasolina 95 E5,2026-10-09
R1283,Murcia,Toledo,402.059,3.535278,0.0,official_inventory_reference_B,no_toll_expected_official_network,,tabla_peajes_2026.csv + fuentes.csv (MITMA/BOE/concesionarias),Red de referencia gratuita post-liberalizaciones (AP-1/AP-2/AP-4/AP-7 liberadas); ver tabla_peajes_2026.csv.,18.093,1.785,32.3,Toyota Corolla 140H e-CVT 1.8,4.5,Gasolina 95 E5,2026-10-09
R1284,Murcia,Valencia,216.099,2.034444,0.0,official_inventory_reference_B,no_toll_expected_official_network,,tabla_peajes_2026.csv + fuentes.csv (MITMA/BOE/concesionarias),Red de referencia gratuita post-liberalizaciones (AP-1/AP-2/AP-4/AP-7 liberadas); ver tabla_peajes_2026.csv.,9.724,1.785,17.36,Toyota Corolla 140H e-CVT 1.8,4.5,Gasolina 95 E5,2026-10-09
R1285,Murcia,Valladolid,626.641,5.514444,0.0,official_inventory_reference_B,no_toll_expected_official_network,,tabla_peajes_2026.csv + fuentes.csv (MITMA/BOE/concesionarias),Red de referencia gratuita post-liberalizaciones (AP-1/AP-2/AP-4/AP-7 liberadas); ver tabla_peajes_2026.csv.,28.199,1.785,50.33,Toyota Corolla 140H e-CVT 1.8,4.5,Gasolina 95 E5,2026-10-09
R1286,Murcia,Vitoria-Gasteiz,743.071,6.468056,0.0,official_inventory_reference_B,no_toll_expected_official_network,,tabla_peajes_2026.csv + fuentes.csv (MITMA/BOE/concesionarias),Red de referencia gratuita post-liberalizaciones (AP-1/AP-2/AP-4/AP-7 liberadas); ver tabla_peajes_2026.csv.,33.438,1.785,59.69,Toyota Corolla 140H e-CVT 1.8,4.5,Gasolina 95 E5,2026-10-09
R1287,Murcia,Zamora,678.46,6.086389,0.0,official_inventory_reference_B,no_toll_expected_official_network,,tabla_peajes_2026.csv + fuentes.csv (MITMA/BOE/concesionarias),Red de referencia gratuita post-liberalizaciones (AP-1/AP-2/AP-4/AP-7 liberadas); ver tabla_peajes_2026.csv.,30.531,1.785,54.5,Toyota Corolla 140H e-CVT 1.8,4.5,Gasolina 95 E5,2026-10-09
R1288,Murcia,Zaragoza,541.061,4.823889,0.0,official_inventory_reference_B,no_toll_expected_official_network,,tabla_peajes_2026.csv + fuentes.csv (MITMA/BOE/concesionarias),Red de referencia gratuita post-liberalizaciones (AP-1/AP-2/AP-4/AP-7 liberadas); ver tabla_peajes_2026.csv.,24.348,1.785,43.46,Toyota Corolla 140H e-CVT 1.8,4.5,Gasolina 95 E5,2026-10-09
R1289,Ourense,A Coruña,183.398,1.671667,0.0,official_inventory_reference_B,no_toll_expected_official_network,,tabla_peajes_2026.csv + fuentes.csv (MITMA/BOE/concesionarias),Red de referencia gratuita post-liberalizaciones (AP-1/AP-2/AP-4/AP-7 liberadas); ver tabla_peajes_2026.csv.,8.253,1.785,14.73,Toyota Corolla 140H e-CVT 1.8,4.5,Gasolina 95 E5,2026-10-09
R1290,Ourense,Albacete,774.449,6.763333,0.0,official_inventory_reference_B,no_toll_expected_official_network,,tabla_peajes_2026.csv + fuentes.csv (MITMA/BOE/concesionarias),Red de referencia gratuita post-liberalizaciones (AP-1/AP-2/AP-4/AP-7 liberadas); ver tabla_peajes_2026.csv.,34.85,1.785,62.21,Toyota Corolla 140H e-CVT 1.8,4.5,Gasolina 95 E5,2026-10-09
R1291,Ourense,Alicante,938.614,8.1625,0.0,official_inventory_reference_B,no_toll_expected_official_network,,tabla_peajes_2026.csv + fuentes.csv (MITMA/BOE/concesionarias),Red de referencia gratuita post-liberalizaciones (AP-1/AP-2/AP-4/AP-7 liberadas); ver tabla_peajes_2026.csv.,42.238,1.785,75.39,Toyota Corolla 140H e-CVT 1.8,4.5,Gasolina 95 E5,2026-10-09
R1292,Ourense,Almería,1045.009,9.3225,0.0,official_inventory_reference_B,no_toll_expected_official_network,,tabla_peajes_2026.csv + fuentes.csv (MITMA/BOE/concesionarias),Red de referencia gratuita post-liberalizaciones (AP-1/AP-2/AP-4/AP-7 liberadas); ver tabla_peajes_2026.csv.,47.025,1.785,83.94,Toyota Corolla 140H e-CVT 1.8,4.5,Gasolina 95 E5,2026-10-09
R1293,Ourense,Ávila,431.949,3.899722,0.0,official_inventory_reference_B,no_toll_expected_official_network,,tabla_peajes_2026.csv + fuentes.csv (MITMA/BOE/concesionarias),Red de referencia gratuita post-liberalizaciones (AP-1/AP-2/AP-4/AP-7 liberadas); ver tabla_peajes_2026.csv.,19.438,1.785,34.7,Toyota Corolla 140H e-CVT 1.8,4.5,Gasolina 95 E5,2026-10-09
R1294,Ourense,Badajoz,568.555,5.489444,0.0,official_inventory_reference_B,no_toll_expected_official_network,,tabla_peajes_2026.csv + fuentes.csv (MITMA/BOE/concesionarias),Red de referencia gratuita post-liberalizaciones (AP-1/AP-2/AP-4/AP-7 liberadas); ver tabla_peajes_2026.csv.,25.585,1.785,45.67,Toyota Corolla 140H e-CVT 1.8,4.5,Gasolina 95 E5,2026-10-09
R1295,Ourense,Barcelona,1061.626,9.243611,0.0,official_inventory_reference_B,no_toll_expected_official_network,,tabla_peajes_2026.csv + fuentes.csv (MITMA/BOE/concesionarias),Red de referencia gratuita post-liberalizaciones (AP-1/AP-2/AP-4/AP-7 liberadas); ver tabla_peajes_2026.csv.,47.773,1.785,85.28,Toyota Corolla 140H e-CVT 1.8,4.5,Gasolina 95 E5,2026-10-09
R1296,Ourense,Bilbao,612.966,5.36,0.0,official_inventory_reference_B,no_toll_expected_official_network,,tabla_peajes_2026.csv + fuentes.csv (MITMA/BOE/concesionarias),Red de referencia gratuita post-liberalizaciones (AP-1/AP-2/AP-4/AP-7 liberadas); ver tabla_peajes_2026.csv.,27.583,1.785,49.24,Toyota Corolla 140H e-CVT 1.8,4.5,Gasolina 95 E5,2026-10-09
R1297,Ourense,Burgos,459.048,3.999444,0.0,official_inventory_reference_B,no_toll_expected_official_network,,tabla_peajes_2026.csv + fuentes.csv (MITMA/BOE/concesionarias),Red de referencia gratuita post-liberalizaciones (AP-1/AP-2/AP-4/AP-7 liberadas); ver tabla_peajes_2026.csv.,20.657,1.785,36.87,Toyota Corolla 140H e-CVT 1.8,4.5,Gasolina 95 E5,2026-10-09
R1298,Ourense,Cáceres,531.866,4.926667,0.0,official_inventory_reference_B,no_toll_expected_official_network,,tabla_peajes_2026.csv + fuentes.csv (MITMA/BOE/concesionarias),Red de referencia gratuita post-liberalizaciones (AP-1/AP-2/AP-4/AP-7 liberadas); ver tabla_peajes_2026.csv.,23.934,1.785,42.72,Toyota Corolla 140H e-CVT 1.8,4.5,Gasolina 95 E5,2026-10-09
R1299,Ourense,Cádiz,907.385,8.126944,0.0,official_inventory_reference_B,no_toll_expected_official_network,,tabla_peajes_2026.csv + fuentes.csv (MITMA/BOE/concesionarias),Red de referencia gratuita post-liberalizaciones (AP-1/AP-2/AP-4/AP-7 liberadas); ver tabla_peajes_2026.csv.,40.832,1.785,72.89,Toyota Corolla 140H e-CVT 1.8,4.5,Gasolina 95 E5,2026-10-09
R1300,Ourense,Castellón de la Plana,947.369,8.306389,0.0,official_inventory_reference_B,no_toll_expected_official_network,,tabla_peajes_2026.csv + fuentes.csv (MITMA/BOE/concesionarias),Red de referencia gratuita post-liberalizaciones (AP-1/AP-2/AP-4/AP-7 liberadas); ver tabla_peajes_2026.csv.,42.632,1.785,76.1,Toyota Corolla 140H e-CVT 1.8,4.5,Gasolina 95 E5,2026-10-09
R1301,Ourense,Ciudad Real,686.903,6.260833,0.0,official_inventory_reference_B,no_toll_expected_official_network,,tabla_peajes_2026.csv + fuentes.csv (MITMA/BOE/concesionarias),Red de referencia gratuita post-liberalizaciones (AP-1/AP-2/AP-4/AP-7 liberadas); ver tabla_peajes_2026.csv.,30.911,1.785,55.18,Toyota Corolla 140H e-CVT 1.8,4.5,Gasolina 95 E5,2026-10-09
R1302,Ourense,Córdoba,844.338,8.102222,0.0,official_inventory_reference_B,no_toll_expected_official_network,,tabla_peajes_2026.csv + fuentes.csv (MITMA/BOE/concesionarias),Red de referencia gratuita post-liberalizaciones (AP-1/AP-2/AP-4/AP-7 liberadas); ver tabla_peajes_2026.csv.,37.995,1.785,67.82,Toyota Corolla 140H e-CVT 1.8,4.5,Gasolina 95 E5,2026-10-09
R1303,Ourense,Cuenca,686.001,6.080278,0.0,official_inventory_reference_B,no_toll_expected_official_network,,tabla_peajes_2026.csv + fuentes.csv (MITMA/BOE/concesionarias),Red de referencia gratuita post-liberalizaciones (AP-1/AP-2/AP-4/AP-7 liberadas); ver tabla_peajes_2026.csv.,30.87,1.785,55.1,Toyota Corolla 140H e-CVT 1.8,4.5,Gasolina 95 E5,2026-10-09
R1304,Ourense,Girona,1127.367,9.828611,0.0,official_inventory_reference_B,no_toll_expected_official_network,,tabla_peajes_2026.csv + fuentes.csv (MITMA/BOE/concesionarias),Red de referencia gratuita post-liberalizaciones (AP-1/AP-2/AP-4/AP-7 liberadas); ver tabla_peajes_2026.csv.,50.732,1.785,90.56,Toyota Corolla 140H e-CVT 1.8,4.5,Gasolina 95 E5,2026-10-09
R1305,Ourense,Granada,920.224,8.108333,0.0,official_inventory_reference_B,no_toll_expected_official_network,,tabla_peajes_2026.csv + fuentes.csv (MITMA/BOE/concesionarias),Red de referencia gratuita post-liberalizaciones (AP-1/AP-2/AP-4/AP-7 liberadas); ver tabla_peajes_2026.csv.,41.41,1.785,73.92,Toyota Corolla 140H e-CVT 1.8,4.5,Gasolina 95 E5,2026-10-09
R1306,Ourense,Guadalajara,562.454,5.087778,0.0,official_inventory_reference_B,no_toll_expected_official_network,,tabla_peajes_2026.csv + fuentes.csv (MITMA/BOE/concesionarias),Red de referencia gratuita post-liberalizaciones (AP-1/AP-2/AP-4/AP-7 liberadas); ver tabla_peajes_2026.csv.,25.31,1.785,45.18,Toyota Corolla 140H e-CVT 1.8,4.5,Gasolina 95 E5,2026-10-09
R1307,Ourense,Huelva,861.518,7.4875,0.0,official_inventory_reference_B,no_toll_expected_official_network,,tabla_peajes_2026.csv + fuentes.csv (MITMA/BOE/concesionarias),Red de referencia gratuita post-liberalizaciones (AP-1/AP-2/AP-4/AP-7 liberadas); ver tabla_peajes_2026.csv.,38.768,1.785,69.2,Toyota Corolla 140H e-CVT 1.8,4.5,Gasolina 95 E5,2026-10-09
R1308,Ourense,Huesca,828.36,7.244167,0.0,official_inventory_reference_B,no_toll_expected_official_network,,tabla_peajes_2026.csv + fuentes.csv (MITMA/BOE/concesionarias),Red de referencia gratuita post-liberalizaciones (AP-1/AP-2/AP-4/AP-7 liberadas); ver tabla_peajes_2026.csv.,37.276,1.785,66.54,Toyota Corolla 140H e-CVT 1.8,4.5,Gasolina 95 E5,2026-10-09
R1309,Ourense,Jaén,832.549,7.355278,0.0,official_inventory_reference_B,no_toll_expected_official_network,,tabla_peajes_2026.csv + fuentes.csv (MITMA/BOE/concesionarias),Red de referencia gratuita post-liberalizaciones (AP-1/AP-2/AP-4/AP-7 liberadas); ver tabla_peajes_2026.csv.,37.465,1.785,66.87,Toyota Corolla 140H e-CVT 1.8,4.5,Gasolina 95 E5,2026-10-09
R1310,Ourense,León,301.592,2.712778,0.0,official_inventory_reference_B,toll_possible_not_valued,AP-53 / AP-71,tabla_peajes_2026.csv + fuentes.csv (MITMA/BOE/concesionarias),Peaje posible; tarifa no verificada hoy. tax=0 provisional.,13.572,1.785,24.23,Toyota Corolla 140H e-CVT 1.8,4.5,Gasolina 95 E5,2026-10-09
R1311,Ourense,Lleida,900.723,7.818333,0.0,official_inventory_reference_B,no_toll_expected_official_network,,tabla_peajes_2026.csv + fuentes.csv (MITMA/BOE/concesionarias),Red de referencia gratuita post-liberalizaciones (AP-1/AP-2/AP-4/AP-7 liberadas); ver tabla_peajes_2026.csv.,40.533,1.785,72.35,Toyota Corolla 140H e-CVT 1.8,4.5,Gasolina 95 E5,2026-10-09
R1312,Ourense,Logroño,574.91,5.226944,0.0,official_inventory_reference_B,no_toll_expected_official_network,,tabla_peajes_2026.csv + fuentes.csv (MITMA/BOE/concesionarias),Red de referencia gratuita post-liberalizaciones (AP-1/AP-2/AP-4/AP-7 liberadas); ver tabla_peajes_2026.csv.,25.871,1.785,46.18,Toyota Corolla 140H e-CVT 1.8,4.5,Gasolina 95 E5,2026-10-09
R1313,Ourense,Lugo,90.171,1.060278,0.0,official_inventory_reference_B,toll_possible_not_valued,AP-53 / AP-71,tabla_peajes_2026.csv + fuentes.csv (MITMA/BOE/concesionarias),Peaje posible; tarifa no verificada hoy. tax=0 provisional.,4.058,1.785,7.24,Toyota Corolla 140H e-CVT 1.8,4.5,Gasolina 95 E5,2026-10-09
R1314,Ourense,Madrid,504.286,4.540278,0.0,official_inventory_reference_B,no_toll_expected_official_network,,tabla_peajes_2026.csv + fuentes.csv (MITMA/BOE/concesionarias),Red de referencia gratuita post-liberalizaciones (AP-1/AP-2/AP-4/AP-7 liberadas); ver tabla_peajes_2026.csv.,22.693,1.785,40.51,Toyota Corolla 140H e-CVT 1.8,4.5,Gasolina 95 E5,2026-10-09
R1315,Ourense,Málaga,1005.312,9.785,0.0,official_inventory_reference_B,no_toll_expected_official_network,,tabla_peajes_2026.csv + fuentes.csv (MITMA/BOE/concesionarias),Red de referencia gratuita post-liberalizaciones (AP-1/AP-2/AP-4/AP-7 liberadas); ver tabla_peajes_2026.csv.,45.239,1.785,80.75,Toyota Corolla 140H e-CVT 1.8,4.5,Gasolina 95 E5,2026-10-09
R1316,Ourense,Murcia,916.9,8.015278,0.0,official_inventory_reference_B,no_toll_expected_official_network,,tabla_peajes_2026.csv + fuentes.csv (MITMA/BOE/concesionarias),Red de referencia gratuita post-liberalizaciones (AP-1/AP-2/AP-4/AP-7 liberadas); ver tabla_peajes_2026.csv.,41.261,1.785,73.65,Toyota Corolla 140H e-CVT 1.8,4.5,Gasolina 95 E5,2026-10-09
R1317,Ourense,Oviedo,354.783,3.310556,0.0,official_inventory_reference_B,no_toll_expected_official_network,,tabla_peajes_2026.csv + fuentes.csv (MITMA/BOE/concesionarias),Corredor cantábrico/pirenaico sin AP-66 en la referencia.,15.965,1.785,28.5,Toyota Corolla 140H e-CVT 1.8,4.5,Gasolina 95 E5,2026-10-09
R1318,Ourense,Palencia,346.989,3.446667,0.0,official_inventory_reference_B,no_toll_expected_official_network,,tabla_peajes_2026.csv + fuentes.csv (MITMA/BOE/concesionarias),Red de referencia gratuita post-liberalizaciones (AP-1/AP-2/AP-4/AP-7 liberadas); ver tabla_peajes_2026.csv.,15.615,1.785,27.87,Toyota Corolla 140H e-CVT 1.8,4.5,Gasolina 95 E5,2026-10-09
R1319,Ourense,Pamplona,664.172,5.807778,0.0,official_inventory_reference_B,no_toll_expected_official_network,,tabla_peajes_2026.csv + fuentes.csv (MITMA/BOE/concesionarias),Red de referencia gratuita post-liberalizaciones (AP-1/AP-2/AP-4/AP-7 liberadas); ver tabla_peajes_2026.csv.,29.888,1.785,53.35,Toyota Corolla 140H e-CVT 1.8,4.5,Gasolina 95 E5,2026-10-09
R1320,Ourense,Pontevedra,93.308,1.251944,0.0,official_inventory_reference_B,toll_possible_not_valued,AP-53 / AP-71,tabla_peajes_2026.csv + fuentes.csv (MITMA/BOE/concesionarias),Peaje posible; tarifa no verificada hoy. tax=0 provisional.,4.199,1.785,7.49,Toyota Corolla 140H e-CVT 1.8,4.5,Gasolina 95 E5,2026-10-09
R1321,Ourense,Salamanca,327.976,3.159167,0.0,official_inventory_reference_B,no_toll_expected_official_network,,tabla_peajes_2026.csv + fuentes.csv (MITMA/BOE/concesionarias),Red de referencia gratuita post-liberalizaciones (AP-1/AP-2/AP-4/AP-7 liberadas); ver tabla_peajes_2026.csv.,14.759,1.785,26.34,Toyota Corolla 140H e-CVT 1.8,4.5,Gasolina 95 E5,2026-10-09
R1322,Ourense,San Sebastián,668.121,5.877222,0.0,official_inventory_reference_B,no_toll_expected_official_network,,tabla_peajes_2026.csv + fuentes.csv (MITMA/BOE/concesionarias),Red de referencia gratuita post-liberalizaciones (AP-1/AP-2/AP-4/AP-7 liberadas); ver tabla_peajes_2026.csv.,30.065,1.785,53.67,Toyota Corolla 140H e-CVT 1.8,4.5,Gasolina 95 E5,2026-10-09
R1323,Ourense,Santander,544.85,4.799444,0.0,official_inventory_reference_B,no_toll_expected_official_network,,tabla_peajes_2026.csv + fuentes.csv (MITMA/BOE/concesionarias),Red de referencia gratuita post-liberalizaciones (AP-1/AP-2/AP-4/AP-7 liberadas); ver tabla_peajes_2026.csv.,24.518,1.785,43.77,Toyota Corolla 140H e-CVT 1.8,4.5,Gasolina 95 E5,2026-10-09
R1324,Ourense,Segovia,458.28,4.076389,0.0,official_inventory_reference_B,no_toll_expected_official_network,,tabla_peajes_2026.csv + fuentes.csv (MITMA/BOE/concesionarias),Red de referencia gratuita post-liberalizaciones (AP-1/AP-2/AP-4/AP-7 liberadas); ver tabla_peajes_2026.csv.,20.623,1.785,36.81,Toyota Corolla 140H e-CVT 1.8,4.5,Gasolina 95 E5,2026-10-09
R1325,Ourense,Sevilla,788.392,7.0475,0.0,official_inventory_reference_B,no_toll_expected_official_network,,tabla_peajes_2026.csv + fuentes.csv (MITMA/BOE/concesionarias),Red de referencia gratuita post-liberalizaciones (AP-1/AP-2/AP-4/AP-7 liberadas); ver tabla_peajes_2026.csv.,35.478,1.785,63.33,Toyota Corolla 140H e-CVT 1.8,4.5,Gasolina 95 E5,2026-10-09
R1326,Ourense,Soria,552.69,5.255556,0.0,official_inventory_reference_B,no_toll_expected_official_network,,tabla_peajes_2026.csv + fuentes.csv (MITMA/BOE/concesionarias),Red de referencia gratuita post-liberalizaciones (AP-1/AP-2/AP-4/AP-7 liberadas); ver tabla_peajes_2026.csv.,24.871,1.785,44.39,Toyota Corolla 140H e-CVT 1.8,4.5,Gasolina 95 E5,2026-10-09
R1327,Ourense,Tarragona,1057.296,9.251389,0.0,official_inventory_reference_B,no_toll_expected_official_network,,tabla_peajes_2026.csv + fuentes.csv (MITMA/BOE/concesionarias),Red de referencia gratuita post-liberalizaciones (AP-1/AP-2/AP-4/AP-7 liberadas); ver tabla_peajes_2026.csv.,47.578,1.785,84.93,Toyota Corolla 140H e-CVT 1.8,4.5,Gasolina 95 E5,2026-10-09
R1328,Ourense,Teruel,821.438,8.086667,0.0,official_inventory_reference_B,no_toll_expected_official_network,,tabla_peajes_2026.csv + fuentes.csv (MITMA/BOE/concesionarias),Red de referencia gratuita post-liberalizaciones (AP-1/AP-2/AP-4/AP-7 liberadas); ver tabla_peajes_2026.csv.,36.965,1.785,65.98,Toyota Corolla 140H e-CVT 1.8,4.5,Gasolina 95 E5,2026-10-09
R1329,Ourense,Toledo,570.468,5.051667,0.0,official_inventory_reference_B,no_toll_expected_official_network,,tabla_peajes_2026.csv + fuentes.csv (MITMA/BOE/concesionarias),Red de referencia gratuita post-liberalizaciones (AP-1/AP-2/AP-4/AP-7 liberadas); ver tabla_peajes_2026.csv.,25.671,1.785,45.82,Toyota Corolla 140H e-CVT 1.8,4.5,Gasolina 95 E5,2026-10-09
R1330,Ourense,Valencia,874.249,7.660833,0.0,official_inventory_reference_B,no_toll_expected_official_network,,tabla_peajes_2026.csv + fuentes.csv (MITMA/BOE/concesionarias),Red de referencia gratuita post-liberalizaciones (AP-1/AP-2/AP-4/AP-7 liberadas); ver tabla_peajes_2026.csv.,39.341,1.785,70.22,Toyota Corolla 140H e-CVT 1.8,4.5,Gasolina 95 E5,2026-10-09
R1331,Ourense,Valladolid,348.701,3.123889,0.0,official_inventory_reference_B,no_toll_expected_official_network,,tabla_peajes_2026.csv + fuentes.csv (MITMA/BOE/concesionarias),Red de referencia gratuita post-liberalizaciones (AP-1/AP-2/AP-4/AP-7 liberadas); ver tabla_peajes_2026.csv.,15.692,1.785,28.01,Toyota Corolla 140H e-CVT 1.8,4.5,Gasolina 95 E5,2026-10-09
R1332,Ourense,Vitoria-Gasteiz,568.148,4.985556,0.0,official_inventory_reference_B,no_toll_expected_official_network,,tabla_peajes_2026.csv + fuentes.csv (MITMA/BOE/concesionarias),Red de referencia gratuita post-liberalizaciones (AP-1/AP-2/AP-4/AP-7 liberadas); ver tabla_peajes_2026.csv.,25.567,1.785,45.64,Toyota Corolla 140H e-CVT 1.8,4.5,Gasolina 95 E5,2026-10-09
R1333,Ourense,Zamora,264.468,2.735278,0.0,official_inventory_reference_B,no_toll_expected_official_network,,tabla_peajes_2026.csv + fuentes.csv (MITMA/BOE/concesionarias),Red de referencia gratuita post-liberalizaciones (AP-1/AP-2/AP-4/AP-7 liberadas); ver tabla_peajes_2026.csv.,11.901,1.785,21.24,Toyota Corolla 140H e-CVT 1.8,4.5,Gasolina 95 E5,2026-10-09
R1334,Ourense,Zaragoza,755.123,6.636944,0.0,official_inventory_reference_B,no_toll_expected_official_network,,tabla_peajes_2026.csv + fuentes.csv (MITMA/BOE/concesionarias),Red de referencia gratuita post-liberalizaciones (AP-1/AP-2/AP-4/AP-7 liberadas); ver tabla_peajes_2026.csv.,33.981,1.785,60.66,Toyota Corolla 140H e-CVT 1.8,4.5,Gasolina 95 E5,2026-10-09
R1335,Oviedo,A Coruña,301.304,2.637778,0.0,official_inventory_reference_B,no_toll_expected_official_network,,tabla_peajes_2026.csv + fuentes.csv (MITMA/BOE/concesionarias),Corredor cantábrico/pirenaico sin AP-66 en la referencia.,13.559,1.785,24.2,Toyota Corolla 140H e-CVT 1.8,4.5,Gasolina 95 E5,2026-10-09
R1336,Oviedo,Albacete,721.881,6.298056,16.2,official_inventory_reference_B,valued_official_2026,AP-66 Campomanes-León,tabla_peajes_2026.csv + fuentes.csv (MITMA/BOE/concesionarias),Paso del Huerna hacia la Meseta/sur; sin alternativa rápida equivalente.,32.485,1.785,57.99,Toyota Corolla 140H e-CVT 1.8,4.5,Gasolina 95 E5,2026-10-09
R1337,Oviedo,Alicante,886.046,7.696944,16.2,official_inventory_reference_B,valued_official_2026,AP-66 Campomanes-León,tabla_peajes_2026.csv + fuentes.csv (MITMA/BOE/concesionarias),Paso del Huerna hacia la Meseta/sur; sin alternativa rápida equivalente.,39.872,1.785,71.17,Toyota Corolla 140H e-CVT 1.8,4.5,Gasolina 95 E5,2026-10-09
R1338,Oviedo,Almería,992.441,8.856944,16.2,official_inventory_reference_B,valued_official_2026,AP-66 Campomanes-León,tabla_peajes_2026.csv + fuentes.csv (MITMA/BOE/concesionarias),Paso del Huerna hacia la Meseta/sur; sin alternativa rápida equivalente.,44.66,1.785,79.72,Toyota Corolla 140H e-CVT 1.8,4.5,Gasolina 95 E5,2026-10-09
R1339,Oviedo,Ávila,379.381,3.434444,16.2,official_inventory_reference_B,valued_official_2026,AP-66 Campomanes-León,tabla_peajes_2026.csv + fuentes.csv (MITMA/BOE/concesionarias),Paso del Huerna hacia la Meseta/sur; sin alternativa rápida equivalente.,17.072,1.785,30.47,Toyota Corolla 140H e-CVT 1.8,4.5,Gasolina 95 E5,2026-10-09
R1340,Oviedo,Badajoz,610.414,5.588056,16.2,official_inventory_reference_B,valued_official_2026,AP-66 Campomanes-León,tabla_peajes_2026.csv + fuentes.csv (MITMA/BOE/concesionarias),Paso del Huerna hacia la Meseta/sur; sin alternativa rápida equivalente.,27.469,1.785,49.03,Toyota Corolla 140H e-CVT 1.8,4.5,Gasolina 95 E5,2026-10-09
R1341,Oviedo,Barcelona,901.467,7.884722,0.0,official_inventory_reference_B,no_toll_expected_official_network,,tabla_peajes_2026.csv + fuentes.csv (MITMA/BOE/concesionarias),Corredor cantábrico/pirenaico sin AP-66 en la referencia.,40.566,1.785,72.41,Toyota Corolla 140H e-CVT 1.8,4.5,Gasolina 95 E5,2026-10-09
R1342,Oviedo,Bilbao,292.197,2.706111,0.0,official_inventory_reference_B,no_toll_expected_official_network,,tabla_peajes_2026.csv + fuentes.csv (MITMA/BOE/concesionarias),Corredor cantábrico/pirenaico sin AP-66 en la referencia.,13.149,1.785,23.47,Toyota Corolla 140H e-CVT 1.8,4.5,Gasolina 95 E5,2026-10-09
R1343,Oviedo,Burgos,298.921,2.646111,16.2,official_inventory_reference_B,valued_official_2026,AP-66 Campomanes-León,tabla_peajes_2026.csv + fuentes.csv (MITMA/BOE/concesionarias),Paso del Huerna hacia la Meseta/sur; sin alternativa rápida equivalente.,13.451,1.785,24.01,Toyota Corolla 140H e-CVT 1.8,4.5,Gasolina 95 E5,2026-10-09
R1344,Oviedo,Cáceres,522.8,4.636111,16.2,official_inventory_reference_B,valued_official_2026,AP-66 Campomanes-León,tabla_peajes_2026.csv + fuentes.csv (MITMA/BOE/concesionarias),Paso del Huerna hacia la Meseta/sur; sin alternativa rápida equivalente.,23.526,1.785,41.99,Toyota Corolla 140H e-CVT 1.8,4.5,Gasolina 95 E5,2026-10-09
R1345,Oviedo,Cádiz,898.319,7.836389,16.2,official_inventory_reference_B,valued_official_2026,AP-66 Campomanes-León,tabla_peajes_2026.csv + fuentes.csv (MITMA/BOE/concesionarias),Paso del Huerna hacia la Meseta/sur; sin alternativa rápida equivalente.,40.424,1.785,72.16,Toyota Corolla 140H e-CVT 1.8,4.5,Gasolina 95 E5,2026-10-09
R1346,Oviedo,Castellón de la Plana,804.962,8.124444,16.2,official_inventory_reference_B,valued_official_2026,AP-66 Campomanes-León,tabla_peajes_2026.csv + fuentes.csv (MITMA/BOE/concesionarias),Paso del Huerna hacia la Meseta/sur; sin alternativa rápida equivalente.,36.223,1.785,64.66,Toyota Corolla 140H e-CVT 1.8,4.5,Gasolina 95 E5,2026-10-09
R1347,Oviedo,Ciudad Real,634.335,5.795278,16.2,official_inventory_reference_B,valued_official_2026,AP-66 Campomanes-León,tabla_peajes_2026.csv + fuentes.csv (MITMA/BOE/concesionarias),Paso del Huerna hacia la Meseta/sur; sin alternativa rápida equivalente.,28.545,1.785,50.95,Toyota Corolla 140H e-CVT 1.8,4.5,Gasolina 95 E5,2026-10-09
R1348,Oviedo,Córdoba,835.272,7.811667,16.2,official_inventory_reference_B,valued_official_2026,AP-66 Campomanes-León,tabla_peajes_2026.csv + fuentes.csv (MITMA/BOE/concesionarias),Paso del Huerna hacia la Meseta/sur; sin alternativa rápida equivalente.,37.587,1.785,67.09,Toyota Corolla 140H e-CVT 1.8,4.5,Gasolina 95 E5,2026-10-09
R1349,Oviedo,Cuenca,633.433,5.614722,16.2,official_inventory_reference_B,valued_official_2026,AP-66 Campomanes-León,tabla_peajes_2026.csv + fuentes.csv (MITMA/BOE/concesionarias),Paso del Huerna hacia la Meseta/sur; sin alternativa rápida equivalente.,28.504,1.785,50.88,Toyota Corolla 140H e-CVT 1.8,4.5,Gasolina 95 E5,2026-10-09
R1350,Oviedo,Girona,967.208,8.469722,0.0,official_inventory_reference_B,no_toll_expected_official_network,,tabla_peajes_2026.csv + fuentes.csv (MITMA/BOE/concesionarias),Corredor cantábrico/pirenaico sin AP-66 en la referencia.,43.524,1.785,77.69,Toyota Corolla 140H e-CVT 1.8,4.5,Gasolina 95 E5,2026-10-09
R1351,Oviedo,Granada,867.656,7.642778,16.2,official_inventory_reference_B,valued_official_2026,AP-66 Campomanes-León,tabla_peajes_2026.csv + fuentes.csv (MITMA/BOE/concesionarias),Paso del Huerna hacia la Meseta/sur; sin alternativa rápida equivalente.,39.045,1.785,69.69,Toyota Corolla 140H e-CVT 1.8,4.5,Gasolina 95 E5,2026-10-09
R1352,Oviedo,Guadalajara,509.886,4.622222,16.2,official_inventory_reference_B,valued_official_2026,AP-66 Campomanes-León,tabla_peajes_2026.csv + fuentes.csv (MITMA/BOE/concesionarias),Paso del Huerna hacia la Meseta/sur; sin alternativa rápida equivalente.,22.945,1.785,40.96,Toyota Corolla 140H e-CVT 1.8,4.5,Gasolina 95 E5,2026-10-09
R1353,Oviedo,Huelva,863.301,7.457222,16.2,official_inventory_reference_B,valued_official_2026,AP-66 Campomanes-León,tabla_peajes_2026.csv + fuentes.csv (MITMA/BOE/concesionarias),Paso del Huerna hacia la Meseta/sur; sin alternativa rápida equivalente.,38.849,1.785,69.34,Toyota Corolla 140H e-CVT 1.8,4.5,Gasolina 95 E5,2026-10-09
R1354,Oviedo,Huesca,605.184,5.804167,0.0,official_inventory_reference_B,no_toll_expected_official_network,,tabla_peajes_2026.csv + fuentes.csv (MITMA/BOE/concesionarias),Corredor cantábrico/pirenaico sin AP-66 en la referencia.,27.233,1.785,48.61,Toyota Corolla 140H e-CVT 1.8,4.5,Gasolina 95 E5,2026-10-09
R1355,Oviedo,Jaén,779.981,6.889722,16.2,official_inventory_reference_B,valued_official_2026,AP-66 Campomanes-León,tabla_peajes_2026.csv + fuentes.csv (MITMA/BOE/concesionarias),Paso del Huerna hacia la Meseta/sur; sin alternativa rápida equivalente.,35.099,1.785,62.65,Toyota Corolla 140H e-CVT 1.8,4.5,Gasolina 95 E5,2026-10-09
R1356,Oviedo,León,129.919,1.250833,16.2,official_inventory_reference_B,valued_official_2026,AP-66 Campomanes-León,tabla_peajes_2026.csv + fuentes.csv (MITMA/BOE/concesionarias),Paso del Huerna hacia la Meseta/sur; sin alternativa rápida equivalente.,5.846,1.785,10.44,Toyota Corolla 140H e-CVT 1.8,4.5,Gasolina 95 E5,2026-10-09
R1357,Oviedo,Lleida,740.564,6.459444,0.0,official_inventory_reference_B,no_toll_expected_official_network,,tabla_peajes_2026.csv + fuentes.csv (MITMA/BOE/concesionarias),Corredor cantábrico/pirenaico sin AP-66 en la referencia.,33.325,1.785,59.49,Toyota Corolla 140H e-CVT 1.8,4.5,Gasolina 95 E5,2026-10-09
R1358,Oviedo,Logroño,414.751,3.868056,0.0,official_inventory_reference_B,no_toll_expected_official_network,,tabla_peajes_2026.csv + fuentes.csv (MITMA/BOE/concesionarias),Corredor cantábrico/pirenaico sin AP-66 en la referencia.,18.664,1.785,33.31,Toyota Corolla 140H e-CVT 1.8,4.5,Gasolina 95 E5,2026-10-09
R1359,Oviedo,Lugo,257.554,2.298611,0.0,official_inventory_reference_B,no_toll_expected_official_network,,tabla_peajes_2026.csv + fuentes.csv (MITMA/BOE/concesionarias),Corredor cantábrico/pirenaico sin AP-66 en la referencia.,11.59,1.785,20.69,Toyota Corolla 140H e-CVT 1.8,4.5,Gasolina 95 E5,2026-10-09
R1360,Oviedo,Madrid,451.716,4.074722,16.2,official_inventory_reference_B,valued_official_2026,AP-66 Campomanes-León,tabla_peajes_2026.csv + fuentes.csv (MITMA/BOE/concesionarias),Paso del Huerna hacia la Meseta/sur; sin alternativa rápida equivalente.,20.327,1.785,36.28,Toyota Corolla 140H e-CVT 1.8,4.5,Gasolina 95 E5,2026-10-09
R1361,Oviedo,Málaga,996.246,9.494444,16.2,official_inventory_reference_B,valued_official_2026,AP-66 Campomanes-León,tabla_peajes_2026.csv + fuentes.csv (MITMA/BOE/concesionarias),Paso del Huerna hacia la Meseta/sur; sin alternativa rápida equivalente.,44.831,1.785,80.02,Toyota Corolla 140H e-CVT 1.8,4.5,Gasolina 95 E5,2026-10-09
R1362,Oviedo,Murcia,864.332,7.549722,16.2,official_inventory_reference_B,valued_official_2026,AP-66 Campomanes-León,tabla_peajes_2026.csv + fuentes.csv (MITMA/BOE/concesionarias),Paso del Huerna hacia la Meseta/sur; sin alternativa rápida equivalente.,38.895,1.785,69.43,Toyota Corolla 140H e-CVT 1.8,4.5,Gasolina 95 E5,2026-10-09
R1363,Oviedo,Ourense,356.219,3.333056,0.0,official_inventory_reference_B,no_toll_expected_official_network,,tabla_peajes_2026.csv + fuentes.csv (MITMA/BOE/concesionarias),Corredor cantábrico/pirenaico sin AP-66 en la referencia.,16.03,1.785,28.61,Toyota Corolla 140H e-CVT 1.8,4.5,Gasolina 95 E5,2026-10-09
R1364,Oviedo,Palencia,240.357,2.405278,16.2,official_inventory_reference_B,valued_official_2026,AP-66 Campomanes-León,tabla_peajes_2026.csv + fuentes.csv (MITMA/BOE/concesionarias),Paso del Huerna hacia la Meseta/sur; sin alternativa rápida equivalente.,10.816,1.785,19.31,Toyota Corolla 140H e-CVT 1.8,4.5,Gasolina 95 E5,2026-10-09
R1365,Oviedo,Pamplona,442.513,4.060833,0.0,official_inventory_reference_B,no_toll_expected_official_network,,tabla_peajes_2026.csv + fuentes.csv (MITMA/BOE/concesionarias),Corredor cantábrico/pirenaico sin AP-66 en la referencia.,19.913,1.785,35.54,Toyota Corolla 140H e-CVT 1.8,4.5,Gasolina 95 E5,2026-10-09
R1366,Oviedo,Pontevedra,399.342,3.725556,0.0,official_inventory_reference_B,no_toll_expected_official_network,,tabla_peajes_2026.csv + fuentes.csv (MITMA/BOE/concesionarias),Corredor cantábrico/pirenaico sin AP-66 en la referencia.,17.97,1.785,32.08,Toyota Corolla 140H e-CVT 1.8,4.5,Gasolina 95 E5,2026-10-09
R1367,Oviedo,Salamanca,318.91,2.868611,16.2,official_inventory_reference_B,valued_official_2026,AP-66 Campomanes-León,tabla_peajes_2026.csv + fuentes.csv (MITMA/BOE/concesionarias),Paso del Huerna hacia la Meseta/sur; sin alternativa rápida equivalente.,14.351,1.785,25.62,Toyota Corolla 140H e-CVT 1.8,4.5,Gasolina 95 E5,2026-10-09
R1368,Oviedo,San Sebastián,387.948,3.634722,0.0,official_inventory_reference_B,no_toll_expected_official_network,,tabla_peajes_2026.csv + fuentes.csv (MITMA/BOE/concesionarias),Corredor cantábrico/pirenaico sin AP-66 en la referencia.,17.458,1.785,31.16,Toyota Corolla 140H e-CVT 1.8,4.5,Gasolina 95 E5,2026-10-09
R1369,Oviedo,Santander,201.1,1.859167,0.0,official_inventory_reference_B,no_toll_expected_official_network,,tabla_peajes_2026.csv + fuentes.csv (MITMA/BOE/concesionarias),Corredor cantábrico/pirenaico sin AP-66 en la referencia.,9.05,1.785,16.15,Toyota Corolla 140H e-CVT 1.8,4.5,Gasolina 95 E5,2026-10-09
R1370,Oviedo,Segovia,405.712,3.610833,16.2,official_inventory_reference_B,valued_official_2026,AP-66 Campomanes-León,tabla_peajes_2026.csv + fuentes.csv (MITMA/BOE/concesionarias),Paso del Huerna hacia la Meseta/sur; sin alternativa rápida equivalente.,18.257,1.785,32.59,Toyota Corolla 140H e-CVT 1.8,4.5,Gasolina 95 E5,2026-10-09
R1371,Oviedo,Sevilla,960.796,8.301111,16.2,official_inventory_reference_B,valued_official_2026,AP-66 Campomanes-León,tabla_peajes_2026.csv + fuentes.csv (MITMA/BOE/concesionarias),Paso del Huerna hacia la Meseta/sur; sin alternativa rápida equivalente.,43.236,1.785,77.18,Toyota Corolla 140H e-CVT 1.8,4.5,Gasolina 95 E5,2026-10-09
R1372,Oviedo,Soria,433.257,4.262222,16.2,official_inventory_reference_B,valued_official_2026,AP-66 Campomanes-León,tabla_peajes_2026.csv + fuentes.csv (MITMA/BOE/concesionarias),Paso del Huerna hacia la Meseta/sur; sin alternativa rápida equivalente.,19.497,1.785,34.8,Toyota Corolla 140H e-CVT 1.8,4.5,Gasolina 95 E5,2026-10-09
R1373,Oviedo,Tarragona,823.273,7.2575,0.0,official_inventory_reference_B,no_toll_expected_official_network,,tabla_peajes_2026.csv + fuentes.csv (MITMA/BOE/concesionarias),Corredor cantábrico/pirenaico sin AP-66 en la referencia.,37.047,1.785,66.13,Toyota Corolla 140H e-CVT 1.8,4.5,Gasolina 95 E5,2026-10-09
R1374,Oviedo,Teruel,661.279,6.728056,16.2,official_inventory_reference_B,valued_official_2026,AP-66 Campomanes-León,tabla_peajes_2026.csv + fuentes.csv (MITMA/BOE/concesionarias),Paso del Huerna hacia la Meseta/sur; sin alternativa rápida equivalente.,29.758,1.785,53.12,Toyota Corolla 140H e-CVT 1.8,4.5,Gasolina 95 E5,2026-10-09
R1375,Oviedo,Toledo,517.9,4.586111,16.2,official_inventory_reference_B,valued_official_2026,AP-66 Campomanes-León,tabla_peajes_2026.csv + fuentes.csv (MITMA/BOE/concesionarias),Paso del Huerna hacia la Meseta/sur; sin alternativa rápida equivalente.,23.305,1.785,41.6,Toyota Corolla 140H e-CVT 1.8,4.5,Gasolina 95 E5,2026-10-09
R1376,Oviedo,Valencia,821.681,7.195278,16.2,official_inventory_reference_B,valued_official_2026,AP-66 Campomanes-León,tabla_peajes_2026.csv + fuentes.csv (MITMA/BOE/concesionarias),Paso del Huerna hacia la Meseta/sur; sin alternativa rápida equivalente.,36.976,1.785,66.0,Toyota Corolla 140H e-CVT 1.8,4.5,Gasolina 95 E5,2026-10-09
R1377,Oviedo,Valladolid,296.133,2.658333,16.2,official_inventory_reference_B,valued_official_2026,AP-66 Campomanes-León,tabla_peajes_2026.csv + fuentes.csv (MITMA/BOE/concesionarias),Paso del Huerna hacia la Meseta/sur; sin alternativa rápida equivalente.,13.326,1.785,23.79,Toyota Corolla 140H e-CVT 1.8,4.5,Gasolina 95 E5,2026-10-09
R1378,Oviedo,Vitoria-Gasteiz,351.608,3.264722,0.0,official_inventory_reference_B,no_toll_expected_official_network,,tabla_peajes_2026.csv + fuentes.csv (MITMA/BOE/concesionarias),Corredor cantábrico/pirenaico sin AP-66 en la referencia.,15.822,1.785,28.24,Toyota Corolla 140H e-CVT 1.8,4.5,Gasolina 95 E5,2026-10-09
R1379,Oviedo,Zamora,255.421,2.445,16.2,official_inventory_reference_B,valued_official_2026,AP-66 Campomanes-León,tabla_peajes_2026.csv + fuentes.csv (MITMA/BOE/concesionarias),Paso del Huerna hacia la Meseta/sur; sin alternativa rápida equivalente.,11.494,1.785,20.52,Toyota Corolla 140H e-CVT 1.8,4.5,Gasolina 95 E5,2026-10-09
R1380,Oviedo,Zaragoza,594.964,5.278056,0.0,official_inventory_reference_B,no_toll_expected_official_network,,tabla_peajes_2026.csv + fuentes.csv (MITMA/BOE/concesionarias),Corredor cantábrico/pirenaico sin AP-66 en la referencia.,26.773,1.785,47.79,Toyota Corolla 140H e-CVT 1.8,4.5,Gasolina 95 E5,2026-10-09
R1381,Palencia,A Coruña,435.359,4.025833,0.0,official_inventory_reference_B,no_toll_expected_official_network,,tabla_peajes_2026.csv + fuentes.csv (MITMA/BOE/concesionarias),Red de referencia gratuita post-liberalizaciones (AP-1/AP-2/AP-4/AP-7 liberadas); ver tabla_peajes_2026.csv.,19.591,1.785,34.97,Toyota Corolla 140H e-CVT 1.8,4.5,Gasolina 95 E5,2026-10-09
R1382,Palencia,Albacete,491.312,4.646389,0.0,official_inventory_reference_B,no_toll_expected_official_network,,tabla_peajes_2026.csv + fuentes.csv (MITMA/BOE/concesionarias),Red de referencia gratuita post-liberalizaciones (AP-1/AP-2/AP-4/AP-7 liberadas); ver tabla_peajes_2026.csv.,22.109,1.785,39.46,Toyota Corolla 140H e-CVT 1.8,4.5,Gasolina 95 E5,2026-10-09
R1383,Palencia,Alicante,655.475,6.045278,0.0,official_inventory_reference_B,no_toll_expected_official_network,,tabla_peajes_2026.csv + fuentes.csv (MITMA/BOE/concesionarias),Red de referencia gratuita post-liberalizaciones (AP-1/AP-2/AP-4/AP-7 liberadas); ver tabla_peajes_2026.csv.,29.496,1.785,52.65,Toyota Corolla 140H e-CVT 1.8,4.5,Gasolina 95 E5,2026-10-09
R1384,Palencia,Almería,800.819,7.243333,0.0,official_inventory_reference_B,no_toll_expected_official_network,,tabla_peajes_2026.csv + fuentes.csv (MITMA/BOE/concesionarias),Red de referencia gratuita post-liberalizaciones (AP-1/AP-2/AP-4/AP-7 liberadas); ver tabla_peajes_2026.csv.,36.037,1.785,64.33,Toyota Corolla 140H e-CVT 1.8,4.5,Gasolina 95 E5,2026-10-09
R1385,Palencia,Ávila,187.68,1.810556,0.0,official_inventory_reference_B,no_toll_expected_official_network,,tabla_peajes_2026.csv + fuentes.csv (MITMA/BOE/concesionarias),Red de referencia gratuita post-liberalizaciones (AP-1/AP-2/AP-4/AP-7 liberadas); ver tabla_peajes_2026.csv.,8.446,1.785,15.08,Toyota Corolla 140H e-CVT 1.8,4.5,Gasolina 95 E5,2026-10-09
R1386,Palencia,Badajoz,460.5,4.299167,0.0,official_inventory_reference_B,no_toll_expected_official_network,,tabla_peajes_2026.csv + fuentes.csv (MITMA/BOE/concesionarias),Red de referencia gratuita post-liberalizaciones (AP-1/AP-2/AP-4/AP-7 liberadas); ver tabla_peajes_2026.csv.,20.723,1.785,36.99,Toyota Corolla 140H e-CVT 1.8,4.5,Gasolina 95 E5,2026-10-09
R1387,Palencia,Barcelona,693.47,6.105278,0.0,official_inventory_reference_B,no_toll_expected_official_network,,tabla_peajes_2026.csv + fuentes.csv (MITMA/BOE/concesionarias),Red de referencia gratuita post-liberalizaciones (AP-1/AP-2/AP-4/AP-7 liberadas); ver tabla_peajes_2026.csv.,31.206,1.785,55.7,Toyota Corolla 140H e-CVT 1.8,4.5,Gasolina 95 E5,2026-10-09
R1388,Palencia,Bilbao,244.799,2.221944,0.0,official_inventory_reference_B,no_toll_expected_official_network,,tabla_peajes_2026.csv + fuentes.csv (MITMA/BOE/concesionarias),Red de referencia gratuita post-liberalizaciones (AP-1/AP-2/AP-4/AP-7 liberadas); ver tabla_peajes_2026.csv.,11.016,1.785,19.66,Toyota Corolla 140H e-CVT 1.8,4.5,Gasolina 95 E5,2026-10-09
R1389,Palencia,Burgos,90.888,0.861111,0.0,official_inventory_reference_B,no_toll_expected_official_network,,tabla_peajes_2026.csv + fuentes.csv (MITMA/BOE/concesionarias),Red de referencia gratuita post-liberalizaciones (AP-1/AP-2/AP-4/AP-7 liberadas); ver tabla_peajes_2026.csv.,4.09,1.785,7.3,Toyota Corolla 140H e-CVT 1.8,4.5,Gasolina 95 E5,2026-10-09
R1390,Palencia,Cáceres,372.883,3.3475,0.0,official_inventory_reference_B,no_toll_expected_official_network,,tabla_peajes_2026.csv + fuentes.csv (MITMA/BOE/concesionarias),Red de referencia gratuita post-liberalizaciones (AP-1/AP-2/AP-4/AP-7 liberadas); ver tabla_peajes_2026.csv.,16.78,1.785,29.95,Toyota Corolla 140H e-CVT 1.8,4.5,Gasolina 95 E5,2026-10-09
R1391,Palencia,Cádiz,748.4,6.5475,0.0,official_inventory_reference_B,no_toll_expected_official_network,,tabla_peajes_2026.csv + fuentes.csv (MITMA/BOE/concesionarias),Red de referencia gratuita post-liberalizaciones (AP-1/AP-2/AP-4/AP-7 liberadas); ver tabla_peajes_2026.csv.,33.678,1.785,60.12,Toyota Corolla 140H e-CVT 1.8,4.5,Gasolina 95 E5,2026-10-09
R1392,Palencia,Castellón de la Plana,564.988,6.149444,0.0,official_inventory_reference_B,no_toll_expected_official_network,,tabla_peajes_2026.csv + fuentes.csv (MITMA/BOE/concesionarias),Red de referencia gratuita post-liberalizaciones (AP-1/AP-2/AP-4/AP-7 liberadas); ver tabla_peajes_2026.csv.,25.424,1.785,45.38,Toyota Corolla 140H e-CVT 1.8,4.5,Gasolina 95 E5,2026-10-09
R1393,Palencia,Ciudad Real,442.634,4.171944,0.0,official_inventory_reference_B,no_toll_expected_official_network,,tabla_peajes_2026.csv + fuentes.csv (MITMA/BOE/concesionarias),Red de referencia gratuita post-liberalizaciones (AP-1/AP-2/AP-4/AP-7 liberadas); ver tabla_peajes_2026.csv.,19.919,1.785,35.55,Toyota Corolla 140H e-CVT 1.8,4.5,Gasolina 95 E5,2026-10-09
R1394,Palencia,Córdoba,685.355,6.521389,0.0,official_inventory_reference_B,no_toll_expected_official_network,,tabla_peajes_2026.csv + fuentes.csv (MITMA/BOE/concesionarias),Red de referencia gratuita post-liberalizaciones (AP-1/AP-2/AP-4/AP-7 liberadas); ver tabla_peajes_2026.csv.,30.841,1.785,55.05,Toyota Corolla 140H e-CVT 1.8,4.5,Gasolina 95 E5,2026-10-09
R1395,Palencia,Cuenca,402.865,3.963056,0.0,official_inventory_reference_B,no_toll_expected_official_network,,tabla_peajes_2026.csv + fuentes.csv (MITMA/BOE/concesionarias),Red de referencia gratuita post-liberalizaciones (AP-1/AP-2/AP-4/AP-7 liberadas); ver tabla_peajes_2026.csv.,18.129,1.785,32.36,Toyota Corolla 140H e-CVT 1.8,4.5,Gasolina 95 E5,2026-10-09
R1396,Palencia,Girona,759.216,6.690278,0.0,official_inventory_reference_B,no_toll_expected_official_network,,tabla_peajes_2026.csv + fuentes.csv (MITMA/BOE/concesionarias),Red de referencia gratuita post-liberalizaciones (AP-1/AP-2/AP-4/AP-7 liberadas); ver tabla_peajes_2026.csv.,34.165,1.785,60.98,Toyota Corolla 140H e-CVT 1.8,4.5,Gasolina 95 E5,2026-10-09
R1397,Palencia,Granada,675.959,6.019167,0.0,official_inventory_reference_B,no_toll_expected_official_network,,tabla_peajes_2026.csv + fuentes.csv (MITMA/BOE/concesionarias),Red de referencia gratuita post-liberalizaciones (AP-1/AP-2/AP-4/AP-7 liberadas); ver tabla_peajes_2026.csv.,30.418,1.785,54.3,Toyota Corolla 140H e-CVT 1.8,4.5,Gasolina 95 E5,2026-10-09
R1398,Palencia,Guadalajara,271.015,2.796667,0.0,official_inventory_reference_B,no_toll_expected_official_network,,tabla_peajes_2026.csv + fuentes.csv (MITMA/BOE/concesionarias),Red de referencia gratuita post-liberalizaciones (AP-1/AP-2/AP-4/AP-7 liberadas); ver tabla_peajes_2026.csv.,12.196,1.785,21.77,Toyota Corolla 140H e-CVT 1.8,4.5,Gasolina 95 E5,2026-10-09
R1399,Palencia,Huelva,713.378,6.168333,0.0,official_inventory_reference_B,no_toll_expected_official_network,,tabla_peajes_2026.csv + fuentes.csv (MITMA/BOE/concesionarias),Red de referencia gratuita post-liberalizaciones (AP-1/AP-2/AP-4/AP-7 liberadas); ver tabla_peajes_2026.csv.,32.102,1.785,57.3,Toyota Corolla 140H e-CVT 1.8,4.5,Gasolina 95 E5,2026-10-09
R1400,Palencia,Huesca,460.194,4.105833,0.0,official_inventory_reference_B,no_toll_expected_official_network,,tabla_peajes_2026.csv + fuentes.csv (MITMA/BOE/concesionarias),Red de referencia gratuita post-liberalizaciones (AP-1/AP-2/AP-4/AP-7 liberadas); ver tabla_peajes_2026.csv.,20.709,1.785,36.97,Toyota Corolla 140H e-CVT 1.8,4.5,Gasolina 95 E5,2026-10-09
R1401,Palencia,Jaén,588.295,5.266111,0.0,official_inventory_reference_B,no_toll_expected_official_network,,tabla_peajes_2026.csv + fuentes.csv (MITMA/BOE/concesionarias),Red de referencia gratuita post-liberalizaciones (AP-1/AP-2/AP-4/AP-7 liberadas); ver tabla_peajes_2026.csv.,26.473,1.785,47.25,Toyota Corolla 140H e-CVT 1.8,4.5,Gasolina 95 E5,2026-10-09
R1402,Palencia,León,120.011,1.343333,0.0,official_inventory_reference_B,no_toll_expected_official_network,,tabla_peajes_2026.csv + fuentes.csv (MITMA/BOE/concesionarias),Red de referencia gratuita post-liberalizaciones (AP-1/AP-2/AP-4/AP-7 liberadas); ver tabla_peajes_2026.csv.,5.4,1.785,9.64,Toyota Corolla 140H e-CVT 1.8,4.5,Gasolina 95 E5,2026-10-09
R1403,Palencia,Lleida,534.069,4.718333,0.0,official_inventory_reference_B,no_toll_expected_official_network,,tabla_peajes_2026.csv + fuentes.csv (MITMA/BOE/concesionarias),Red de referencia gratuita post-liberalizaciones (AP-1/AP-2/AP-4/AP-7 liberadas); ver tabla_peajes_2026.csv.,24.033,1.785,42.9,Toyota Corolla 140H e-CVT 1.8,4.5,Gasolina 95 E5,2026-10-09
R1404,Palencia,Logroño,206.748,2.089722,0.0,official_inventory_reference_B,no_toll_expected_official_network,,tabla_peajes_2026.csv + fuentes.csv (MITMA/BOE/concesionarias),Red de referencia gratuita post-liberalizaciones (AP-1/AP-2/AP-4/AP-7 liberadas); ver tabla_peajes_2026.csv.,9.304,1.785,16.61,Toyota Corolla 140H e-CVT 1.8,4.5,Gasolina 95 E5,2026-10-09
R1405,Palencia,Lugo,339.444,3.211111,0.0,official_inventory_reference_B,no_toll_expected_official_network,,tabla_peajes_2026.csv + fuentes.csv (MITMA/BOE/concesionarias),Red de referencia gratuita post-liberalizaciones (AP-1/AP-2/AP-4/AP-7 liberadas); ver tabla_peajes_2026.csv.,15.275,1.785,27.27,Toyota Corolla 140H e-CVT 1.8,4.5,Gasolina 95 E5,2026-10-09
R1406,Palencia,Madrid,260.016,2.451389,0.0,official_inventory_reference_B,no_toll_expected_official_network,,tabla_peajes_2026.csv + fuentes.csv (MITMA/BOE/concesionarias),Red de referencia gratuita post-liberalizaciones (AP-1/AP-2/AP-4/AP-7 liberadas); ver tabla_peajes_2026.csv.,11.701,1.785,20.89,Toyota Corolla 140H e-CVT 1.8,4.5,Gasolina 95 E5,2026-10-09
R1407,Palencia,Málaga,846.319,8.204722,0.0,official_inventory_reference_B,no_toll_expected_official_network,,tabla_peajes_2026.csv + fuentes.csv (MITMA/BOE/concesionarias),Red de referencia gratuita post-liberalizaciones (AP-1/AP-2/AP-4/AP-7 liberadas); ver tabla_peajes_2026.csv.,38.084,1.785,67.98,Toyota Corolla 140H e-CVT 1.8,4.5,Gasolina 95 E5,2026-10-09
R1408,Palencia,Murcia,633.77,5.898611,0.0,official_inventory_reference_B,no_toll_expected_official_network,,tabla_peajes_2026.csv + fuentes.csv (MITMA/BOE/concesionarias),Red de referencia gratuita post-liberalizaciones (AP-1/AP-2/AP-4/AP-7 liberadas); ver tabla_peajes_2026.csv.,28.52,1.785,50.91,Toyota Corolla 140H e-CVT 1.8,4.5,Gasolina 95 E5,2026-10-09
R1409,Palencia,Ourense,347.892,3.528333,0.0,official_inventory_reference_B,no_toll_expected_official_network,,tabla_peajes_2026.csv + fuentes.csv (MITMA/BOE/concesionarias),Red de referencia gratuita post-liberalizaciones (AP-1/AP-2/AP-4/AP-7 liberadas); ver tabla_peajes_2026.csv.,15.655,1.785,27.94,Toyota Corolla 140H e-CVT 1.8,4.5,Gasolina 95 E5,2026-10-09
R1410,Palencia,Oviedo,240.532,2.444444,16.2,official_inventory_reference_B,valued_official_2026,AP-66 Campomanes-León,tabla_peajes_2026.csv + fuentes.csv (MITMA/BOE/concesionarias),Paso del Huerna hacia la Meseta/sur; sin alternativa rápida equivalente.,10.824,1.785,19.32,Toyota Corolla 140H e-CVT 1.8,4.5,Gasolina 95 E5,2026-10-09
R1411,Palencia,Pamplona,296.017,2.669444,0.0,official_inventory_reference_B,no_toll_expected_official_network,,tabla_peajes_2026.csv + fuentes.csv (MITMA/BOE/concesionarias),Red de referencia gratuita post-liberalizaciones (AP-1/AP-2/AP-4/AP-7 liberadas); ver tabla_peajes_2026.csv.,13.321,1.785,23.78,Toyota Corolla 140H e-CVT 1.8,4.5,Gasolina 95 E5,2026-10-09
R1412,Palencia,Pontevedra,435.176,4.6125,0.0,official_inventory_reference_B,no_toll_expected_official_network,,tabla_peajes_2026.csv + fuentes.csv (MITMA/BOE/concesionarias),Red de referencia gratuita post-liberalizaciones (AP-1/AP-2/AP-4/AP-7 liberadas); ver tabla_peajes_2026.csv.,19.583,1.785,34.96,Toyota Corolla 140H e-CVT 1.8,4.5,Gasolina 95 E5,2026-10-09
R1413,Palencia,Salamanca,164.514,1.544167,0.0,official_inventory_reference_B,no_toll_expected_official_network,,tabla_peajes_2026.csv + fuentes.csv (MITMA/BOE/concesionarias),Red de referencia gratuita post-liberalizaciones (AP-1/AP-2/AP-4/AP-7 liberadas); ver tabla_peajes_2026.csv.,7.403,1.785,13.21,Toyota Corolla 140H e-CVT 1.8,4.5,Gasolina 95 E5,2026-10-09
R1414,Palencia,San Sebastián,299.962,2.738889,0.0,official_inventory_reference_B,no_toll_expected_official_network,,tabla_peajes_2026.csv + fuentes.csv (MITMA/BOE/concesionarias),Red de referencia gratuita post-liberalizaciones (AP-1/AP-2/AP-4/AP-7 liberadas); ver tabla_peajes_2026.csv.,13.498,1.785,24.09,Toyota Corolla 140H e-CVT 1.8,4.5,Gasolina 95 E5,2026-10-09
R1415,Palencia,Santander,200.64,1.854444,0.0,official_inventory_reference_B,no_toll_expected_official_network,,tabla_peajes_2026.csv + fuentes.csv (MITMA/BOE/concesionarias),Red de referencia gratuita post-liberalizaciones (AP-1/AP-2/AP-4/AP-7 liberadas); ver tabla_peajes_2026.csv.,9.029,1.785,16.12,Toyota Corolla 140H e-CVT 1.8,4.5,Gasolina 95 E5,2026-10-09
R1416,Palencia,Segovia,162.215,1.555556,0.0,official_inventory_reference_B,no_toll_expected_official_network,,tabla_peajes_2026.csv + fuentes.csv (MITMA/BOE/concesionarias),Red de referencia gratuita post-liberalizaciones (AP-1/AP-2/AP-4/AP-7 liberadas); ver tabla_peajes_2026.csv.,7.3,1.785,13.03,Toyota Corolla 140H e-CVT 1.8,4.5,Gasolina 95 E5,2026-10-09
R1417,Palencia,Sevilla,629.19,5.458333,0.0,official_inventory_reference_B,no_toll_expected_official_network,,tabla_peajes_2026.csv + fuentes.csv (MITMA/BOE/concesionarias),Red de referencia gratuita post-liberalizaciones (AP-1/AP-2/AP-4/AP-7 liberadas); ver tabla_peajes_2026.csv.,28.314,1.785,50.54,Toyota Corolla 140H e-CVT 1.8,4.5,Gasolina 95 E5,2026-10-09
R1418,Palencia,Soria,205.942,2.301389,0.0,official_inventory_reference_B,no_toll_expected_official_network,,tabla_peajes_2026.csv + fuentes.csv (MITMA/BOE/concesionarias),Red de referencia gratuita post-liberalizaciones (AP-1/AP-2/AP-4/AP-7 liberadas); ver tabla_peajes_2026.csv.,9.267,1.785,16.54,Toyota Corolla 140H e-CVT 1.8,4.5,Gasolina 95 E5,2026-10-09
R1419,Palencia,Tarragona,615.288,5.478056,0.0,official_inventory_reference_B,no_toll_expected_official_network,,tabla_peajes_2026.csv + fuentes.csv (MITMA/BOE/concesionarias),Red de referencia gratuita post-liberalizaciones (AP-1/AP-2/AP-4/AP-7 liberadas); ver tabla_peajes_2026.csv.,27.688,1.785,49.42,Toyota Corolla 140H e-CVT 1.8,4.5,Gasolina 95 E5,2026-10-09
R1420,Palencia,Teruel,419.104,4.675556,0.0,official_inventory_reference_B,no_toll_expected_official_network,,tabla_peajes_2026.csv + fuentes.csv (MITMA/BOE/concesionarias),Red de referencia gratuita post-liberalizaciones (AP-1/AP-2/AP-4/AP-7 liberadas); ver tabla_peajes_2026.csv.,18.86,1.785,33.66,Toyota Corolla 140H e-CVT 1.8,4.5,Gasolina 95 E5,2026-10-09
R1421,Palencia,Toledo,326.205,2.962778,0.0,official_inventory_reference_B,no_toll_expected_official_network,,tabla_peajes_2026.csv + fuentes.csv (MITMA/BOE/concesionarias),Red de referencia gratuita post-liberalizaciones (AP-1/AP-2/AP-4/AP-7 liberadas); ver tabla_peajes_2026.csv.,14.679,1.785,26.2,Toyota Corolla 140H e-CVT 1.8,4.5,Gasolina 95 E5,2026-10-09
R1422,Palencia,Valencia,591.116,5.544167,0.0,official_inventory_reference_B,no_toll_expected_official_network,,tabla_peajes_2026.csv + fuentes.csv (MITMA/BOE/concesionarias),Red de referencia gratuita post-liberalizaciones (AP-1/AP-2/AP-4/AP-7 liberadas); ver tabla_peajes_2026.csv.,26.6,1.785,47.48,Toyota Corolla 140H e-CVT 1.8,4.5,Gasolina 95 E5,2026-10-09
R1423,Palencia,Valladolid,49.307,0.565833,0.0,official_inventory_reference_B,no_toll_expected_official_network,,tabla_peajes_2026.csv + fuentes.csv (MITMA/BOE/concesionarias),Red de referencia gratuita post-liberalizaciones (AP-1/AP-2/AP-4/AP-7 liberadas); ver tabla_peajes_2026.csv.,2.219,1.785,3.96,Toyota Corolla 140H e-CVT 1.8,4.5,Gasolina 95 E5,2026-10-09
R1424,Palencia,Vitoria-Gasteiz,199.979,1.846667,0.0,official_inventory_reference_B,no_toll_expected_official_network,,tabla_peajes_2026.csv + fuentes.csv (MITMA/BOE/concesionarias),Red de referencia gratuita post-liberalizaciones (AP-1/AP-2/AP-4/AP-7 liberadas); ver tabla_peajes_2026.csv.,8.999,1.785,16.06,Toyota Corolla 140H e-CVT 1.8,4.5,Gasolina 95 E5,2026-10-09
R1425,Palencia,Zamora,155.528,1.586944,0.0,official_inventory_reference_B,no_toll_expected_official_network,,tabla_peajes_2026.csv + fuentes.csv (MITMA/BOE/concesionarias),Red de referencia gratuita post-liberalizaciones (AP-1/AP-2/AP-4/AP-7 liberadas); ver tabla_peajes_2026.csv.,6.999,1.785,12.49,Toyota Corolla 140H e-CVT 1.8,4.5,Gasolina 95 E5,2026-10-09
R1426,Palencia,Zaragoza,386.968,3.498611,0.0,official_inventory_reference_B,no_toll_expected_official_network,,tabla_peajes_2026.csv + fuentes.csv (MITMA/BOE/concesionarias),Red de referencia gratuita post-liberalizaciones (AP-1/AP-2/AP-4/AP-7 liberadas); ver tabla_peajes_2026.csv.,17.414,1.785,31.08,Toyota Corolla 140H e-CVT 1.8,4.5,Gasolina 95 E5,2026-10-09
R1427,Pamplona,A Coruña,698.334,6.047778,0.0,official_inventory_reference_B,no_toll_expected_official_network,,tabla_peajes_2026.csv + fuentes.csv (MITMA/BOE/concesionarias),Red de referencia gratuita post-liberalizaciones (AP-1/AP-2/AP-4/AP-7 liberadas); ver tabla_peajes_2026.csv.,31.425,1.785,56.09,Toyota Corolla 140H e-CVT 1.8,4.5,Gasolina 95 E5,2026-10-09
R1428,Pamplona,Albacete,578.132,5.658611,0.0,official_inventory_reference_B,no_toll_expected_official_network,,tabla_peajes_2026.csv + fuentes.csv (MITMA/BOE/concesionarias),Red de referencia gratuita post-liberalizaciones (AP-1/AP-2/AP-4/AP-7 liberadas); ver tabla_peajes_2026.csv.,26.016,1.785,46.44,Toyota Corolla 140H e-CVT 1.8,4.5,Gasolina 95 E5,2026-10-09
R1429,Pamplona,Alicante,674.419,5.941667,0.0,official_inventory_reference_B,no_toll_expected_official_network,,tabla_peajes_2026.csv + fuentes.csv (MITMA/BOE/concesionarias),Red de referencia gratuita post-liberalizaciones (AP-1/AP-2/AP-4/AP-7 liberadas); ver tabla_peajes_2026.csv.,30.349,1.785,54.17,Toyota Corolla 140H e-CVT 1.8,4.5,Gasolina 95 E5,2026-10-09
R1430,Pamplona,Almería,904.947,7.868889,0.0,official_inventory_reference_B,no_toll_expected_official_network,,tabla_peajes_2026.csv + fuentes.csv (MITMA/BOE/concesionarias),Red de referencia gratuita post-liberalizaciones (AP-1/AP-2/AP-4/AP-7 liberadas); ver tabla_peajes_2026.csv.,40.723,1.785,72.69,Toyota Corolla 140H e-CVT 1.8,4.5,Gasolina 95 E5,2026-10-09
R1431,Pamplona,Ávila,470.886,4.230833,0.0,official_inventory_reference_B,no_toll_expected_official_network,,tabla_peajes_2026.csv + fuentes.csv (MITMA/BOE/concesionarias),Red de referencia gratuita post-liberalizaciones (AP-1/AP-2/AP-4/AP-7 liberadas); ver tabla_peajes_2026.csv.,21.19,1.785,37.82,Toyota Corolla 140H e-CVT 1.8,4.5,Gasolina 95 E5,2026-10-09
R1432,Pamplona,Badajoz,743.696,6.719722,0.0,official_inventory_reference_B,no_toll_expected_official_network,,tabla_peajes_2026.csv + fuentes.csv (MITMA/BOE/concesionarias),Red de referencia gratuita post-liberalizaciones (AP-1/AP-2/AP-4/AP-7 liberadas); ver tabla_peajes_2026.csv.,33.466,1.785,59.74,Toyota Corolla 140H e-CVT 1.8,4.5,Gasolina 95 E5,2026-10-09
R1433,Pamplona,Barcelona,486.952,4.294722,0.0,official_inventory_reference_B,no_toll_expected_official_network,,tabla_peajes_2026.csv + fuentes.csv (MITMA/BOE/concesionarias),Red de referencia gratuita post-liberalizaciones (AP-1/AP-2/AP-4/AP-7 liberadas); ver tabla_peajes_2026.csv.,21.913,1.785,39.11,Toyota Corolla 140H e-CVT 1.8,4.5,Gasolina 95 E5,2026-10-09
R1434,Pamplona,Bilbao,154.731,1.483333,0.0,official_inventory_reference_B,toll_possible_not_valued,AP-68 / red foral (Bidegi),tabla_peajes_2026.csv + fuentes.csv (MITMA/BOE/concesionarias),Peaje posible para ligeros; tarifa no verificada hoy. Ampliar manual con Bidegi/autopistas.com. tax=0 provisional.,6.963,1.785,12.43,Toyota Corolla 140H e-CVT 1.8,4.5,Gasolina 95 E5,2026-10-09
R1435,Pamplona,Burgos,209.866,1.911389,0.0,official_inventory_reference_B,no_toll_expected_official_network,,tabla_peajes_2026.csv + fuentes.csv (MITMA/BOE/concesionarias),Red de referencia gratuita post-liberalizaciones (AP-1/AP-2/AP-4/AP-7 liberadas); ver tabla_peajes_2026.csv.,9.444,1.785,16.86,Toyota Corolla 140H e-CVT 1.8,4.5,Gasolina 95 E5,2026-10-09
R1436,Pamplona,Cáceres,656.086,5.768056,0.0,official_inventory_reference_B,no_toll_expected_official_network,,tabla_peajes_2026.csv + fuentes.csv (MITMA/BOE/concesionarias),Red de referencia gratuita post-liberalizaciones (AP-1/AP-2/AP-4/AP-7 liberadas); ver tabla_peajes_2026.csv.,29.524,1.785,52.7,Toyota Corolla 140H e-CVT 1.8,4.5,Gasolina 95 E5,2026-10-09
R1437,Pamplona,Cádiz,1031.596,8.968056,0.0,official_inventory_reference_B,no_toll_expected_official_network,,tabla_peajes_2026.csv + fuentes.csv (MITMA/BOE/concesionarias),Red de referencia gratuita post-liberalizaciones (AP-1/AP-2/AP-4/AP-7 liberadas); ver tabla_peajes_2026.csv.,46.422,1.785,82.86,Toyota Corolla 140H e-CVT 1.8,4.5,Gasolina 95 E5,2026-10-09
R1438,Pamplona,Castellón de la Plana,493.725,4.516944,0.0,official_inventory_reference_B,no_toll_expected_official_network,,tabla_peajes_2026.csv + fuentes.csv (MITMA/BOE/concesionarias),Red de referencia gratuita post-liberalizaciones (AP-1/AP-2/AP-4/AP-7 liberadas); ver tabla_peajes_2026.csv.,22.218,1.785,39.66,Toyota Corolla 140H e-CVT 1.8,4.5,Gasolina 95 E5,2026-10-09
R1439,Pamplona,Ciudad Real,602.522,5.664722,0.0,official_inventory_reference_B,no_toll_expected_official_network,,tabla_peajes_2026.csv + fuentes.csv (MITMA/BOE/concesionarias),Red de referencia gratuita post-liberalizaciones (AP-1/AP-2/AP-4/AP-7 liberadas); ver tabla_peajes_2026.csv.,27.113,1.785,48.4,Toyota Corolla 140H e-CVT 1.8,4.5,Gasolina 95 E5,2026-10-09
R1440,Pamplona,Córdoba,793.129,7.335278,0.0,official_inventory_reference_B,no_toll_expected_official_network,,tabla_peajes_2026.csv + fuentes.csv (MITMA/BOE/concesionarias),Red de referencia gratuita post-liberalizaciones (AP-1/AP-2/AP-4/AP-7 liberadas); ver tabla_peajes_2026.csv.,35.691,1.785,63.71,Toyota Corolla 140H e-CVT 1.8,4.5,Gasolina 95 E5,2026-10-09
R1441,Pamplona,Cuenca,451.812,4.728889,0.0,official_inventory_reference_B,no_toll_expected_official_network,,tabla_peajes_2026.csv + fuentes.csv (MITMA/BOE/concesionarias),Red de referencia gratuita post-liberalizaciones (AP-1/AP-2/AP-4/AP-7 liberadas); ver tabla_peajes_2026.csv.,20.332,1.785,36.29,Toyota Corolla 140H e-CVT 1.8,4.5,Gasolina 95 E5,2026-10-09
R1442,Pamplona,Girona,498.651,4.79,0.0,official_inventory_reference_B,no_toll_expected_official_network,,tabla_peajes_2026.csv + fuentes.csv (MITMA/BOE/concesionarias),Red de referencia gratuita post-liberalizaciones (AP-1/AP-2/AP-4/AP-7 liberadas); ver tabla_peajes_2026.csv.,22.439,1.785,40.05,Toyota Corolla 140H e-CVT 1.8,4.5,Gasolina 95 E5,2026-10-09
R1443,Pamplona,Granada,817.523,7.438056,0.0,official_inventory_reference_B,no_toll_expected_official_network,,tabla_peajes_2026.csv + fuentes.csv (MITMA/BOE/concesionarias),Red de referencia gratuita post-liberalizaciones (AP-1/AP-2/AP-4/AP-7 liberadas); ver tabla_peajes_2026.csv.,36.789,1.785,65.67,Toyota Corolla 140H e-CVT 1.8,4.5,Gasolina 95 E5,2026-10-09
R1444,Pamplona,Guadalajara,348.167,3.324722,0.0,official_inventory_reference_B,no_toll_expected_official_network,,tabla_peajes_2026.csv + fuentes.csv (MITMA/BOE/concesionarias),Red de referencia gratuita post-liberalizaciones (AP-1/AP-2/AP-4/AP-7 liberadas); ver tabla_peajes_2026.csv.,15.668,1.785,27.97,Toyota Corolla 140H e-CVT 1.8,4.5,Gasolina 95 E5,2026-10-09
R1445,Pamplona,Huelva,996.574,8.588611,0.0,official_inventory_reference_B,no_toll_expected_official_network,,tabla_peajes_2026.csv + fuentes.csv (MITMA/BOE/concesionarias),Red de referencia gratuita post-liberalizaciones (AP-1/AP-2/AP-4/AP-7 liberadas); ver tabla_peajes_2026.csv.,44.846,1.785,80.05,Toyota Corolla 140H e-CVT 1.8,4.5,Gasolina 95 E5,2026-10-09
R1446,Pamplona,Huesca,160.789,1.831944,0.0,official_inventory_reference_B,no_toll_expected_official_network,,tabla_peajes_2026.csv + fuentes.csv (MITMA/BOE/concesionarias),Red de referencia gratuita post-liberalizaciones (AP-1/AP-2/AP-4/AP-7 liberadas); ver tabla_peajes_2026.csv.,7.236,1.785,12.92,Toyota Corolla 140H e-CVT 1.8,4.5,Gasolina 95 E5,2026-10-09
R1447,Pamplona,Jaén,729.859,6.685,0.0,official_inventory_reference_B,no_toll_expected_official_network,,tabla_peajes_2026.csv + fuentes.csv (MITMA/BOE/concesionarias),Red de referencia gratuita post-liberalizaciones (AP-1/AP-2/AP-4/AP-7 liberadas); ver tabla_peajes_2026.csv.,32.844,1.785,58.63,Toyota Corolla 140H e-CVT 1.8,4.5,Gasolina 95 E5,2026-10-09
R1448,Pamplona,León,382.986,3.365278,0.0,official_inventory_reference_B,no_toll_expected_official_network,,tabla_peajes_2026.csv + fuentes.csv (MITMA/BOE/concesionarias),Red de referencia gratuita post-liberalizaciones (AP-1/AP-2/AP-4/AP-7 liberadas); ver tabla_peajes_2026.csv.,17.234,1.785,30.76,Toyota Corolla 140H e-CVT 1.8,4.5,Gasolina 95 E5,2026-10-09
R1449,Pamplona,Lleida,276.316,2.900556,0.0,official_inventory_reference_B,no_toll_expected_official_network,,tabla_peajes_2026.csv + fuentes.csv (MITMA/BOE/concesionarias),Red de referencia gratuita post-liberalizaciones (AP-1/AP-2/AP-4/AP-7 liberadas); ver tabla_peajes_2026.csv.,12.434,1.785,22.2,Toyota Corolla 140H e-CVT 1.8,4.5,Gasolina 95 E5,2026-10-09
R1450,Pamplona,Logroño,84.233,0.797222,0.0,official_inventory_reference_B,toll_possible_not_valued,AP-68 / red foral (Bidegi),tabla_peajes_2026.csv + fuentes.csv (MITMA/BOE/concesionarias),Peaje posible para ligeros; tarifa no verificada hoy. Ampliar manual con Bidegi/autopistas.com. tax=0 provisional.,3.79,1.785,6.77,Toyota Corolla 140H e-CVT 1.8,4.5,Gasolina 95 E5,2026-10-09
R1451,Pamplona,Lugo,602.419,5.233056,0.0,official_inventory_reference_B,no_toll_expected_official_network,,tabla_peajes_2026.csv + fuentes.csv (MITMA/BOE/concesionarias),Red de referencia gratuita post-liberalizaciones (AP-1/AP-2/AP-4/AP-7 liberadas); ver tabla_peajes_2026.csv.,27.109,1.785,48.39,Toyota Corolla 140H e-CVT 1.8,4.5,Gasolina 95 E5,2026-10-09
R1452,Pamplona,Madrid,405.674,3.875,0.0,official_inventory_reference_B,no_toll_expected_official_network,,tabla_peajes_2026.csv + fuentes.csv (MITMA/BOE/concesionarias),Red de referencia gratuita post-liberalizaciones (AP-1/AP-2/AP-4/AP-7 liberadas); ver tabla_peajes_2026.csv.,18.255,1.785,32.59,Toyota Corolla 140H e-CVT 1.8,4.5,Gasolina 95 E5,2026-10-09
R1453,Pamplona,Málaga,926.96,9.179444,0.0,official_inventory_reference_B,no_toll_expected_official_network,,tabla_peajes_2026.csv + fuentes.csv (MITMA/BOE/concesionarias),Red de referencia gratuita post-liberalizaciones (AP-1/AP-2/AP-4/AP-7 liberadas); ver tabla_peajes_2026.csv.,41.713,1.785,74.46,Toyota Corolla 140H e-CVT 1.8,4.5,Gasolina 95 E5,2026-10-09
R1454,Pamplona,Murcia,712.964,6.301111,0.0,official_inventory_reference_B,no_toll_expected_official_network,,tabla_peajes_2026.csv + fuentes.csv (MITMA/BOE/concesionarias),Red de referencia gratuita post-liberalizaciones (AP-1/AP-2/AP-4/AP-7 liberadas); ver tabla_peajes_2026.csv.,32.083,1.785,57.27,Toyota Corolla 140H e-CVT 1.8,4.5,Gasolina 95 E5,2026-10-09
R1455,Pamplona,Ourense,663.921,5.859722,0.0,official_inventory_reference_B,no_toll_expected_official_network,,tabla_peajes_2026.csv + fuentes.csv (MITMA/BOE/concesionarias),Red de referencia gratuita post-liberalizaciones (AP-1/AP-2/AP-4/AP-7 liberadas); ver tabla_peajes_2026.csv.,29.876,1.785,53.33,Toyota Corolla 140H e-CVT 1.8,4.5,Gasolina 95 E5,2026-10-09
R1456,Pamplona,Oviedo,441.012,4.041667,0.0,official_inventory_reference_B,no_toll_expected_official_network,,tabla_peajes_2026.csv + fuentes.csv (MITMA/BOE/concesionarias),Corredor cantábrico/pirenaico sin AP-66 en la referencia.,19.846,1.785,35.42,Toyota Corolla 140H e-CVT 1.8,4.5,Gasolina 95 E5,2026-10-09
R1457,Pamplona,Palencia,295.426,2.648611,0.0,official_inventory_reference_B,no_toll_expected_official_network,,tabla_peajes_2026.csv + fuentes.csv (MITMA/BOE/concesionarias),Red de referencia gratuita post-liberalizaciones (AP-1/AP-2/AP-4/AP-7 liberadas); ver tabla_peajes_2026.csv.,13.294,1.785,23.73,Toyota Corolla 140H e-CVT 1.8,4.5,Gasolina 95 E5,2026-10-09
R1458,Pamplona,Pontevedra,751.205,6.943611,0.0,official_inventory_reference_B,no_toll_expected_official_network,,tabla_peajes_2026.csv + fuentes.csv (MITMA/BOE/concesionarias),Red de referencia gratuita post-liberalizaciones (AP-1/AP-2/AP-4/AP-7 liberadas); ver tabla_peajes_2026.csv.,33.804,1.785,60.34,Toyota Corolla 140H e-CVT 1.8,4.5,Gasolina 95 E5,2026-10-09
R1459,Pamplona,Salamanca,447.719,3.964722,0.0,official_inventory_reference_B,no_toll_expected_official_network,,tabla_peajes_2026.csv + fuentes.csv (MITMA/BOE/concesionarias),Red de referencia gratuita post-liberalizaciones (AP-1/AP-2/AP-4/AP-7 liberadas); ver tabla_peajes_2026.csv.,20.147,1.785,35.96,Toyota Corolla 140H e-CVT 1.8,4.5,Gasolina 95 E5,2026-10-09
R1460,Pamplona,San Sebastián,83.125,0.886667,0.0,official_inventory_reference_B,toll_possible_not_valued,AP-68 / red foral (Bidegi),tabla_peajes_2026.csv + fuentes.csv (MITMA/BOE/concesionarias),Peaje posible para ligeros; tarifa no verificada hoy. Ampliar manual con Bidegi/autopistas.com. tax=0 provisional.,3.741,1.785,6.68,Toyota Corolla 140H e-CVT 1.8,4.5,Gasolina 95 E5,2026-10-09
R1461,Pamplona,Santander,251.707,2.399722,0.0,official_inventory_reference_B,toll_possible_not_valued,AP-68 / red foral (Bidegi),tabla_peajes_2026.csv + fuentes.csv (MITMA/BOE/concesionarias),Peaje posible para ligeros; tarifa no verificada hoy. Ampliar manual con Bidegi/autopistas.com. tax=0 provisional.,11.327,1.785,20.22,Toyota Corolla 140H e-CVT 1.8,4.5,Gasolina 95 E5,2026-10-09
R1462,Pamplona,Segovia,403.902,3.792778,0.0,official_inventory_reference_B,no_toll_expected_official_network,,tabla_peajes_2026.csv + fuentes.csv (MITMA/BOE/concesionarias),Red de referencia gratuita post-liberalizaciones (AP-1/AP-2/AP-4/AP-7 liberadas); ver tabla_peajes_2026.csv.,18.176,1.785,32.44,Toyota Corolla 140H e-CVT 1.8,4.5,Gasolina 95 E5,2026-10-09
R1463,Pamplona,Sevilla,912.386,7.878611,0.0,official_inventory_reference_B,no_toll_expected_official_network,,tabla_peajes_2026.csv + fuentes.csv (MITMA/BOE/concesionarias),Red de referencia gratuita post-liberalizaciones (AP-1/AP-2/AP-4/AP-7 liberadas); ver tabla_peajes_2026.csv.,41.057,1.785,73.29,Toyota Corolla 140H e-CVT 1.8,4.5,Gasolina 95 E5,2026-10-09
R1464,Pamplona,Soria,173.434,1.7825,0.0,official_inventory_reference_B,no_toll_expected_official_network,,tabla_peajes_2026.csv + fuentes.csv (MITMA/BOE/concesionarias),Red de referencia gratuita post-liberalizaciones (AP-1/AP-2/AP-4/AP-7 liberadas); ver tabla_peajes_2026.csv.,7.805,1.785,13.93,Toyota Corolla 140H e-CVT 1.8,4.5,Gasolina 95 E5,2026-10-09
R1465,Pamplona,Tarragona,408.77,3.667778,0.0,official_inventory_reference_B,no_toll_expected_official_network,,tabla_peajes_2026.csv + fuentes.csv (MITMA/BOE/concesionarias),Red de referencia gratuita post-liberalizaciones (AP-1/AP-2/AP-4/AP-7 liberadas); ver tabla_peajes_2026.csv.,18.395,1.785,32.83,Toyota Corolla 140H e-CVT 1.8,4.5,Gasolina 95 E5,2026-10-09
R1466,Pamplona,Teruel,350.04,3.124167,0.0,official_inventory_reference_B,no_toll_expected_official_network,,tabla_peajes_2026.csv + fuentes.csv (MITMA/BOE/concesionarias),Red de referencia gratuita post-liberalizaciones (AP-1/AP-2/AP-4/AP-7 liberadas); ver tabla_peajes_2026.csv.,15.752,1.785,28.12,Toyota Corolla 140H e-CVT 1.8,4.5,Gasolina 95 E5,2026-10-09
R1467,Pamplona,Toledo,477.843,4.472222,0.0,official_inventory_reference_B,no_toll_expected_official_network,,tabla_peajes_2026.csv + fuentes.csv (MITMA/BOE/concesionarias),Red de referencia gratuita post-liberalizaciones (AP-1/AP-2/AP-4/AP-7 liberadas); ver tabla_peajes_2026.csv.,21.503,1.785,38.38,Toyota Corolla 140H e-CVT 1.8,4.5,Gasolina 95 E5,2026-10-09
R1468,Pamplona,Valencia,487.968,4.364167,0.0,official_inventory_reference_B,no_toll_expected_official_network,,tabla_peajes_2026.csv + fuentes.csv (MITMA/BOE/concesionarias),Red de referencia gratuita post-liberalizaciones (AP-1/AP-2/AP-4/AP-7 liberadas); ver tabla_peajes_2026.csv.,21.959,1.785,39.2,Toyota Corolla 140H e-CVT 1.8,4.5,Gasolina 95 E5,2026-10-09
R1469,Pamplona,Valladolid,332.53,2.986667,0.0,official_inventory_reference_B,no_toll_expected_official_network,,tabla_peajes_2026.csv + fuentes.csv (MITMA/BOE/concesionarias),Red de referencia gratuita post-liberalizaciones (AP-1/AP-2/AP-4/AP-7 liberadas); ver tabla_peajes_2026.csv.,14.964,1.785,26.71,Toyota Corolla 140H e-CVT 1.8,4.5,Gasolina 95 E5,2026-10-09
R1470,Pamplona,Vitoria-Gasteiz,100.584,0.994167,0.0,official_inventory_reference_B,toll_possible_not_valued,AP-68 / red foral (Bidegi),tabla_peajes_2026.csv + fuentes.csv (MITMA/BOE/concesionarias),Peaje posible para ligeros; tarifa no verificada hoy. Ampliar manual con Bidegi/autopistas.com. tax=0 provisional.,4.526,1.785,8.08,Toyota Corolla 140H e-CVT 1.8,4.5,Gasolina 95 E5,2026-10-09
R1471,Pamplona,Zamora,438.736,4.007778,0.0,official_inventory_reference_B,no_toll_expected_official_network,,tabla_peajes_2026.csv + fuentes.csv (MITMA/BOE/concesionarias),Red de referencia gratuita post-liberalizaciones (AP-1/AP-2/AP-4/AP-7 liberadas); ver tabla_peajes_2026.csv.,19.743,1.785,35.24,Toyota Corolla 140H e-CVT 1.8,4.5,Gasolina 95 E5,2026-10-09
R1472,Pamplona,Zaragoza,180.448,1.688056,0.0,official_inventory_reference_B,no_toll_expected_official_network,,tabla_peajes_2026.csv + fuentes.csv (MITMA/BOE/concesionarias),Red de referencia gratuita post-liberalizaciones (AP-1/AP-2/AP-4/AP-7 liberadas); ver tabla_peajes_2026.csv.,8.12,1.785,14.49,Toyota Corolla 140H e-CVT 1.8,4.5,Gasolina 95 E5,2026-10-09
R1473,Pontevedra,A Coruña,149.27,1.585,16.35,official_inventory_reference_B,valued_official_2026,AP-9 A Coruña-Pontevedra,tabla_peajes_2026.csv + fuentes.csv (MITMA/BOE/concesionarias),Suma de tramos oficiales Audasa 2026: 8.80+7.55.,6.717,1.785,11.99,Toyota Corolla 140H e-CVT 1.8,4.5,Gasolina 95 E5,2026-10-09
R1474,Pontevedra,Albacete,861.335,7.852778,0.0,official_inventory_reference_B,no_toll_expected_official_network,,tabla_peajes_2026.csv + fuentes.csv (MITMA/BOE/concesionarias),Red de referencia gratuita post-liberalizaciones (AP-1/AP-2/AP-4/AP-7 liberadas); ver tabla_peajes_2026.csv.,38.76,1.785,69.19,Toyota Corolla 140H e-CVT 1.8,4.5,Gasolina 95 E5,2026-10-09
R1475,Pontevedra,Alicante,1025.493,9.251389,0.0,official_inventory_reference_B,no_toll_expected_official_network,,tabla_peajes_2026.csv + fuentes.csv (MITMA/BOE/concesionarias),Red de referencia gratuita post-liberalizaciones (AP-1/AP-2/AP-4/AP-7 liberadas); ver tabla_peajes_2026.csv.,46.147,1.785,82.37,Toyota Corolla 140H e-CVT 1.8,4.5,Gasolina 95 E5,2026-10-09
R1476,Pontevedra,Almería,1131.968,10.421389,0.0,official_inventory_reference_B,no_toll_expected_official_network,,tabla_peajes_2026.csv + fuentes.csv (MITMA/BOE/concesionarias),Red de referencia gratuita post-liberalizaciones (AP-1/AP-2/AP-4/AP-7 liberadas); ver tabla_peajes_2026.csv.,50.939,1.785,90.93,Toyota Corolla 140H e-CVT 1.8,4.5,Gasolina 95 E5,2026-10-09
R1477,Pontevedra,Ávila,518.83,4.988611,0.0,official_inventory_reference_B,no_toll_expected_official_network,,tabla_peajes_2026.csv + fuentes.csv (MITMA/BOE/concesionarias),Red de referencia gratuita post-liberalizaciones (AP-1/AP-2/AP-4/AP-7 liberadas); ver tabla_peajes_2026.csv.,23.347,1.785,41.68,Toyota Corolla 140H e-CVT 1.8,4.5,Gasolina 95 E5,2026-10-09
R1478,Pontevedra,Badajoz,525.625,5.455278,0.0,official_inventory_reference_B,no_toll_expected_official_network,,tabla_peajes_2026.csv + fuentes.csv (MITMA/BOE/concesionarias),Red de referencia gratuita post-liberalizaciones (AP-1/AP-2/AP-4/AP-7 liberadas); ver tabla_peajes_2026.csv.,23.653,1.785,42.22,Toyota Corolla 140H e-CVT 1.8,4.5,Gasolina 95 E5,2026-10-09
R1479,Pontevedra,Barcelona,1148.514,10.332778,0.0,official_inventory_reference_B,no_toll_expected_official_network,,tabla_peajes_2026.csv + fuentes.csv (MITMA/BOE/concesionarias),Red de referencia gratuita post-liberalizaciones (AP-1/AP-2/AP-4/AP-7 liberadas); ver tabla_peajes_2026.csv.,51.683,1.785,92.25,Toyota Corolla 140H e-CVT 1.8,4.5,Gasolina 95 E5,2026-10-09
R1480,Pontevedra,Bilbao,647.812,5.979444,0.0,official_inventory_reference_B,no_toll_expected_official_network,,tabla_peajes_2026.csv + fuentes.csv (MITMA/BOE/concesionarias),Red de referencia gratuita post-liberalizaciones (AP-1/AP-2/AP-4/AP-7 liberadas); ver tabla_peajes_2026.csv.,29.152,1.785,52.04,Toyota Corolla 140H e-CVT 1.8,4.5,Gasolina 95 E5,2026-10-09
R1481,Pontevedra,Burgos,524.066,5.155556,0.0,official_inventory_reference_B,no_toll_expected_official_network,,tabla_peajes_2026.csv + fuentes.csv (MITMA/BOE/concesionarias),Red de referencia gratuita post-liberalizaciones (AP-1/AP-2/AP-4/AP-7 liberadas); ver tabla_peajes_2026.csv.,23.583,1.785,42.1,Toyota Corolla 140H e-CVT 1.8,4.5,Gasolina 95 E5,2026-10-09
R1482,Pontevedra,Cáceres,618.763,6.016389,0.0,official_inventory_reference_B,no_toll_expected_official_network,,tabla_peajes_2026.csv + fuentes.csv (MITMA/BOE/concesionarias),Red de referencia gratuita post-liberalizaciones (AP-1/AP-2/AP-4/AP-7 liberadas); ver tabla_peajes_2026.csv.,27.844,1.785,49.7,Toyota Corolla 140H e-CVT 1.8,4.5,Gasolina 95 E5,2026-10-09
R1483,Pontevedra,Cádiz,994.274,9.216111,0.0,official_inventory_reference_B,no_toll_expected_official_network,,tabla_peajes_2026.csv + fuentes.csv (MITMA/BOE/concesionarias),Red de referencia gratuita post-liberalizaciones (AP-1/AP-2/AP-4/AP-7 liberadas); ver tabla_peajes_2026.csv.,44.742,1.785,79.87,Toyota Corolla 140H e-CVT 1.8,4.5,Gasolina 95 E5,2026-10-09
R1484,Pontevedra,Castellón de la Plana,1034.25,9.393889,0.0,official_inventory_reference_B,no_toll_expected_official_network,,tabla_peajes_2026.csv + fuentes.csv (MITMA/BOE/concesionarias),Red de referencia gratuita post-liberalizaciones (AP-1/AP-2/AP-4/AP-7 liberadas); ver tabla_peajes_2026.csv.,46.541,1.785,83.08,Toyota Corolla 140H e-CVT 1.8,4.5,Gasolina 95 E5,2026-10-09
R1485,Pontevedra,Ciudad Real,773.783,7.35,0.0,official_inventory_reference_B,no_toll_expected_official_network,,tabla_peajes_2026.csv + fuentes.csv (MITMA/BOE/concesionarias),Red de referencia gratuita post-liberalizaciones (AP-1/AP-2/AP-4/AP-7 liberadas); ver tabla_peajes_2026.csv.,34.82,1.785,62.15,Toyota Corolla 140H e-CVT 1.8,4.5,Gasolina 95 E5,2026-10-09
R1486,Pontevedra,Córdoba,837.843,8.625,0.0,official_inventory_reference_B,no_toll_expected_official_network,,tabla_peajes_2026.csv + fuentes.csv (MITMA/BOE/concesionarias),Red de referencia gratuita post-liberalizaciones (AP-1/AP-2/AP-4/AP-7 liberadas); ver tabla_peajes_2026.csv.,37.703,1.785,67.3,Toyota Corolla 140H e-CVT 1.8,4.5,Gasolina 95 E5,2026-10-09
R1487,Pontevedra,Cuenca,772.891,7.169444,0.0,official_inventory_reference_B,no_toll_expected_official_network,,tabla_peajes_2026.csv + fuentes.csv (MITMA/BOE/concesionarias),Red de referencia gratuita post-liberalizaciones (AP-1/AP-2/AP-4/AP-7 liberadas); ver tabla_peajes_2026.csv.,34.78,1.785,62.08,Toyota Corolla 140H e-CVT 1.8,4.5,Gasolina 95 E5,2026-10-09
R1488,Pontevedra,Girona,1214.26,10.917778,0.0,official_inventory_reference_B,no_toll_expected_official_network,,tabla_peajes_2026.csv + fuentes.csv (MITMA/BOE/concesionarias),Red de referencia gratuita post-liberalizaciones (AP-1/AP-2/AP-4/AP-7 liberadas); ver tabla_peajes_2026.csv.,54.642,1.785,97.54,Toyota Corolla 140H e-CVT 1.8,4.5,Gasolina 95 E5,2026-10-09
R1489,Pontevedra,Granada,1008.331,9.243056,0.0,official_inventory_reference_B,no_toll_expected_official_network,,tabla_peajes_2026.csv + fuentes.csv (MITMA/BOE/concesionarias),Red de referencia gratuita post-liberalizaciones (AP-1/AP-2/AP-4/AP-7 liberadas); ver tabla_peajes_2026.csv.,45.375,1.785,80.99,Toyota Corolla 140H e-CVT 1.8,4.5,Gasolina 95 E5,2026-10-09
R1490,Pontevedra,Guadalajara,649.347,6.176944,0.0,official_inventory_reference_B,no_toll_expected_official_network,,tabla_peajes_2026.csv + fuentes.csv (MITMA/BOE/concesionarias),Red de referencia gratuita post-liberalizaciones (AP-1/AP-2/AP-4/AP-7 liberadas); ver tabla_peajes_2026.csv.,29.221,1.785,52.16,Toyota Corolla 140H e-CVT 1.8,4.5,Gasolina 95 E5,2026-10-09
R1491,Pontevedra,Huelva,819.827,7.306389,0.0,official_inventory_reference_B,no_toll_expected_official_network,,tabla_peajes_2026.csv + fuentes.csv (MITMA/BOE/concesionarias),Red de referencia gratuita post-liberalizaciones (AP-1/AP-2/AP-4/AP-7 liberadas); ver tabla_peajes_2026.csv.,36.892,1.785,65.85,Toyota Corolla 140H e-CVT 1.8,4.5,Gasolina 95 E5,2026-10-09
R1492,Pontevedra,Huesca,915.238,8.333611,0.0,official_inventory_reference_B,no_toll_expected_official_network,,tabla_peajes_2026.csv + fuentes.csv (MITMA/BOE/concesionarias),Red de referencia gratuita post-liberalizaciones (AP-1/AP-2/AP-4/AP-7 liberadas); ver tabla_peajes_2026.csv.,41.186,1.785,73.52,Toyota Corolla 140H e-CVT 1.8,4.5,Gasolina 95 E5,2026-10-09
R1493,Pontevedra,Jaén,919.444,8.443889,0.0,official_inventory_reference_B,no_toll_expected_official_network,,tabla_peajes_2026.csv + fuentes.csv (MITMA/BOE/concesionarias),Red de referencia gratuita post-liberalizaciones (AP-1/AP-2/AP-4/AP-7 liberadas); ver tabla_peajes_2026.csv.,41.375,1.785,73.85,Toyota Corolla 140H e-CVT 1.8,4.5,Gasolina 95 E5,2026-10-09
R1494,Pontevedra,León,354.797,3.734167,0.0,official_inventory_reference_B,toll_possible_not_valued,AP-53 / AP-71,tabla_peajes_2026.csv + fuentes.csv (MITMA/BOE/concesionarias),Peaje posible; tarifa no verificada hoy. tax=0 provisional.,15.966,1.785,28.5,Toyota Corolla 140H e-CVT 1.8,4.5,Gasolina 95 E5,2026-10-09
R1495,Pontevedra,Lleida,987.599,8.907222,0.0,official_inventory_reference_B,no_toll_expected_official_network,,tabla_peajes_2026.csv + fuentes.csv (MITMA/BOE/concesionarias),Red de referencia gratuita post-liberalizaciones (AP-1/AP-2/AP-4/AP-7 liberadas); ver tabla_peajes_2026.csv.,44.442,1.785,79.33,Toyota Corolla 140H e-CVT 1.8,4.5,Gasolina 95 E5,2026-10-09
R1496,Pontevedra,Logroño,661.794,6.317222,0.0,official_inventory_reference_B,no_toll_expected_official_network,,tabla_peajes_2026.csv + fuentes.csv (MITMA/BOE/concesionarias),Red de referencia gratuita post-liberalizaciones (AP-1/AP-2/AP-4/AP-7 liberadas); ver tabla_peajes_2026.csv.,29.781,1.785,53.16,Toyota Corolla 140H e-CVT 1.8,4.5,Gasolina 95 E5,2026-10-09
R1497,Pontevedra,Lugo,133.413,1.825,0.0,official_inventory_reference_B,toll_possible_not_valued,AP-53 / AP-71,tabla_peajes_2026.csv + fuentes.csv (MITMA/BOE/concesionarias),Peaje posible; tarifa no verificada hoy. tax=0 provisional.,6.004,1.785,10.72,Toyota Corolla 140H e-CVT 1.8,4.5,Gasolina 95 E5,2026-10-09
R1498,Pontevedra,Madrid,591.174,5.629444,0.0,official_inventory_reference_B,no_toll_expected_official_network,,tabla_peajes_2026.csv + fuentes.csv (MITMA/BOE/concesionarias),Red de referencia gratuita post-liberalizaciones (AP-1/AP-2/AP-4/AP-7 liberadas); ver tabla_peajes_2026.csv.,26.603,1.785,47.49,Toyota Corolla 140H e-CVT 1.8,4.5,Gasolina 95 E5,2026-10-09
R1499,Pontevedra,Málaga,998.807,10.308333,0.0,official_inventory_reference_B,no_toll_expected_official_network,,tabla_peajes_2026.csv + fuentes.csv (MITMA/BOE/concesionarias),Red de referencia gratuita post-liberalizaciones (AP-1/AP-2/AP-4/AP-7 liberadas); ver tabla_peajes_2026.csv.,44.946,1.785,80.23,Toyota Corolla 140H e-CVT 1.8,4.5,Gasolina 95 E5,2026-10-09
R1500,Pontevedra,Murcia,1003.788,9.104444,0.0,official_inventory_reference_B,no_toll_expected_official_network,,tabla_peajes_2026.csv + fuentes.csv (MITMA/BOE/concesionarias),Red de referencia gratuita post-liberalizaciones (AP-1/AP-2/AP-4/AP-7 liberadas); ver tabla_peajes_2026.csv.,45.17,1.785,80.63,Toyota Corolla 140H e-CVT 1.8,4.5,Gasolina 95 E5,2026-10-09
R1501,Pontevedra,Ourense,93.665,1.259444,0.0,official_inventory_reference_B,toll_possible_not_valued,AP-53 / AP-71,tabla_peajes_2026.csv + fuentes.csv (MITMA/BOE/concesionarias),Peaje posible; tarifa no verificada hoy. tax=0 provisional.,4.215,1.785,7.52,Toyota Corolla 140H e-CVT 1.8,4.5,Gasolina 95 E5,2026-10-09
R1502,Pontevedra,Oviedo,395.91,3.67,0.0,official_inventory_reference_B,no_toll_expected_official_network,,tabla_peajes_2026.csv + fuentes.csv (MITMA/BOE/concesionarias),Corredor cantábrico/pirenaico sin AP-66 en la referencia.,17.816,1.785,31.8,Toyota Corolla 140H e-CVT 1.8,4.5,Gasolina 95 E5,2026-10-09
R1503,Pontevedra,Palencia,433.874,4.536389,0.0,official_inventory_reference_B,no_toll_expected_official_network,,tabla_peajes_2026.csv + fuentes.csv (MITMA/BOE/concesionarias),Red de referencia gratuita post-liberalizaciones (AP-1/AP-2/AP-4/AP-7 liberadas); ver tabla_peajes_2026.csv.,19.524,1.785,34.85,Toyota Corolla 140H e-CVT 1.8,4.5,Gasolina 95 E5,2026-10-09
R1504,Pontevedra,Pamplona,751.061,6.896944,0.0,official_inventory_reference_B,no_toll_expected_official_network,,tabla_peajes_2026.csv + fuentes.csv (MITMA/BOE/concesionarias),Red de referencia gratuita post-liberalizaciones (AP-1/AP-2/AP-4/AP-7 liberadas); ver tabla_peajes_2026.csv.,33.798,1.785,60.33,Toyota Corolla 140H e-CVT 1.8,4.5,Gasolina 95 E5,2026-10-09
R1505,Pontevedra,Salamanca,414.87,4.245556,0.0,official_inventory_reference_B,no_toll_expected_official_network,,tabla_peajes_2026.csv + fuentes.csv (MITMA/BOE/concesionarias),Red de referencia gratuita post-liberalizaciones (AP-1/AP-2/AP-4/AP-7 liberadas); ver tabla_peajes_2026.csv.,18.669,1.785,33.32,Toyota Corolla 140H e-CVT 1.8,4.5,Gasolina 95 E5,2026-10-09
R1506,Pontevedra,San Sebastián,755.01,6.966389,0.0,official_inventory_reference_B,no_toll_expected_official_network,,tabla_peajes_2026.csv + fuentes.csv (MITMA/BOE/concesionarias),Red de referencia gratuita post-liberalizaciones (AP-1/AP-2/AP-4/AP-7 liberadas); ver tabla_peajes_2026.csv.,33.975,1.785,60.65,Toyota Corolla 140H e-CVT 1.8,4.5,Gasolina 95 E5,2026-10-09
R1507,Pontevedra,Santander,556.724,5.132778,0.0,official_inventory_reference_B,no_toll_expected_official_network,,tabla_peajes_2026.csv + fuentes.csv (MITMA/BOE/concesionarias),Red de referencia gratuita post-liberalizaciones (AP-1/AP-2/AP-4/AP-7 liberadas); ver tabla_peajes_2026.csv.,25.053,1.785,44.72,Toyota Corolla 140H e-CVT 1.8,4.5,Gasolina 95 E5,2026-10-09
R1508,Pontevedra,Segovia,545.162,5.165556,0.0,official_inventory_reference_B,no_toll_expected_official_network,,tabla_peajes_2026.csv + fuentes.csv (MITMA/BOE/concesionarias),Red de referencia gratuita post-liberalizaciones (AP-1/AP-2/AP-4/AP-7 liberadas); ver tabla_peajes_2026.csv.,24.532,1.785,43.79,Toyota Corolla 140H e-CVT 1.8,4.5,Gasolina 95 E5,2026-10-09
R1509,Pontevedra,Sevilla,875.064,8.126667,0.0,official_inventory_reference_B,no_toll_expected_official_network,,tabla_peajes_2026.csv + fuentes.csv (MITMA/BOE/concesionarias),Red de referencia gratuita post-liberalizaciones (AP-1/AP-2/AP-4/AP-7 liberadas); ver tabla_peajes_2026.csv.,39.378,1.785,70.29,Toyota Corolla 140H e-CVT 1.8,4.5,Gasolina 95 E5,2026-10-09
R1510,Pontevedra,Soria,639.576,6.344444,0.0,official_inventory_reference_B,no_toll_expected_official_network,,tabla_peajes_2026.csv + fuentes.csv (MITMA/BOE/concesionarias),Red de referencia gratuita post-liberalizaciones (AP-1/AP-2/AP-4/AP-7 liberadas); ver tabla_peajes_2026.csv.,28.781,1.785,51.37,Toyota Corolla 140H e-CVT 1.8,4.5,Gasolina 95 E5,2026-10-09
R1511,Pontevedra,Tarragona,1070.332,9.705556,0.0,official_inventory_reference_B,no_toll_expected_official_network,,tabla_peajes_2026.csv + fuentes.csv (MITMA/BOE/concesionarias),Red de referencia gratuita post-liberalizaciones (AP-1/AP-2/AP-4/AP-7 liberadas); ver tabla_peajes_2026.csv.,48.165,1.785,85.97,Toyota Corolla 140H e-CVT 1.8,4.5,Gasolina 95 E5,2026-10-09
R1512,Pontevedra,Teruel,893.52,8.632222,0.0,official_inventory_reference_B,no_toll_expected_official_network,,tabla_peajes_2026.csv + fuentes.csv (MITMA/BOE/concesionarias),Red de referencia gratuita post-liberalizaciones (AP-1/AP-2/AP-4/AP-7 liberadas); ver tabla_peajes_2026.csv.,40.208,1.785,71.77,Toyota Corolla 140H e-CVT 1.8,4.5,Gasolina 95 E5,2026-10-09
R1513,Pontevedra,Toledo,657.354,6.140833,0.0,official_inventory_reference_B,no_toll_expected_official_network,,tabla_peajes_2026.csv + fuentes.csv (MITMA/BOE/concesionarias),Red de referencia gratuita post-liberalizaciones (AP-1/AP-2/AP-4/AP-7 liberadas); ver tabla_peajes_2026.csv.,29.581,1.785,52.8,Toyota Corolla 140H e-CVT 1.8,4.5,Gasolina 95 E5,2026-10-09
R1514,Pontevedra,Valencia,961.134,8.75,0.0,official_inventory_reference_B,no_toll_expected_official_network,,tabla_peajes_2026.csv + fuentes.csv (MITMA/BOE/concesionarias),Red de referencia gratuita post-liberalizaciones (AP-1/AP-2/AP-4/AP-7 liberadas); ver tabla_peajes_2026.csv.,43.251,1.785,77.2,Toyota Corolla 140H e-CVT 1.8,4.5,Gasolina 95 E5,2026-10-09
R1515,Pontevedra,Valladolid,435.587,4.213056,0.0,official_inventory_reference_B,no_toll_expected_official_network,,tabla_peajes_2026.csv + fuentes.csv (MITMA/BOE/concesionarias),Red de referencia gratuita post-liberalizaciones (AP-1/AP-2/AP-4/AP-7 liberadas); ver tabla_peajes_2026.csv.,19.601,1.785,34.99,Toyota Corolla 140H e-CVT 1.8,4.5,Gasolina 95 E5,2026-10-09
R1516,Pontevedra,Vitoria-Gasteiz,633.168,6.141667,0.0,official_inventory_reference_B,no_toll_expected_official_network,,tabla_peajes_2026.csv + fuentes.csv (MITMA/BOE/concesionarias),Red de referencia gratuita post-liberalizaciones (AP-1/AP-2/AP-4/AP-7 liberadas); ver tabla_peajes_2026.csv.,28.493,1.785,50.86,Toyota Corolla 140H e-CVT 1.8,4.5,Gasolina 95 E5,2026-10-09
R1517,Pontevedra,Zamora,351.355,3.821389,0.0,official_inventory_reference_B,no_toll_expected_official_network,,tabla_peajes_2026.csv + fuentes.csv (MITMA/BOE/concesionarias),Red de referencia gratuita post-liberalizaciones (AP-1/AP-2/AP-4/AP-7 liberadas); ver tabla_peajes_2026.csv.,15.811,1.785,28.22,Toyota Corolla 140H e-CVT 1.8,4.5,Gasolina 95 E5,2026-10-09
R1518,Pontevedra,Zaragoza,842.012,7.726111,0.0,official_inventory_reference_B,no_toll_expected_official_network,,tabla_peajes_2026.csv + fuentes.csv (MITMA/BOE/concesionarias),Red de referencia gratuita post-liberalizaciones (AP-1/AP-2/AP-4/AP-7 liberadas); ver tabla_peajes_2026.csv.,37.891,1.785,67.63,Toyota Corolla 140H e-CVT 1.8,4.5,Gasolina 95 E5,2026-10-09
R1519,Salamanca,A Coruña,467.702,4.046111,0.0,official_inventory_reference_B,no_toll_expected_official_network,,tabla_peajes_2026.csv + fuentes.csv (MITMA/BOE/concesionarias),Red de referencia gratuita post-liberalizaciones (AP-1/AP-2/AP-4/AP-7 liberadas); ver tabla_peajes_2026.csv.,21.047,1.785,37.57,Toyota Corolla 140H e-CVT 1.8,4.5,Gasolina 95 E5,2026-10-09
R1520,Salamanca,Albacete,485.554,4.286944,0.0,official_inventory_reference_B,no_toll_expected_official_network,,tabla_peajes_2026.csv + fuentes.csv (MITMA/BOE/concesionarias),Red de referencia gratuita post-liberalizaciones (AP-1/AP-2/AP-4/AP-7 liberadas); ver tabla_peajes_2026.csv.,21.85,1.785,39.0,Toyota Corolla 140H e-CVT 1.8,4.5,Gasolina 95 E5,2026-10-09
R1521,Salamanca,Alicante,649.712,5.685556,0.0,official_inventory_reference_B,no_toll_expected_official_network,,tabla_peajes_2026.csv + fuentes.csv (MITMA/BOE/concesionarias),Red de referencia gratuita post-liberalizaciones (AP-1/AP-2/AP-4/AP-7 liberadas); ver tabla_peajes_2026.csv.,29.237,1.785,52.19,Toyota Corolla 140H e-CVT 1.8,4.5,Gasolina 95 E5,2026-10-09
R1522,Salamanca,Almería,756.187,6.855556,0.0,official_inventory_reference_B,no_toll_expected_official_network,,tabla_peajes_2026.csv + fuentes.csv (MITMA/BOE/concesionarias),Red de referencia gratuita post-liberalizaciones (AP-1/AP-2/AP-4/AP-7 liberadas); ver tabla_peajes_2026.csv.,34.028,1.785,60.74,Toyota Corolla 140H e-CVT 1.8,4.5,Gasolina 95 E5,2026-10-09
R1523,Salamanca,Ávila,105.005,0.999167,0.0,official_inventory_reference_B,no_toll_expected_official_network,,tabla_peajes_2026.csv + fuentes.csv (MITMA/BOE/concesionarias),Red de referencia gratuita post-liberalizaciones (AP-1/AP-2/AP-4/AP-7 liberadas); ver tabla_peajes_2026.csv.,4.725,1.785,8.43,Toyota Corolla 140H e-CVT 1.8,4.5,Gasolina 95 E5,2026-10-09
R1524,Salamanca,Badajoz,290.751,2.8575,0.0,official_inventory_reference_B,no_toll_expected_official_network,,tabla_peajes_2026.csv + fuentes.csv (MITMA/BOE/concesionarias),Red de referencia gratuita post-liberalizaciones (AP-1/AP-2/AP-4/AP-7 liberadas); ver tabla_peajes_2026.csv.,13.084,1.785,23.35,Toyota Corolla 140H e-CVT 1.8,4.5,Gasolina 95 E5,2026-10-09
R1525,Salamanca,Barcelona,837.311,7.473611,0.0,official_inventory_reference_B,no_toll_expected_official_network,,tabla_peajes_2026.csv + fuentes.csv (MITMA/BOE/concesionarias),Red de referencia gratuita post-liberalizaciones (AP-1/AP-2/AP-4/AP-7 liberadas); ver tabla_peajes_2026.csv.,37.679,1.785,67.26,Toyota Corolla 140H e-CVT 1.8,4.5,Gasolina 95 E5,2026-10-09
R1526,Salamanca,Bilbao,396.399,3.525278,0.0,official_inventory_reference_B,no_toll_expected_official_network,,tabla_peajes_2026.csv + fuentes.csv (MITMA/BOE/concesionarias),Red de referencia gratuita post-liberalizaciones (AP-1/AP-2/AP-4/AP-7 liberadas); ver tabla_peajes_2026.csv.,17.838,1.785,31.84,Toyota Corolla 140H e-CVT 1.8,4.5,Gasolina 95 E5,2026-10-09
R1527,Salamanca,Burgos,242.489,2.165,0.0,official_inventory_reference_B,no_toll_expected_official_network,,tabla_peajes_2026.csv + fuentes.csv (MITMA/BOE/concesionarias),Red de referencia gratuita post-liberalizaciones (AP-1/AP-2/AP-4/AP-7 liberadas); ver tabla_peajes_2026.csv.,10.912,1.785,19.48,Toyota Corolla 140H e-CVT 1.8,4.5,Gasolina 95 E5,2026-10-09
R1528,Salamanca,Cáceres,203.133,1.905556,0.0,official_inventory_reference_B,no_toll_expected_official_network,,tabla_peajes_2026.csv + fuentes.csv (MITMA/BOE/concesionarias),Red de referencia gratuita post-liberalizaciones (AP-1/AP-2/AP-4/AP-7 liberadas); ver tabla_peajes_2026.csv.,9.141,1.785,16.32,Toyota Corolla 140H e-CVT 1.8,4.5,Gasolina 95 E5,2026-10-09
R1529,Salamanca,Cádiz,578.7,5.110833,0.0,official_inventory_reference_B,no_toll_expected_official_network,,tabla_peajes_2026.csv + fuentes.csv (MITMA/BOE/concesionarias),Red de referencia gratuita post-liberalizaciones (AP-1/AP-2/AP-4/AP-7 liberadas); ver tabla_peajes_2026.csv.,26.041,1.785,46.48,Toyota Corolla 140H e-CVT 1.8,4.5,Gasolina 95 E5,2026-10-09
R1530,Salamanca,Castellón de la Plana,658.469,5.828333,0.0,official_inventory_reference_B,no_toll_expected_official_network,,tabla_peajes_2026.csv + fuentes.csv (MITMA/BOE/concesionarias),Red de referencia gratuita post-liberalizaciones (AP-1/AP-2/AP-4/AP-7 liberadas); ver tabla_peajes_2026.csv.,29.631,1.785,52.89,Toyota Corolla 140H e-CVT 1.8,4.5,Gasolina 95 E5,2026-10-09
R1531,Salamanca,Ciudad Real,355.08,3.784722,0.0,official_inventory_reference_B,no_toll_expected_official_network,,tabla_peajes_2026.csv + fuentes.csv (MITMA/BOE/concesionarias),Red de referencia gratuita post-liberalizaciones (AP-1/AP-2/AP-4/AP-7 liberadas); ver tabla_peajes_2026.csv.,15.979,1.785,28.52,Toyota Corolla 140H e-CVT 1.8,4.5,Gasolina 95 E5,2026-10-09
R1532,Salamanca,Córdoba,515.611,5.079722,0.0,official_inventory_reference_B,no_toll_expected_official_network,,tabla_peajes_2026.csv + fuentes.csv (MITMA/BOE/concesionarias),Red de referencia gratuita post-liberalizaciones (AP-1/AP-2/AP-4/AP-7 liberadas); ver tabla_peajes_2026.csv.,23.202,1.785,41.42,Toyota Corolla 140H e-CVT 1.8,4.5,Gasolina 95 E5,2026-10-09
R1533,Salamanca,Cuenca,397.11,3.603889,0.0,official_inventory_reference_B,no_toll_expected_official_network,,tabla_peajes_2026.csv + fuentes.csv (MITMA/BOE/concesionarias),Red de referencia gratuita post-liberalizaciones (AP-1/AP-2/AP-4/AP-7 liberadas); ver tabla_peajes_2026.csv.,17.87,1.785,31.9,Toyota Corolla 140H e-CVT 1.8,4.5,Gasolina 95 E5,2026-10-09
R1534,Salamanca,Girona,903.057,8.058611,0.0,official_inventory_reference_B,no_toll_expected_official_network,,tabla_peajes_2026.csv + fuentes.csv (MITMA/BOE/concesionarias),Red de referencia gratuita post-liberalizaciones (AP-1/AP-2/AP-4/AP-7 liberadas); ver tabla_peajes_2026.csv.,40.638,1.785,72.54,Toyota Corolla 140H e-CVT 1.8,4.5,Gasolina 95 E5,2026-10-09
R1535,Salamanca,Granada,631.327,5.631389,0.0,official_inventory_reference_B,no_toll_expected_official_network,,tabla_peajes_2026.csv + fuentes.csv (MITMA/BOE/concesionarias),Red de referencia gratuita post-liberalizaciones (AP-1/AP-2/AP-4/AP-7 liberadas); ver tabla_peajes_2026.csv.,28.41,1.785,50.71,Toyota Corolla 140H e-CVT 1.8,4.5,Gasolina 95 E5,2026-10-09
R1536,Salamanca,Guadalajara,273.566,2.611111,0.0,official_inventory_reference_B,no_toll_expected_official_network,,tabla_peajes_2026.csv + fuentes.csv (MITMA/BOE/concesionarias),Red de referencia gratuita post-liberalizaciones (AP-1/AP-2/AP-4/AP-7 liberadas); ver tabla_peajes_2026.csv.,12.31,1.785,21.97,Toyota Corolla 140H e-CVT 1.8,4.5,Gasolina 95 E5,2026-10-09
R1537,Salamanca,Huelva,543.634,4.726667,0.0,official_inventory_reference_B,no_toll_expected_official_network,,tabla_peajes_2026.csv + fuentes.csv (MITMA/BOE/concesionarias),Red de referencia gratuita post-liberalizaciones (AP-1/AP-2/AP-4/AP-7 liberadas); ver tabla_peajes_2026.csv.,24.464,1.785,43.67,Toyota Corolla 140H e-CVT 1.8,4.5,Gasolina 95 E5,2026-10-09
R1538,Salamanca,Huesca,611.785,5.409722,0.0,official_inventory_reference_B,no_toll_expected_official_network,,tabla_peajes_2026.csv + fuentes.csv (MITMA/BOE/concesionarias),Red de referencia gratuita post-liberalizaciones (AP-1/AP-2/AP-4/AP-7 liberadas); ver tabla_peajes_2026.csv.,27.53,1.785,49.14,Toyota Corolla 140H e-CVT 1.8,4.5,Gasolina 95 E5,2026-10-09
R1539,Salamanca,Jaén,543.663,4.878333,0.0,official_inventory_reference_B,no_toll_expected_official_network,,tabla_peajes_2026.csv + fuentes.csv (MITMA/BOE/concesionarias),Red de referencia gratuita post-liberalizaciones (AP-1/AP-2/AP-4/AP-7 liberadas); ver tabla_peajes_2026.csv.,24.465,1.785,43.67,Toyota Corolla 140H e-CVT 1.8,4.5,Gasolina 95 E5,2026-10-09
R1540,Salamanca,León,208.795,1.914722,0.0,official_inventory_reference_B,no_toll_expected_official_network,,tabla_peajes_2026.csv + fuentes.csv (MITMA/BOE/concesionarias),Red de referencia gratuita post-liberalizaciones (AP-1/AP-2/AP-4/AP-7 liberadas); ver tabla_peajes_2026.csv.,9.396,1.785,16.77,Toyota Corolla 140H e-CVT 1.8,4.5,Gasolina 95 E5,2026-10-09
R1541,Salamanca,Lleida,672.266,6.034722,0.0,official_inventory_reference_B,no_toll_expected_official_network,,tabla_peajes_2026.csv + fuentes.csv (MITMA/BOE/concesionarias),Red de referencia gratuita post-liberalizaciones (AP-1/AP-2/AP-4/AP-7 liberadas); ver tabla_peajes_2026.csv.,30.252,1.785,54.0,Toyota Corolla 140H e-CVT 1.8,4.5,Gasolina 95 E5,2026-10-09
R1542,Salamanca,Logroño,356.927,3.441111,0.0,official_inventory_reference_B,no_toll_expected_official_network,,tabla_peajes_2026.csv + fuentes.csv (MITMA/BOE/concesionarias),Red de referencia gratuita post-liberalizaciones (AP-1/AP-2/AP-4/AP-7 liberadas); ver tabla_peajes_2026.csv.,16.062,1.785,28.67,Toyota Corolla 140H e-CVT 1.8,4.5,Gasolina 95 E5,2026-10-09
R1543,Salamanca,Lugo,371.787,3.231389,0.0,official_inventory_reference_B,no_toll_expected_official_network,,tabla_peajes_2026.csv + fuentes.csv (MITMA/BOE/concesionarias),Red de referencia gratuita post-liberalizaciones (AP-1/AP-2/AP-4/AP-7 liberadas); ver tabla_peajes_2026.csv.,16.73,1.785,29.86,Toyota Corolla 140H e-CVT 1.8,4.5,Gasolina 95 E5,2026-10-09
R1544,Salamanca,Madrid,215.39,2.063611,0.0,official_inventory_reference_B,no_toll_expected_official_network,,tabla_peajes_2026.csv + fuentes.csv (MITMA/BOE/concesionarias),Red de referencia gratuita post-liberalizaciones (AP-1/AP-2/AP-4/AP-7 liberadas); ver tabla_peajes_2026.csv.,9.693,1.785,17.3,Toyota Corolla 140H e-CVT 1.8,4.5,Gasolina 95 E5,2026-10-09
R1545,Salamanca,Málaga,676.575,6.763056,0.0,official_inventory_reference_B,no_toll_expected_official_network,,tabla_peajes_2026.csv + fuentes.csv (MITMA/BOE/concesionarias),Red de referencia gratuita post-liberalizaciones (AP-1/AP-2/AP-4/AP-7 liberadas); ver tabla_peajes_2026.csv.,30.446,1.785,54.35,Toyota Corolla 140H e-CVT 1.8,4.5,Gasolina 95 E5,2026-10-09
R1546,Salamanca,Murcia,628.007,5.538611,0.0,official_inventory_reference_B,no_toll_expected_official_network,,tabla_peajes_2026.csv + fuentes.csv (MITMA/BOE/concesionarias),Red de referencia gratuita post-liberalizaciones (AP-1/AP-2/AP-4/AP-7 liberadas); ver tabla_peajes_2026.csv.,28.26,1.785,50.44,Toyota Corolla 140H e-CVT 1.8,4.5,Gasolina 95 E5,2026-10-09
R1547,Salamanca,Ourense,332.031,3.3,0.0,official_inventory_reference_B,no_toll_expected_official_network,,tabla_peajes_2026.csv + fuentes.csv (MITMA/BOE/concesionarias),Red de referencia gratuita post-liberalizaciones (AP-1/AP-2/AP-4/AP-7 liberadas); ver tabla_peajes_2026.csv.,14.941,1.785,26.67,Toyota Corolla 140H e-CVT 1.8,4.5,Gasolina 95 E5,2026-10-09
R1548,Salamanca,Oviedo,322.302,2.959722,16.2,official_inventory_reference_B,valued_official_2026,AP-66 Campomanes-León,tabla_peajes_2026.csv + fuentes.csv (MITMA/BOE/concesionarias),Paso del Huerna hacia la Meseta/sur; sin alternativa rápida equivalente.,14.504,1.785,25.89,Toyota Corolla 140H e-CVT 1.8,4.5,Gasolina 95 E5,2026-10-09
R1549,Salamanca,Palencia,164.384,1.539167,0.0,official_inventory_reference_B,no_toll_expected_official_network,,tabla_peajes_2026.csv + fuentes.csv (MITMA/BOE/concesionarias),Red de referencia gratuita post-liberalizaciones (AP-1/AP-2/AP-4/AP-7 liberadas); ver tabla_peajes_2026.csv.,7.397,1.785,13.2,Toyota Corolla 140H e-CVT 1.8,4.5,Gasolina 95 E5,2026-10-09
R1550,Salamanca,Pamplona,447.608,3.973333,0.0,official_inventory_reference_B,no_toll_expected_official_network,,tabla_peajes_2026.csv + fuentes.csv (MITMA/BOE/concesionarias),Red de referencia gratuita post-liberalizaciones (AP-1/AP-2/AP-4/AP-7 liberadas); ver tabla_peajes_2026.csv.,20.142,1.785,35.95,Toyota Corolla 140H e-CVT 1.8,4.5,Gasolina 95 E5,2026-10-09
R1551,Salamanca,Pontevedra,415.213,4.323889,0.0,official_inventory_reference_B,no_toll_expected_official_network,,tabla_peajes_2026.csv + fuentes.csv (MITMA/BOE/concesionarias),Red de referencia gratuita post-liberalizaciones (AP-1/AP-2/AP-4/AP-7 liberadas); ver tabla_peajes_2026.csv.,18.685,1.785,33.35,Toyota Corolla 140H e-CVT 1.8,4.5,Gasolina 95 E5,2026-10-09
R1552,Salamanca,San Sebastián,451.557,4.042778,0.0,official_inventory_reference_B,no_toll_expected_official_network,,tabla_peajes_2026.csv + fuentes.csv (MITMA/BOE/concesionarias),Red de referencia gratuita post-liberalizaciones (AP-1/AP-2/AP-4/AP-7 liberadas); ver tabla_peajes_2026.csv.,20.32,1.785,36.27,Toyota Corolla 140H e-CVT 1.8,4.5,Gasolina 95 E5,2026-10-09
R1553,Salamanca,Santander,361.919,3.24,0.0,official_inventory_reference_B,no_toll_expected_official_network,,tabla_peajes_2026.csv + fuentes.csv (MITMA/BOE/concesionarias),Red de referencia gratuita post-liberalizaciones (AP-1/AP-2/AP-4/AP-7 liberadas); ver tabla_peajes_2026.csv.,16.286,1.785,29.07,Toyota Corolla 140H e-CVT 1.8,4.5,Gasolina 95 E5,2026-10-09
R1554,Salamanca,Segovia,152.139,1.715833,0.0,official_inventory_reference_B,no_toll_expected_official_network,,tabla_peajes_2026.csv + fuentes.csv (MITMA/BOE/concesionarias),Red de referencia gratuita post-liberalizaciones (AP-1/AP-2/AP-4/AP-7 liberadas); ver tabla_peajes_2026.csv.,6.846,1.785,12.22,Toyota Corolla 140H e-CVT 1.8,4.5,Gasolina 95 E5,2026-10-09
R1555,Salamanca,Sevilla,459.444,4.016389,0.0,official_inventory_reference_B,no_toll_expected_official_network,,tabla_peajes_2026.csv + fuentes.csv (MITMA/BOE/concesionarias),Red de referencia gratuita post-liberalizaciones (AP-1/AP-2/AP-4/AP-7 liberadas); ver tabla_peajes_2026.csv.,20.675,1.785,36.9,Toyota Corolla 140H e-CVT 1.8,4.5,Gasolina 95 E5,2026-10-09
R1556,Salamanca,Soria,322.421,3.297778,0.0,official_inventory_reference_B,no_toll_expected_official_network,,tabla_peajes_2026.csv + fuentes.csv (MITMA/BOE/concesionarias),Red de referencia gratuita post-liberalizaciones (AP-1/AP-2/AP-4/AP-7 liberadas); ver tabla_peajes_2026.csv.,14.509,1.785,25.9,Toyota Corolla 140H e-CVT 1.8,4.5,Gasolina 95 E5,2026-10-09
R1557,Salamanca,Tarragona,759.129,6.846667,0.0,official_inventory_reference_B,no_toll_expected_official_network,,tabla_peajes_2026.csv + fuentes.csv (MITMA/BOE/concesionarias),Red de referencia gratuita post-liberalizaciones (AP-1/AP-2/AP-4/AP-7 liberadas); ver tabla_peajes_2026.csv.,34.161,1.785,60.98,Toyota Corolla 140H e-CVT 1.8,4.5,Gasolina 95 E5,2026-10-09
R1558,Salamanca,Teruel,517.739,5.066389,0.0,official_inventory_reference_B,no_toll_expected_official_network,,tabla_peajes_2026.csv + fuentes.csv (MITMA/BOE/concesionarias),Red de referencia gratuita post-liberalizaciones (AP-1/AP-2/AP-4/AP-7 liberadas); ver tabla_peajes_2026.csv.,23.298,1.785,41.59,Toyota Corolla 140H e-CVT 1.8,4.5,Gasolina 95 E5,2026-10-09
R1559,Salamanca,Toledo,239.488,2.576111,0.0,official_inventory_reference_B,no_toll_expected_official_network,,tabla_peajes_2026.csv + fuentes.csv (MITMA/BOE/concesionarias),Red de referencia gratuita post-liberalizaciones (AP-1/AP-2/AP-4/AP-7 liberadas); ver tabla_peajes_2026.csv.,10.777,1.785,19.24,Toyota Corolla 140H e-CVT 1.8,4.5,Gasolina 95 E5,2026-10-09
R1560,Salamanca,Valencia,585.353,5.184167,0.0,official_inventory_reference_B,no_toll_expected_official_network,,tabla_peajes_2026.csv + fuentes.csv (MITMA/BOE/concesionarias),Red de referencia gratuita post-liberalizaciones (AP-1/AP-2/AP-4/AP-7 liberadas); ver tabla_peajes_2026.csv.,26.341,1.785,47.02,Toyota Corolla 140H e-CVT 1.8,4.5,Gasolina 95 E5,2026-10-09
R1561,Salamanca,Valladolid,118.434,1.166389,0.0,official_inventory_reference_B,no_toll_expected_official_network,,tabla_peajes_2026.csv + fuentes.csv (MITMA/BOE/concesionarias),Red de referencia gratuita post-liberalizaciones (AP-1/AP-2/AP-4/AP-7 liberadas); ver tabla_peajes_2026.csv.,5.33,1.785,9.51,Toyota Corolla 140H e-CVT 1.8,4.5,Gasolina 95 E5,2026-10-09
R1562,Salamanca,Vitoria-Gasteiz,350.178,3.198611,0.0,official_inventory_reference_B,no_toll_expected_official_network,,tabla_peajes_2026.csv + fuentes.csv (MITMA/BOE/concesionarias),Red de referencia gratuita post-liberalizaciones (AP-1/AP-2/AP-4/AP-7 liberadas); ver tabla_peajes_2026.csv.,15.758,1.785,28.13,Toyota Corolla 140H e-CVT 1.8,4.5,Gasolina 95 E5,2026-10-09
R1563,Salamanca,Zamora,73.004,0.948333,0.0,official_inventory_reference_B,no_toll_expected_official_network,,tabla_peajes_2026.csv + fuentes.csv (MITMA/BOE/concesionarias),Red de referencia gratuita post-liberalizaciones (AP-1/AP-2/AP-4/AP-7 liberadas); ver tabla_peajes_2026.csv.,3.285,1.785,5.86,Toyota Corolla 140H e-CVT 1.8,4.5,Gasolina 95 E5,2026-10-09
R1564,Salamanca,Zaragoza,538.559,4.8025,0.0,official_inventory_reference_B,no_toll_expected_official_network,,tabla_peajes_2026.csv + fuentes.csv (MITMA/BOE/concesionarias),Red de referencia gratuita post-liberalizaciones (AP-1/AP-2/AP-4/AP-7 liberadas); ver tabla_peajes_2026.csv.,24.235,1.785,43.26,Toyota Corolla 140H e-CVT 1.8,4.5,Gasolina 95 E5,2026-10-09
R1565,San Sebastián,A Coruña,647.793,5.837778,0.0,official_inventory_reference_B,no_toll_expected_official_network,,tabla_peajes_2026.csv + fuentes.csv (MITMA/BOE/concesionarias),Red de referencia gratuita post-liberalizaciones (AP-1/AP-2/AP-4/AP-7 liberadas); ver tabla_peajes_2026.csv.,29.151,1.785,52.03,Toyota Corolla 140H e-CVT 1.8,4.5,Gasolina 95 E5,2026-10-09
R1566,San Sebastián,Albacete,697.377,6.189167,0.0,official_inventory_reference_B,no_toll_expected_official_network,,tabla_peajes_2026.csv + fuentes.csv (MITMA/BOE/concesionarias),Red de referencia gratuita post-liberalizaciones (AP-1/AP-2/AP-4/AP-7 liberadas); ver tabla_peajes_2026.csv.,31.382,1.785,56.02,Toyota Corolla 140H e-CVT 1.8,4.5,Gasolina 95 E5,2026-10-09
R1567,San Sebastián,Alicante,758.318,6.762778,0.0,official_inventory_reference_B,no_toll_expected_official_network,,tabla_peajes_2026.csv + fuentes.csv (MITMA/BOE/concesionarias),Red de referencia gratuita post-liberalizaciones (AP-1/AP-2/AP-4/AP-7 liberadas); ver tabla_peajes_2026.csv.,34.124,1.785,60.91,Toyota Corolla 140H e-CVT 1.8,4.5,Gasolina 95 E5,2026-10-09
R1568,San Sebastián,Almería,988.846,8.69,0.0,official_inventory_reference_B,no_toll_expected_official_network,,tabla_peajes_2026.csv + fuentes.csv (MITMA/BOE/concesionarias),Red de referencia gratuita post-liberalizaciones (AP-1/AP-2/AP-4/AP-7 liberadas); ver tabla_peajes_2026.csv.,44.498,1.785,79.43,Toyota Corolla 140H e-CVT 1.8,4.5,Gasolina 95 E5,2026-10-09
R1569,San Sebastián,Ávila,474.472,4.316111,0.0,official_inventory_reference_B,no_toll_expected_official_network,,tabla_peajes_2026.csv + fuentes.csv (MITMA/BOE/concesionarias),Red de referencia gratuita post-liberalizaciones (AP-1/AP-2/AP-4/AP-7 liberadas); ver tabla_peajes_2026.csv.,21.351,1.785,38.11,Toyota Corolla 140H e-CVT 1.8,4.5,Gasolina 95 E5,2026-10-09
R1570,San Sebastián,Badajoz,747.282,6.804722,0.0,official_inventory_reference_B,no_toll_expected_official_network,,tabla_peajes_2026.csv + fuentes.csv (MITMA/BOE/concesionarias),Red de referencia gratuita post-liberalizaciones (AP-1/AP-2/AP-4/AP-7 liberadas); ver tabla_peajes_2026.csv.,33.628,1.785,60.03,Toyota Corolla 140H e-CVT 1.8,4.5,Gasolina 95 E5,2026-10-09
R1571,San Sebastián,Barcelona,570.851,5.115833,0.0,official_inventory_reference_B,no_toll_expected_official_network,,tabla_peajes_2026.csv + fuentes.csv (MITMA/BOE/concesionarias),Red de referencia gratuita post-liberalizaciones (AP-1/AP-2/AP-4/AP-7 liberadas); ver tabla_peajes_2026.csv.,25.688,1.785,45.85,Toyota Corolla 140H e-CVT 1.8,4.5,Gasolina 95 E5,2026-10-09
R1572,San Sebastián,Bilbao,101.99,1.043611,0.0,official_inventory_reference_B,toll_possible_not_valued,AP-68 / red foral (Bidegi),tabla_peajes_2026.csv + fuentes.csv (MITMA/BOE/concesionarias),Peaje posible para ligeros; tarifa no verificada hoy. Ampliar manual con Bidegi/autopistas.com. tax=0 provisional.,4.59,1.785,8.19,Toyota Corolla 140H e-CVT 1.8,4.5,Gasolina 95 E5,2026-10-09
R1573,San Sebastián,Burgos,213.449,1.996111,0.0,official_inventory_reference_B,no_toll_expected_official_network,,tabla_peajes_2026.csv + fuentes.csv (MITMA/BOE/concesionarias),Red de referencia gratuita post-liberalizaciones (AP-1/AP-2/AP-4/AP-7 liberadas); ver tabla_peajes_2026.csv.,9.605,1.785,17.15,Toyota Corolla 140H e-CVT 1.8,4.5,Gasolina 95 E5,2026-10-09
R1574,San Sebastián,Cáceres,659.672,5.853056,0.0,official_inventory_reference_B,no_toll_expected_official_network,,tabla_peajes_2026.csv + fuentes.csv (MITMA/BOE/concesionarias),Red de referencia gratuita post-liberalizaciones (AP-1/AP-2/AP-4/AP-7 liberadas); ver tabla_peajes_2026.csv.,29.685,1.785,52.99,Toyota Corolla 140H e-CVT 1.8,4.5,Gasolina 95 E5,2026-10-09
R1575,San Sebastián,Cádiz,1035.182,9.053056,0.0,official_inventory_reference_B,no_toll_expected_official_network,,tabla_peajes_2026.csv + fuentes.csv (MITMA/BOE/concesionarias),Red de referencia gratuita post-liberalizaciones (AP-1/AP-2/AP-4/AP-7 liberadas); ver tabla_peajes_2026.csv.,46.583,1.785,83.15,Toyota Corolla 140H e-CVT 1.8,4.5,Gasolina 95 E5,2026-10-09
R1576,San Sebastián,Castellón de la Plana,577.624,5.337778,0.0,official_inventory_reference_B,no_toll_expected_official_network,,tabla_peajes_2026.csv + fuentes.csv (MITMA/BOE/concesionarias),Red de referencia gratuita post-liberalizaciones (AP-1/AP-2/AP-4/AP-7 liberadas); ver tabla_peajes_2026.csv.,25.993,1.785,46.4,Toyota Corolla 140H e-CVT 1.8,4.5,Gasolina 95 E5,2026-10-09
R1577,San Sebastián,Ciudad Real,661.327,6.009722,0.0,official_inventory_reference_B,no_toll_expected_official_network,,tabla_peajes_2026.csv + fuentes.csv (MITMA/BOE/concesionarias),Red de referencia gratuita post-liberalizaciones (AP-1/AP-2/AP-4/AP-7 liberadas); ver tabla_peajes_2026.csv.,29.76,1.785,53.12,Toyota Corolla 140H e-CVT 1.8,4.5,Gasolina 95 E5,2026-10-09
R1578,San Sebastián,Córdoba,851.934,7.68,0.0,official_inventory_reference_B,no_toll_expected_official_network,,tabla_peajes_2026.csv + fuentes.csv (MITMA/BOE/concesionarias),Red de referencia gratuita post-liberalizaciones (AP-1/AP-2/AP-4/AP-7 liberadas); ver tabla_peajes_2026.csv.,38.337,1.785,68.43,Toyota Corolla 140H e-CVT 1.8,4.5,Gasolina 95 E5,2026-10-09
R1579,San Sebastián,Cuenca,534.998,5.532778,0.0,official_inventory_reference_B,no_toll_expected_official_network,,tabla_peajes_2026.csv + fuentes.csv (MITMA/BOE/concesionarias),Red de referencia gratuita post-liberalizaciones (AP-1/AP-2/AP-4/AP-7 liberadas); ver tabla_peajes_2026.csv.,24.075,1.785,42.97,Toyota Corolla 140H e-CVT 1.8,4.5,Gasolina 95 E5,2026-10-09
R1580,San Sebastián,Girona,636.208,5.319444,0.0,official_inventory_reference_B,no_toll_expected_official_network,,tabla_peajes_2026.csv + fuentes.csv (MITMA/BOE/concesionarias),Red de referencia gratuita post-liberalizaciones (AP-1/AP-2/AP-4/AP-7 liberadas); ver tabla_peajes_2026.csv.,28.629,1.785,51.1,Toyota Corolla 140H e-CVT 1.8,4.5,Gasolina 95 E5,2026-10-09
R1581,San Sebastián,Granada,876.328,7.782778,0.0,official_inventory_reference_B,no_toll_expected_official_network,,tabla_peajes_2026.csv + fuentes.csv (MITMA/BOE/concesionarias),Red de referencia gratuita post-liberalizaciones (AP-1/AP-2/AP-4/AP-7 liberadas); ver tabla_peajes_2026.csv.,39.435,1.785,70.39,Toyota Corolla 140H e-CVT 1.8,4.5,Gasolina 95 E5,2026-10-09
R1582,San Sebastián,Guadalajara,432.066,4.145833,0.0,official_inventory_reference_B,no_toll_expected_official_network,,tabla_peajes_2026.csv + fuentes.csv (MITMA/BOE/concesionarias),Red de referencia gratuita post-liberalizaciones (AP-1/AP-2/AP-4/AP-7 liberadas); ver tabla_peajes_2026.csv.,19.443,1.785,34.71,Toyota Corolla 140H e-CVT 1.8,4.5,Gasolina 95 E5,2026-10-09
R1583,San Sebastián,Huelva,1000.16,8.673889,0.0,official_inventory_reference_B,no_toll_expected_official_network,,tabla_peajes_2026.csv + fuentes.csv (MITMA/BOE/concesionarias),Red de referencia gratuita post-liberalizaciones (AP-1/AP-2/AP-4/AP-7 liberadas); ver tabla_peajes_2026.csv.,45.007,1.785,80.34,Toyota Corolla 140H e-CVT 1.8,4.5,Gasolina 95 E5,2026-10-09
R1584,San Sebastián,Huesca,244.699,2.653333,0.0,official_inventory_reference_B,no_toll_expected_official_network,,tabla_peajes_2026.csv + fuentes.csv (MITMA/BOE/concesionarias),Red de referencia gratuita post-liberalizaciones (AP-1/AP-2/AP-4/AP-7 liberadas); ver tabla_peajes_2026.csv.,11.011,1.785,19.66,Toyota Corolla 140H e-CVT 1.8,4.5,Gasolina 95 E5,2026-10-09
R1585,San Sebastián,Jaén,788.664,7.029722,0.0,official_inventory_reference_B,no_toll_expected_official_network,,tabla_peajes_2026.csv + fuentes.csv (MITMA/BOE/concesionarias),Red de referencia gratuita post-liberalizaciones (AP-1/AP-2/AP-4/AP-7 liberadas); ver tabla_peajes_2026.csv.,35.49,1.785,63.35,Toyota Corolla 140H e-CVT 1.8,4.5,Gasolina 95 E5,2026-10-09
R1586,San Sebastián,León,386.572,3.450278,0.0,official_inventory_reference_B,no_toll_expected_official_network,,tabla_peajes_2026.csv + fuentes.csv (MITMA/BOE/concesionarias),Red de referencia gratuita post-liberalizaciones (AP-1/AP-2/AP-4/AP-7 liberadas); ver tabla_peajes_2026.csv.,17.396,1.785,31.05,Toyota Corolla 140H e-CVT 1.8,4.5,Gasolina 95 E5,2026-10-09
R1587,San Sebastián,Lleida,409.936,3.690278,0.0,official_inventory_reference_B,no_toll_expected_official_network,,tabla_peajes_2026.csv + fuentes.csv (MITMA/BOE/concesionarias),Red de referencia gratuita post-liberalizaciones (AP-1/AP-2/AP-4/AP-7 liberadas); ver tabla_peajes_2026.csv.,18.447,1.785,32.93,Toyota Corolla 140H e-CVT 1.8,4.5,Gasolina 95 E5,2026-10-09
R1588,San Sebastián,Logroño,170.067,1.657778,0.0,official_inventory_reference_B,toll_possible_not_valued,AP-68 / red foral (Bidegi),tabla_peajes_2026.csv + fuentes.csv (MITMA/BOE/concesionarias),Peaje posible para ligeros; tarifa no verificada hoy. Ampliar manual con Bidegi/autopistas.com. tax=0 provisional.,7.653,1.785,13.66,Toyota Corolla 140H e-CVT 1.8,4.5,Gasolina 95 E5,2026-10-09
R1589,San Sebastián,Lugo,606.005,5.318056,0.0,official_inventory_reference_B,no_toll_expected_official_network,,tabla_peajes_2026.csv + fuentes.csv (MITMA/BOE/concesionarias),Red de referencia gratuita post-liberalizaciones (AP-1/AP-2/AP-4/AP-7 liberadas); ver tabla_peajes_2026.csv.,27.27,1.785,48.68,Toyota Corolla 140H e-CVT 1.8,4.5,Gasolina 95 E5,2026-10-09
R1590,San Sebastián,Madrid,452.297,4.128611,0.0,official_inventory_reference_B,no_toll_expected_official_network,,tabla_peajes_2026.csv + fuentes.csv (MITMA/BOE/concesionarias),Red de referencia gratuita post-liberalizaciones (AP-1/AP-2/AP-4/AP-7 liberadas); ver tabla_peajes_2026.csv.,20.353,1.785,36.33,Toyota Corolla 140H e-CVT 1.8,4.5,Gasolina 95 E5,2026-10-09
R1591,San Sebastián,Málaga,985.765,9.524167,0.0,official_inventory_reference_B,no_toll_expected_official_network,,tabla_peajes_2026.csv + fuentes.csv (MITMA/BOE/concesionarias),Red de referencia gratuita post-liberalizaciones (AP-1/AP-2/AP-4/AP-7 liberadas); ver tabla_peajes_2026.csv.,44.359,1.785,79.18,Toyota Corolla 140H e-CVT 1.8,4.5,Gasolina 95 E5,2026-10-09
R1592,San Sebastián,Murcia,796.863,7.122222,0.0,official_inventory_reference_B,no_toll_expected_official_network,,tabla_peajes_2026.csv + fuentes.csv (MITMA/BOE/concesionarias),Red de referencia gratuita post-liberalizaciones (AP-1/AP-2/AP-4/AP-7 liberadas); ver tabla_peajes_2026.csv.,35.859,1.785,64.01,Toyota Corolla 140H e-CVT 1.8,4.5,Gasolina 95 E5,2026-10-09
R1593,San Sebastián,Ourense,667.507,5.944722,0.0,official_inventory_reference_B,no_toll_expected_official_network,,tabla_peajes_2026.csv + fuentes.csv (MITMA/BOE/concesionarias),Red de referencia gratuita post-liberalizaciones (AP-1/AP-2/AP-4/AP-7 liberadas); ver tabla_peajes_2026.csv.,30.038,1.785,53.62,Toyota Corolla 140H e-CVT 1.8,4.5,Gasolina 95 E5,2026-10-09
R1594,San Sebastián,Oviedo,387.359,3.608889,0.0,official_inventory_reference_B,no_toll_expected_official_network,,tabla_peajes_2026.csv + fuentes.csv (MITMA/BOE/concesionarias),Corredor cantábrico/pirenaico sin AP-66 en la referencia.,17.431,1.785,31.11,Toyota Corolla 140H e-CVT 1.8,4.5,Gasolina 95 E5,2026-10-09
R1595,San Sebastián,Palencia,301.378,2.783056,0.0,official_inventory_reference_B,no_toll_expected_official_network,,tabla_peajes_2026.csv + fuentes.csv (MITMA/BOE/concesionarias),Red de referencia gratuita post-liberalizaciones (AP-1/AP-2/AP-4/AP-7 liberadas); ver tabla_peajes_2026.csv.,13.562,1.785,24.21,Toyota Corolla 140H e-CVT 1.8,4.5,Gasolina 95 E5,2026-10-09
R1596,San Sebastián,Pamplona,82.015,0.909722,0.0,official_inventory_reference_B,toll_possible_not_valued,AP-68 / red foral (Bidegi),tabla_peajes_2026.csv + fuentes.csv (MITMA/BOE/concesionarias),Peaje posible para ligeros; tarifa no verificada hoy. Ampliar manual con Bidegi/autopistas.com. tax=0 provisional.,3.691,1.785,6.59,Toyota Corolla 140H e-CVT 1.8,4.5,Gasolina 95 E5,2026-10-09
R1597,San Sebastián,Pontevedra,754.791,7.028889,0.0,official_inventory_reference_B,no_toll_expected_official_network,,tabla_peajes_2026.csv + fuentes.csv (MITMA/BOE/concesionarias),Red de referencia gratuita post-liberalizaciones (AP-1/AP-2/AP-4/AP-7 liberadas); ver tabla_peajes_2026.csv.,33.966,1.785,60.63,Toyota Corolla 140H e-CVT 1.8,4.5,Gasolina 95 E5,2026-10-09
R1598,San Sebastián,Salamanca,451.305,4.049722,0.0,official_inventory_reference_B,no_toll_expected_official_network,,tabla_peajes_2026.csv + fuentes.csv (MITMA/BOE/concesionarias),Red de referencia gratuita post-liberalizaciones (AP-1/AP-2/AP-4/AP-7 liberadas); ver tabla_peajes_2026.csv.,20.309,1.785,36.25,Toyota Corolla 140H e-CVT 1.8,4.5,Gasolina 95 E5,2026-10-09
R1599,San Sebastián,Santander,198.053,1.966944,0.0,official_inventory_reference_B,toll_possible_not_valued,AP-68 / red foral (Bidegi),tabla_peajes_2026.csv + fuentes.csv (MITMA/BOE/concesionarias),Peaje posible para ligeros; tarifa no verificada hoy. Ampliar manual con Bidegi/autopistas.com. tax=0 provisional.,8.912,1.785,15.91,Toyota Corolla 140H e-CVT 1.8,4.5,Gasolina 95 E5,2026-10-09
R1600,San Sebastián,Segovia,407.488,3.877778,0.0,official_inventory_reference_B,no_toll_expected_official_network,,tabla_peajes_2026.csv + fuentes.csv (MITMA/BOE/concesionarias),Red de referencia gratuita post-liberalizaciones (AP-1/AP-2/AP-4/AP-7 liberadas); ver tabla_peajes_2026.csv.,18.337,1.785,32.73,Toyota Corolla 140H e-CVT 1.8,4.5,Gasolina 95 E5,2026-10-09
R1601,San Sebastián,Sevilla,915.972,7.963611,0.0,official_inventory_reference_B,no_toll_expected_official_network,,tabla_peajes_2026.csv + fuentes.csv (MITMA/BOE/concesionarias),Red de referencia gratuita post-liberalizaciones (AP-1/AP-2/AP-4/AP-7 liberadas); ver tabla_peajes_2026.csv.,41.219,1.785,73.58,Toyota Corolla 140H e-CVT 1.8,4.5,Gasolina 95 E5,2026-10-09
R1602,San Sebastián,Soria,257.338,2.603889,0.0,official_inventory_reference_B,no_toll_expected_official_network,,tabla_peajes_2026.csv + fuentes.csv (MITMA/BOE/concesionarias),Red de referencia gratuita post-liberalizaciones (AP-1/AP-2/AP-4/AP-7 liberadas); ver tabla_peajes_2026.csv.,11.58,1.785,20.67,Toyota Corolla 140H e-CVT 1.8,4.5,Gasolina 95 E5,2026-10-09
R1603,San Sebastián,Tarragona,492.669,4.488611,0.0,official_inventory_reference_B,no_toll_expected_official_network,,tabla_peajes_2026.csv + fuentes.csv (MITMA/BOE/concesionarias),Red de referencia gratuita post-liberalizaciones (AP-1/AP-2/AP-4/AP-7 liberadas); ver tabla_peajes_2026.csv.,22.17,1.785,39.57,Toyota Corolla 140H e-CVT 1.8,4.5,Gasolina 95 E5,2026-10-09
R1604,San Sebastián,Teruel,433.945,3.938333,0.0,official_inventory_reference_B,no_toll_expected_official_network,,tabla_peajes_2026.csv + fuentes.csv (MITMA/BOE/concesionarias),Red de referencia gratuita post-liberalizaciones (AP-1/AP-2/AP-4/AP-7 liberadas); ver tabla_peajes_2026.csv.,19.528,1.785,34.86,Toyota Corolla 140H e-CVT 1.8,4.5,Gasolina 95 E5,2026-10-09
R1605,San Sebastián,Toledo,536.648,4.816944,0.0,official_inventory_reference_B,no_toll_expected_official_network,,tabla_peajes_2026.csv + fuentes.csv (MITMA/BOE/concesionarias),Red de referencia gratuita post-liberalizaciones (AP-1/AP-2/AP-4/AP-7 liberadas); ver tabla_peajes_2026.csv.,24.149,1.785,43.11,Toyota Corolla 140H e-CVT 1.8,4.5,Gasolina 95 E5,2026-10-09
R1606,San Sebastián,Valencia,571.867,5.185,0.0,official_inventory_reference_B,no_toll_expected_official_network,,tabla_peajes_2026.csv + fuentes.csv (MITMA/BOE/concesionarias),Red de referencia gratuita post-liberalizaciones (AP-1/AP-2/AP-4/AP-7 liberadas); ver tabla_peajes_2026.csv.,25.734,1.785,45.94,Toyota Corolla 140H e-CVT 1.8,4.5,Gasolina 95 E5,2026-10-09
R1607,San Sebastián,Valladolid,336.117,3.071944,0.0,official_inventory_reference_B,no_toll_expected_official_network,,tabla_peajes_2026.csv + fuentes.csv (MITMA/BOE/concesionarias),Red de referencia gratuita post-liberalizaciones (AP-1/AP-2/AP-4/AP-7 liberadas); ver tabla_peajes_2026.csv.,15.125,1.785,27.0,Toyota Corolla 140H e-CVT 1.8,4.5,Gasolina 95 E5,2026-10-09
R1608,San Sebastián,Vitoria-Gasteiz,103.915,1.071389,0.0,official_inventory_reference_B,toll_possible_not_valued,AP-68 / red foral (Bidegi),tabla_peajes_2026.csv + fuentes.csv (MITMA/BOE/concesionarias),Peaje posible para ligeros; tarifa no verificada hoy. Ampliar manual con Bidegi/autopistas.com. tax=0 provisional.,4.676,1.785,8.35,Toyota Corolla 140H e-CVT 1.8,4.5,Gasolina 95 E5,2026-10-09
R1609,San Sebastián,Zamora,442.322,4.092778,0.0,official_inventory_reference_B,no_toll_expected_official_network,,tabla_peajes_2026.csv + fuentes.csv (MITMA/BOE/concesionarias),Red de referencia gratuita post-liberalizaciones (AP-1/AP-2/AP-4/AP-7 liberadas); ver tabla_peajes_2026.csv.,19.904,1.785,35.53,Toyota Corolla 140H e-CVT 1.8,4.5,Gasolina 95 E5,2026-10-09
R1610,San Sebastián,Zaragoza,264.348,2.509167,0.0,official_inventory_reference_B,no_toll_expected_official_network,,tabla_peajes_2026.csv + fuentes.csv (MITMA/BOE/concesionarias),Red de referencia gratuita post-liberalizaciones (AP-1/AP-2/AP-4/AP-7 liberadas); ver tabla_peajes_2026.csv.,11.896,1.785,21.23,Toyota Corolla 140H e-CVT 1.8,4.5,Gasolina 95 E5,2026-10-09
R1611,Santander,A Coruña,461.108,4.110278,0.0,official_inventory_reference_B,no_toll_expected_official_network,,tabla_peajes_2026.csv + fuentes.csv (MITMA/BOE/concesionarias),Red de referencia gratuita post-liberalizaciones (AP-1/AP-2/AP-4/AP-7 liberadas); ver tabla_peajes_2026.csv.,20.75,1.785,37.04,Toyota Corolla 140H e-CVT 1.8,4.5,Gasolina 95 E5,2026-10-09
R1612,Santander,Albacete,699.272,6.187778,0.0,official_inventory_reference_B,no_toll_expected_official_network,,tabla_peajes_2026.csv + fuentes.csv (MITMA/BOE/concesionarias),Red de referencia gratuita post-liberalizaciones (AP-1/AP-2/AP-4/AP-7 liberadas); ver tabla_peajes_2026.csv.,31.467,1.785,56.17,Toyota Corolla 140H e-CVT 1.8,4.5,Gasolina 95 E5,2026-10-09
R1613,Santander,Alicante,863.43,7.586944,0.0,official_inventory_reference_B,no_toll_expected_official_network,,tabla_peajes_2026.csv + fuentes.csv (MITMA/BOE/concesionarias),Red de referencia gratuita post-liberalizaciones (AP-1/AP-2/AP-4/AP-7 liberadas); ver tabla_peajes_2026.csv.,38.854,1.785,69.36,Toyota Corolla 140H e-CVT 1.8,4.5,Gasolina 95 E5,2026-10-09
R1614,Santander,Almería,1003.066,9.001944,0.0,official_inventory_reference_B,no_toll_expected_official_network,,tabla_peajes_2026.csv + fuentes.csv (MITMA/BOE/concesionarias),Red de referencia gratuita post-liberalizaciones (AP-1/AP-2/AP-4/AP-7 liberadas); ver tabla_peajes_2026.csv.,45.138,1.785,80.57,Toyota Corolla 140H e-CVT 1.8,4.5,Gasolina 95 E5,2026-10-09
R1615,Santander,Ávila,385.732,3.538611,0.0,official_inventory_reference_B,no_toll_expected_official_network,,tabla_peajes_2026.csv + fuentes.csv (MITMA/BOE/concesionarias),Red de referencia gratuita post-liberalizaciones (AP-1/AP-2/AP-4/AP-7 liberadas); ver tabla_peajes_2026.csv.,17.358,1.785,30.98,Toyota Corolla 140H e-CVT 1.8,4.5,Gasolina 95 E5,2026-10-09
R1616,Santander,Badajoz,658.546,6.027222,0.0,official_inventory_reference_B,no_toll_expected_official_network,,tabla_peajes_2026.csv + fuentes.csv (MITMA/BOE/concesionarias),Red de referencia gratuita post-liberalizaciones (AP-1/AP-2/AP-4/AP-7 liberadas); ver tabla_peajes_2026.csv.,29.635,1.785,52.9,Toyota Corolla 140H e-CVT 1.8,4.5,Gasolina 95 E5,2026-10-09
R1617,Santander,Barcelona,708.895,6.270278,0.0,official_inventory_reference_B,no_toll_expected_official_network,,tabla_peajes_2026.csv + fuentes.csv (MITMA/BOE/concesionarias),Red de referencia gratuita post-liberalizaciones (AP-1/AP-2/AP-4/AP-7 liberadas); ver tabla_peajes_2026.csv.,31.9,1.785,56.94,Toyota Corolla 140H e-CVT 1.8,4.5,Gasolina 95 E5,2026-10-09
R1618,Santander,Bilbao,103.139,1.108889,0.0,official_inventory_reference_B,toll_possible_not_valued,AP-68 / red foral (Bidegi),tabla_peajes_2026.csv + fuentes.csv (MITMA/BOE/concesionarias),Peaje posible para ligeros; tarifa no verificada hoy. Ampliar manual con Bidegi/autopistas.com. tax=0 provisional.,4.641,1.785,8.28,Toyota Corolla 140H e-CVT 1.8,4.5,Gasolina 95 E5,2026-10-09
R1619,Santander,Burgos,182.082,1.923056,0.0,official_inventory_reference_B,no_toll_expected_official_network,,tabla_peajes_2026.csv + fuentes.csv (MITMA/BOE/concesionarias),Red de referencia gratuita post-liberalizaciones (AP-1/AP-2/AP-4/AP-7 liberadas); ver tabla_peajes_2026.csv.,8.194,1.785,14.63,Toyota Corolla 140H e-CVT 1.8,4.5,Gasolina 95 E5,2026-10-09
R1620,Santander,Cáceres,570.931,5.075556,0.0,official_inventory_reference_B,no_toll_expected_official_network,,tabla_peajes_2026.csv + fuentes.csv (MITMA/BOE/concesionarias),Red de referencia gratuita post-liberalizaciones (AP-1/AP-2/AP-4/AP-7 liberadas); ver tabla_peajes_2026.csv.,25.692,1.785,45.86,Toyota Corolla 140H e-CVT 1.8,4.5,Gasolina 95 E5,2026-10-09
R1621,Santander,Cádiz,946.455,8.275833,0.0,official_inventory_reference_B,no_toll_expected_official_network,,tabla_peajes_2026.csv + fuentes.csv (MITMA/BOE/concesionarias),Red de referencia gratuita post-liberalizaciones (AP-1/AP-2/AP-4/AP-7 liberadas); ver tabla_peajes_2026.csv.,42.59,1.785,76.02,Toyota Corolla 140H e-CVT 1.8,4.5,Gasolina 95 E5,2026-10-09
R1622,Santander,Castellón de la Plana,715.668,6.4925,0.0,official_inventory_reference_B,no_toll_expected_official_network,,tabla_peajes_2026.csv + fuentes.csv (MITMA/BOE/concesionarias),Red de referencia gratuita post-liberalizaciones (AP-1/AP-2/AP-4/AP-7 liberadas); ver tabla_peajes_2026.csv.,32.205,1.785,57.49,Toyota Corolla 140H e-CVT 1.8,4.5,Gasolina 95 E5,2026-10-09
R1623,Santander,Ciudad Real,640.694,5.900278,0.0,official_inventory_reference_B,no_toll_expected_official_network,,tabla_peajes_2026.csv + fuentes.csv (MITMA/BOE/concesionarias),Red de referencia gratuita post-liberalizaciones (AP-1/AP-2/AP-4/AP-7 liberadas); ver tabla_peajes_2026.csv.,28.831,1.785,51.46,Toyota Corolla 140H e-CVT 1.8,4.5,Gasolina 95 E5,2026-10-09
R1624,Santander,Córdoba,853.825,7.678611,0.0,official_inventory_reference_B,no_toll_expected_official_network,,tabla_peajes_2026.csv + fuentes.csv (MITMA/BOE/concesionarias),Red de referencia gratuita post-liberalizaciones (AP-1/AP-2/AP-4/AP-7 liberadas); ver tabla_peajes_2026.csv.,38.422,1.785,68.58,Toyota Corolla 140H e-CVT 1.8,4.5,Gasolina 95 E5,2026-10-09
R1625,Santander,Cuenca,610.829,5.504722,0.0,official_inventory_reference_B,no_toll_expected_official_network,,tabla_peajes_2026.csv + fuentes.csv (MITMA/BOE/concesionarias),Red de referencia gratuita post-liberalizaciones (AP-1/AP-2/AP-4/AP-7 liberadas); ver tabla_peajes_2026.csv.,27.487,1.785,49.06,Toyota Corolla 140H e-CVT 1.8,4.5,Gasolina 95 E5,2026-10-09
R1626,Santander,Girona,774.644,6.855278,0.0,official_inventory_reference_B,no_toll_expected_official_network,,tabla_peajes_2026.csv + fuentes.csv (MITMA/BOE/concesionarias),Red de referencia gratuita post-liberalizaciones (AP-1/AP-2/AP-4/AP-7 liberadas); ver tabla_peajes_2026.csv.,34.859,1.785,62.22,Toyota Corolla 140H e-CVT 1.8,4.5,Gasolina 95 E5,2026-10-09
R1627,Santander,Granada,878.222,7.781944,0.0,official_inventory_reference_B,no_toll_expected_official_network,,tabla_peajes_2026.csv + fuentes.csv (MITMA/BOE/concesionarias),Red de referencia gratuita post-liberalizaciones (AP-1/AP-2/AP-4/AP-7 liberadas); ver tabla_peajes_2026.csv.,39.52,1.785,70.54,Toyota Corolla 140H e-CVT 1.8,4.5,Gasolina 95 E5,2026-10-09
R1628,Santander,Guadalajara,478.973,4.338333,0.0,official_inventory_reference_B,no_toll_expected_official_network,,tabla_peajes_2026.csv + fuentes.csv (MITMA/BOE/concesionarias),Red de referencia gratuita post-liberalizaciones (AP-1/AP-2/AP-4/AP-7 liberadas); ver tabla_peajes_2026.csv.,21.554,1.785,38.47,Toyota Corolla 140H e-CVT 1.8,4.5,Gasolina 95 E5,2026-10-09
R1629,Santander,Huelva,911.434,7.896667,0.0,official_inventory_reference_B,no_toll_expected_official_network,,tabla_peajes_2026.csv + fuentes.csv (MITMA/BOE/concesionarias),Red de referencia gratuita post-liberalizaciones (AP-1/AP-2/AP-4/AP-7 liberadas); ver tabla_peajes_2026.csv.,41.015,1.785,73.21,Toyota Corolla 140H e-CVT 1.8,4.5,Gasolina 95 E5,2026-10-09
R1630,Santander,Huesca,416.142,4.206944,0.0,official_inventory_reference_B,no_toll_expected_official_network,,tabla_peajes_2026.csv + fuentes.csv (MITMA/BOE/concesionarias),Red de referencia gratuita post-liberalizaciones (AP-1/AP-2/AP-4/AP-7 liberadas); ver tabla_peajes_2026.csv.,18.726,1.785,33.43,Toyota Corolla 140H e-CVT 1.8,4.5,Gasolina 95 E5,2026-10-09
R1631,Santander,Jaén,790.548,7.028889,0.0,official_inventory_reference_B,no_toll_expected_official_network,,tabla_peajes_2026.csv + fuentes.csv (MITMA/BOE/concesionarias),Red de referencia gratuita post-liberalizaciones (AP-1/AP-2/AP-4/AP-7 liberadas); ver tabla_peajes_2026.csv.,35.575,1.785,63.5,Toyota Corolla 140H e-CVT 1.8,4.5,Gasolina 95 E5,2026-10-09
R1632,Santander,León,264.012,2.398056,0.0,official_inventory_reference_B,no_toll_expected_official_network,,tabla_peajes_2026.csv + fuentes.csv (MITMA/BOE/concesionarias),Red de referencia gratuita post-liberalizaciones (AP-1/AP-2/AP-4/AP-7 liberadas); ver tabla_peajes_2026.csv.,11.881,1.785,21.21,Toyota Corolla 140H e-CVT 1.8,4.5,Gasolina 95 E5,2026-10-09
R1633,Santander,Lleida,547.993,4.845,0.0,official_inventory_reference_B,no_toll_expected_official_network,,tabla_peajes_2026.csv + fuentes.csv (MITMA/BOE/concesionarias),Red de referencia gratuita post-liberalizaciones (AP-1/AP-2/AP-4/AP-7 liberadas); ver tabla_peajes_2026.csv.,24.66,1.785,44.02,Toyota Corolla 140H e-CVT 1.8,4.5,Gasolina 95 E5,2026-10-09
R1634,Santander,Logroño,235.801,2.266111,0.0,official_inventory_reference_B,toll_possible_not_valued,AP-68 / red foral (Bidegi),tabla_peajes_2026.csv + fuentes.csv (MITMA/BOE/concesionarias),Peaje posible para ligeros; tarifa no verificada hoy. Ampliar manual con Bidegi/autopistas.com. tax=0 provisional.,10.611,1.785,18.94,Toyota Corolla 140H e-CVT 1.8,4.5,Gasolina 95 E5,2026-10-09
R1635,Santander,Lugo,417.36,3.770833,0.0,official_inventory_reference_B,no_toll_expected_official_network,,tabla_peajes_2026.csv + fuentes.csv (MITMA/BOE/concesionarias),Red de referencia gratuita post-liberalizaciones (AP-1/AP-2/AP-4/AP-7 liberadas); ver tabla_peajes_2026.csv.,18.781,1.785,33.52,Toyota Corolla 140H e-CVT 1.8,4.5,Gasolina 95 E5,2026-10-09
R1636,Santander,Madrid,454.193,4.1275,0.0,official_inventory_reference_B,no_toll_expected_official_network,,tabla_peajes_2026.csv + fuentes.csv (MITMA/BOE/concesionarias),Red de referencia gratuita post-liberalizaciones (AP-1/AP-2/AP-4/AP-7 liberadas); ver tabla_peajes_2026.csv.,20.439,1.785,36.48,Toyota Corolla 140H e-CVT 1.8,4.5,Gasolina 95 E5,2026-10-09
R1637,Santander,Málaga,987.657,9.523333,0.0,official_inventory_reference_B,no_toll_expected_official_network,,tabla_peajes_2026.csv + fuentes.csv (MITMA/BOE/concesionarias),Red de referencia gratuita post-liberalizaciones (AP-1/AP-2/AP-4/AP-7 liberadas); ver tabla_peajes_2026.csv.,44.445,1.785,79.33,Toyota Corolla 140H e-CVT 1.8,4.5,Gasolina 95 E5,2026-10-09
R1638,Santander,Murcia,841.725,7.440278,0.0,official_inventory_reference_B,no_toll_expected_official_network,,tabla_peajes_2026.csv + fuentes.csv (MITMA/BOE/concesionarias),Red de referencia gratuita post-liberalizaciones (AP-1/AP-2/AP-4/AP-7 liberadas); ver tabla_peajes_2026.csv.,37.878,1.785,67.61,Toyota Corolla 140H e-CVT 1.8,4.5,Gasolina 95 E5,2026-10-09
R1639,Santander,Ourense,544.956,4.892222,0.0,official_inventory_reference_B,no_toll_expected_official_network,,tabla_peajes_2026.csv + fuentes.csv (MITMA/BOE/concesionarias),Red de referencia gratuita post-liberalizaciones (AP-1/AP-2/AP-4/AP-7 liberadas); ver tabla_peajes_2026.csv.,24.523,1.785,43.77,Toyota Corolla 140H e-CVT 1.8,4.5,Gasolina 95 E5,2026-10-09
R1640,Santander,Oviedo,200.678,1.880556,0.0,official_inventory_reference_B,no_toll_expected_official_network,,tabla_peajes_2026.csv + fuentes.csv (MITMA/BOE/concesionarias),Corredor cantábrico/pirenaico sin AP-66 en la referencia.,9.031,1.785,16.12,Toyota Corolla 140H e-CVT 1.8,4.5,Gasolina 95 E5,2026-10-09
R1641,Santander,Palencia,200.945,1.875,0.0,official_inventory_reference_B,no_toll_expected_official_network,,tabla_peajes_2026.csv + fuentes.csv (MITMA/BOE/concesionarias),Red de referencia gratuita post-liberalizaciones (AP-1/AP-2/AP-4/AP-7 liberadas); ver tabla_peajes_2026.csv.,9.043,1.785,16.14,Toyota Corolla 140H e-CVT 1.8,4.5,Gasolina 95 E5,2026-10-09
R1642,Santander,Pamplona,253.475,2.463611,0.0,official_inventory_reference_B,toll_possible_not_valued,AP-68 / red foral (Bidegi),tabla_peajes_2026.csv + fuentes.csv (MITMA/BOE/concesionarias),Peaje posible para ligeros; tarifa no verificada hoy. Ampliar manual con Bidegi/autopistas.com. tax=0 provisional.,11.406,1.785,20.36,Toyota Corolla 140H e-CVT 1.8,4.5,Gasolina 95 E5,2026-10-09
R1643,Santander,Pontevedra,559.141,5.1975,0.0,official_inventory_reference_B,no_toll_expected_official_network,,tabla_peajes_2026.csv + fuentes.csv (MITMA/BOE/concesionarias),Red de referencia gratuita post-liberalizaciones (AP-1/AP-2/AP-4/AP-7 liberadas); ver tabla_peajes_2026.csv.,25.161,1.785,44.91,Toyota Corolla 140H e-CVT 1.8,4.5,Gasolina 95 E5,2026-10-09
R1644,Santander,Salamanca,362.574,3.272222,0.0,official_inventory_reference_B,no_toll_expected_official_network,,tabla_peajes_2026.csv + fuentes.csv (MITMA/BOE/concesionarias),Red de referencia gratuita post-liberalizaciones (AP-1/AP-2/AP-4/AP-7 liberadas); ver tabla_peajes_2026.csv.,16.316,1.785,29.12,Toyota Corolla 140H e-CVT 1.8,4.5,Gasolina 95 E5,2026-10-09
R1645,Santander,San Sebastián,198.903,2.0375,0.0,official_inventory_reference_B,toll_possible_not_valued,AP-68 / red foral (Bidegi),tabla_peajes_2026.csv + fuentes.csv (MITMA/BOE/concesionarias),Peaje posible para ligeros; tarifa no verificada hoy. Ampliar manual con Bidegi/autopistas.com. tax=0 provisional.,8.951,1.785,15.98,Toyota Corolla 140H e-CVT 1.8,4.5,Gasolina 95 E5,2026-10-09
R1646,Santander,Segovia,360.272,3.283611,0.0,official_inventory_reference_B,no_toll_expected_official_network,,tabla_peajes_2026.csv + fuentes.csv (MITMA/BOE/concesionarias),Red de referencia gratuita post-liberalizaciones (AP-1/AP-2/AP-4/AP-7 liberadas); ver tabla_peajes_2026.csv.,16.212,1.785,28.94,Toyota Corolla 140H e-CVT 1.8,4.5,Gasolina 95 E5,2026-10-09
R1647,Santander,Sevilla,827.242,7.186389,0.0,official_inventory_reference_B,no_toll_expected_official_network,,tabla_peajes_2026.csv + fuentes.csv (MITMA/BOE/concesionarias),Red de referencia gratuita post-liberalizaciones (AP-1/AP-2/AP-4/AP-7 liberadas); ver tabla_peajes_2026.csv.,37.226,1.785,66.45,Toyota Corolla 140H e-CVT 1.8,4.5,Gasolina 95 E5,2026-10-09
R1648,Santander,Soria,319.759,3.251944,0.0,official_inventory_reference_B,no_toll_expected_official_network,,tabla_peajes_2026.csv + fuentes.csv (MITMA/BOE/concesionarias),Red de referencia gratuita post-liberalizaciones (AP-1/AP-2/AP-4/AP-7 liberadas); ver tabla_peajes_2026.csv.,14.389,1.785,25.68,Toyota Corolla 140H e-CVT 1.8,4.5,Gasolina 95 E5,2026-10-09
R1649,Santander,Tarragona,630.716,5.643333,0.0,official_inventory_reference_B,no_toll_expected_official_network,,tabla_peajes_2026.csv + fuentes.csv (MITMA/BOE/concesionarias),Red de referencia gratuita post-liberalizaciones (AP-1/AP-2/AP-4/AP-7 liberadas); ver tabla_peajes_2026.csv.,28.382,1.785,50.66,Toyota Corolla 140H e-CVT 1.8,4.5,Gasolina 95 E5,2026-10-09
R1650,Santander,Teruel,571.978,5.093056,0.0,official_inventory_reference_B,no_toll_expected_official_network,,tabla_peajes_2026.csv + fuentes.csv (MITMA/BOE/concesionarias),Red de referencia gratuita post-liberalizaciones (AP-1/AP-2/AP-4/AP-7 liberadas); ver tabla_peajes_2026.csv.,25.739,1.785,45.94,Toyota Corolla 140H e-CVT 1.8,4.5,Gasolina 95 E5,2026-10-09
R1651,Santander,Toledo,538.55,4.815833,0.0,official_inventory_reference_B,no_toll_expected_official_network,,tabla_peajes_2026.csv + fuentes.csv (MITMA/BOE/concesionarias),Red de referencia gratuita post-liberalizaciones (AP-1/AP-2/AP-4/AP-7 liberadas); ver tabla_peajes_2026.csv.,24.235,1.785,43.26,Toyota Corolla 140H e-CVT 1.8,4.5,Gasolina 95 E5,2026-10-09
R1652,Santander,Valencia,709.908,6.339444,0.0,official_inventory_reference_B,no_toll_expected_official_network,,tabla_peajes_2026.csv + fuentes.csv (MITMA/BOE/concesionarias),Red de referencia gratuita post-liberalizaciones (AP-1/AP-2/AP-4/AP-7 liberadas); ver tabla_peajes_2026.csv.,31.946,1.785,57.02,Toyota Corolla 140H e-CVT 1.8,4.5,Gasolina 95 E5,2026-10-09
R1653,Santander,Valladolid,247.366,2.294444,0.0,official_inventory_reference_B,no_toll_expected_official_network,,tabla_peajes_2026.csv + fuentes.csv (MITMA/BOE/concesionarias),Red de referencia gratuita post-liberalizaciones (AP-1/AP-2/AP-4/AP-7 liberadas); ver tabla_peajes_2026.csv.,11.131,1.785,19.87,Toyota Corolla 140H e-CVT 1.8,4.5,Gasolina 95 E5,2026-10-09
R1654,Santander,Vitoria-Gasteiz,162.564,1.6675,0.0,official_inventory_reference_B,toll_possible_not_valued,AP-68 / red foral (Bidegi),tabla_peajes_2026.csv + fuentes.csv (MITMA/BOE/concesionarias),Peaje posible para ligeros; tarifa no verificada hoy. Ampliar manual con Bidegi/autopistas.com. tax=0 provisional.,7.315,1.785,13.06,Toyota Corolla 140H e-CVT 1.8,4.5,Gasolina 95 E5,2026-10-09
R1655,Santander,Zamora,353.584,3.315,0.0,official_inventory_reference_B,no_toll_expected_official_network,,tabla_peajes_2026.csv + fuentes.csv (MITMA/BOE/concesionarias),Red de referencia gratuita post-liberalizaciones (AP-1/AP-2/AP-4/AP-7 liberadas); ver tabla_peajes_2026.csv.,15.911,1.785,28.4,Toyota Corolla 140H e-CVT 1.8,4.5,Gasolina 95 E5,2026-10-09
R1656,Santander,Zaragoza,402.39,3.663611,0.0,official_inventory_reference_B,no_toll_expected_official_network,,tabla_peajes_2026.csv + fuentes.csv (MITMA/BOE/concesionarias),Red de referencia gratuita post-liberalizaciones (AP-1/AP-2/AP-4/AP-7 liberadas); ver tabla_peajes_2026.csv.,18.108,1.785,32.32,Toyota Corolla 140H e-CVT 1.8,4.5,Gasolina 95 E5,2026-10-09
R1657,Segovia,A Coruña,770.024,6.802222,0.0,official_inventory_reference_B,no_toll_expected_official_network,,tabla_peajes_2026.csv + fuentes.csv (MITMA/BOE/concesionarias),Red de referencia gratuita post-liberalizaciones (AP-1/AP-2/AP-4/AP-7 liberadas); ver tabla_peajes_2026.csv.,34.651,1.785,61.85,Toyota Corolla 140H e-CVT 1.8,4.5,Gasolina 95 E5,2026-10-09
R1658,Segovia,Albacete,365.196,3.285833,0.0,official_inventory_reference_B,no_toll_expected_official_network,,tabla_peajes_2026.csv + fuentes.csv (MITMA/BOE/concesionarias),Red de referencia gratuita post-liberalizaciones (AP-1/AP-2/AP-4/AP-7 liberadas); ver tabla_peajes_2026.csv.,16.434,1.785,29.33,Toyota Corolla 140H e-CVT 1.8,4.5,Gasolina 95 E5,2026-10-09
R1659,Segovia,Alicante,529.351,4.684167,0.0,official_inventory_reference_B,no_toll_expected_official_network,,tabla_peajes_2026.csv + fuentes.csv (MITMA/BOE/concesionarias),Red de referencia gratuita post-liberalizaciones (AP-1/AP-2/AP-4/AP-7 liberadas); ver tabla_peajes_2026.csv.,23.821,1.785,42.52,Toyota Corolla 140H e-CVT 1.8,4.5,Gasolina 95 E5,2026-10-09
R1660,Segovia,Almería,635.814,5.850833,0.0,official_inventory_reference_B,no_toll_expected_official_network,,tabla_peajes_2026.csv + fuentes.csv (MITMA/BOE/concesionarias),Red de referencia gratuita post-liberalizaciones (AP-1/AP-2/AP-4/AP-7 liberadas); ver tabla_peajes_2026.csv.,28.612,1.785,51.07,Toyota Corolla 140H e-CVT 1.8,4.5,Gasolina 95 E5,2026-10-09
R1661,Segovia,Ávila,73.494,0.883056,0.0,official_inventory_reference_B,no_toll_expected_official_network,,tabla_peajes_2026.csv + fuentes.csv (MITMA/BOE/concesionarias),Red de referencia gratuita post-liberalizaciones (AP-1/AP-2/AP-4/AP-7 liberadas); ver tabla_peajes_2026.csv.,3.307,1.785,5.9,Toyota Corolla 140H e-CVT 1.8,4.5,Gasolina 95 E5,2026-10-09
R1662,Segovia,Badajoz,474.47,4.193333,0.0,official_inventory_reference_B,no_toll_expected_official_network,,tabla_peajes_2026.csv + fuentes.csv (MITMA/BOE/concesionarias),Red de referencia gratuita post-liberalizaciones (AP-1/AP-2/AP-4/AP-7 liberadas); ver tabla_peajes_2026.csv.,21.351,1.785,38.11,Toyota Corolla 140H e-CVT 1.8,4.5,Gasolina 95 E5,2026-10-09
R1663,Segovia,Barcelona,650.008,6.489167,0.0,official_inventory_reference_B,no_toll_expected_official_network,,tabla_peajes_2026.csv + fuentes.csv (MITMA/BOE/concesionarias),Red de referencia gratuita post-liberalizaciones (AP-1/AP-2/AP-4/AP-7 liberadas); ver tabla_peajes_2026.csv.,29.25,1.785,52.21,Toyota Corolla 140H e-CVT 1.8,4.5,Gasolina 95 E5,2026-10-09
R1664,Segovia,Bilbao,352.944,3.345833,0.0,official_inventory_reference_B,no_toll_expected_official_network,,tabla_peajes_2026.csv + fuentes.csv (MITMA/BOE/concesionarias),Red de referencia gratuita post-liberalizaciones (AP-1/AP-2/AP-4/AP-7 liberadas); ver tabla_peajes_2026.csv.,15.882,1.785,28.35,Toyota Corolla 140H e-CVT 1.8,4.5,Gasolina 95 E5,2026-10-09
R1665,Segovia,Burgos,198.817,1.9775,0.0,official_inventory_reference_B,no_toll_expected_official_network,,tabla_peajes_2026.csv + fuentes.csv (MITMA/BOE/concesionarias),Red de referencia gratuita post-liberalizaciones (AP-1/AP-2/AP-4/AP-7 liberadas); ver tabla_peajes_2026.csv.,8.947,1.785,15.97,Toyota Corolla 140H e-CVT 1.8,4.5,Gasolina 95 E5,2026-10-09
R1666,Segovia,Cáceres,351.066,3.488611,0.0,official_inventory_reference_B,no_toll_expected_official_network,,tabla_peajes_2026.csv + fuentes.csv (MITMA/BOE/concesionarias),Red de referencia gratuita post-liberalizaciones (AP-1/AP-2/AP-4/AP-7 liberadas); ver tabla_peajes_2026.csv.,15.798,1.785,28.2,Toyota Corolla 140H e-CVT 1.8,4.5,Gasolina 95 E5,2026-10-09
R1667,Segovia,Cádiz,723.327,6.378056,0.0,official_inventory_reference_B,no_toll_expected_official_network,,tabla_peajes_2026.csv + fuentes.csv (MITMA/BOE/concesionarias),Red de referencia gratuita post-liberalizaciones (AP-1/AP-2/AP-4/AP-7 liberadas); ver tabla_peajes_2026.csv.,32.55,1.785,58.1,Toyota Corolla 140H e-CVT 1.8,4.5,Gasolina 95 E5,2026-10-09
R1668,Segovia,Castellón de la Plana,538.111,4.827222,0.0,official_inventory_reference_B,no_toll_expected_official_network,,tabla_peajes_2026.csv + fuentes.csv (MITMA/BOE/concesionarias),Red de referencia gratuita post-liberalizaciones (AP-1/AP-2/AP-4/AP-7 liberadas); ver tabla_peajes_2026.csv.,24.215,1.785,43.22,Toyota Corolla 140H e-CVT 1.8,4.5,Gasolina 95 E5,2026-10-09
R1669,Segovia,Ciudad Real,277.648,2.783056,0.0,official_inventory_reference_B,no_toll_expected_official_network,,tabla_peajes_2026.csv + fuentes.csv (MITMA/BOE/concesionarias),Red de referencia gratuita post-liberalizaciones (AP-1/AP-2/AP-4/AP-7 liberadas); ver tabla_peajes_2026.csv.,12.494,1.785,22.3,Toyota Corolla 140H e-CVT 1.8,4.5,Gasolina 95 E5,2026-10-09
R1670,Segovia,Córdoba,486.573,4.527222,0.0,official_inventory_reference_B,no_toll_expected_official_network,,tabla_peajes_2026.csv + fuentes.csv (MITMA/BOE/concesionarias),Red de referencia gratuita post-liberalizaciones (AP-1/AP-2/AP-4/AP-7 liberadas); ver tabla_peajes_2026.csv.,21.896,1.785,39.08,Toyota Corolla 140H e-CVT 1.8,4.5,Gasolina 95 E5,2026-10-09
R1671,Segovia,Cuenca,262.967,2.576389,0.0,official_inventory_reference_B,no_toll_expected_official_network,,tabla_peajes_2026.csv + fuentes.csv (MITMA/BOE/concesionarias),Red de referencia gratuita post-liberalizaciones (AP-1/AP-2/AP-4/AP-7 liberadas); ver tabla_peajes_2026.csv.,11.834,1.785,21.12,Toyota Corolla 140H e-CVT 1.8,4.5,Gasolina 95 E5,2026-10-09
R1672,Segovia,Girona,715.757,7.074167,0.0,official_inventory_reference_B,no_toll_expected_official_network,,tabla_peajes_2026.csv + fuentes.csv (MITMA/BOE/concesionarias),Red de referencia gratuita post-liberalizaciones (AP-1/AP-2/AP-4/AP-7 liberadas); ver tabla_peajes_2026.csv.,32.209,1.785,57.49,Toyota Corolla 140H e-CVT 1.8,4.5,Gasolina 95 E5,2026-10-09
R1673,Segovia,Granada,510.97,4.630556,0.0,official_inventory_reference_B,no_toll_expected_official_network,,tabla_peajes_2026.csv + fuentes.csv (MITMA/BOE/concesionarias),Red de referencia gratuita post-liberalizaciones (AP-1/AP-2/AP-4/AP-7 liberadas); ver tabla_peajes_2026.csv.,22.994,1.785,41.04,Toyota Corolla 140H e-CVT 1.8,4.5,Gasolina 95 E5,2026-10-09
R1674,Segovia,Guadalajara,153.21,1.61,0.0,official_inventory_reference_B,no_toll_expected_official_network,,tabla_peajes_2026.csv + fuentes.csv (MITMA/BOE/concesionarias),Red de referencia gratuita post-liberalizaciones (AP-1/AP-2/AP-4/AP-7 liberadas); ver tabla_peajes_2026.csv.,6.894,1.785,12.31,Toyota Corolla 140H e-CVT 1.8,4.5,Gasolina 95 E5,2026-10-09
R1675,Segovia,Huelva,688.306,5.998889,0.0,official_inventory_reference_B,no_toll_expected_official_network,,tabla_peajes_2026.csv + fuentes.csv (MITMA/BOE/concesionarias),Red de referencia gratuita post-liberalizaciones (AP-1/AP-2/AP-4/AP-7 liberadas); ver tabla_peajes_2026.csv.,30.974,1.785,55.29,Toyota Corolla 140H e-CVT 1.8,4.5,Gasolina 95 E5,2026-10-09
R1676,Segovia,Huesca,416.738,4.49,0.0,official_inventory_reference_B,no_toll_expected_official_network,,tabla_peajes_2026.csv + fuentes.csv (MITMA/BOE/concesionarias),Red de referencia gratuita post-liberalizaciones (AP-1/AP-2/AP-4/AP-7 liberadas); ver tabla_peajes_2026.csv.,18.753,1.785,33.47,Toyota Corolla 140H e-CVT 1.8,4.5,Gasolina 95 E5,2026-10-09
R1677,Segovia,Jaén,423.296,3.8775,0.0,official_inventory_reference_B,no_toll_expected_official_network,,tabla_peajes_2026.csv + fuentes.csv (MITMA/BOE/concesionarias),Red de referencia gratuita post-liberalizaciones (AP-1/AP-2/AP-4/AP-7 liberadas); ver tabla_peajes_2026.csv.,19.048,1.785,34.0,Toyota Corolla 140H e-CVT 1.8,4.5,Gasolina 95 E5,2026-10-09
R1678,Segovia,León,284.718,2.733333,0.0,official_inventory_reference_B,no_toll_expected_official_network,,tabla_peajes_2026.csv + fuentes.csv (MITMA/BOE/concesionarias),Red de referencia gratuita post-liberalizaciones (AP-1/AP-2/AP-4/AP-7 liberadas); ver tabla_peajes_2026.csv.,12.812,1.785,22.87,Toyota Corolla 140H e-CVT 1.8,4.5,Gasolina 95 E5,2026-10-09
R1679,Segovia,Lleida,489.105,5.063889,0.0,official_inventory_reference_B,no_toll_expected_official_network,,tabla_peajes_2026.csv + fuentes.csv (MITMA/BOE/concesionarias),Red de referencia gratuita post-liberalizaciones (AP-1/AP-2/AP-4/AP-7 liberadas); ver tabla_peajes_2026.csv.,22.01,1.785,39.29,Toyota Corolla 140H e-CVT 1.8,4.5,Gasolina 95 E5,2026-10-09
R1680,Segovia,Logroño,314.879,3.2125,0.0,official_inventory_reference_B,no_toll_expected_official_network,,tabla_peajes_2026.csv + fuentes.csv (MITMA/BOE/concesionarias),Red de referencia gratuita post-liberalizaciones (AP-1/AP-2/AP-4/AP-7 liberadas); ver tabla_peajes_2026.csv.,14.17,1.785,25.29,Toyota Corolla 140H e-CVT 1.8,4.5,Gasolina 95 E5,2026-10-09
R1681,Segovia,Lugo,459.326,3.994722,0.0,official_inventory_reference_B,no_toll_expected_official_network,,tabla_peajes_2026.csv + fuentes.csv (MITMA/BOE/concesionarias),Red de referencia gratuita post-liberalizaciones (AP-1/AP-2/AP-4/AP-7 liberadas); ver tabla_peajes_2026.csv.,20.67,1.785,36.9,Toyota Corolla 140H e-CVT 1.8,4.5,Gasolina 95 E5,2026-10-09
R1682,Segovia,Madrid,95.034,1.0625,7.6,official_inventory_reference_B,valued_official_2026,AP-6/AP-61 Madrid-Segovia,tabla_peajes_2026.csv + fuentes.csv (MITMA/BOE/concesionarias),Tarifa valle ligeros 2026; punta 10.45 (ver tabla).,4.277,1.785,7.63,Toyota Corolla 140H e-CVT 1.8,4.5,Gasolina 95 E5,2026-10-09
R1683,Segovia,Málaga,620.405,6.371944,0.0,official_inventory_reference_B,no_toll_expected_official_network,,tabla_peajes_2026.csv + fuentes.csv (MITMA/BOE/concesionarias),Red de referencia gratuita post-liberalizaciones (AP-1/AP-2/AP-4/AP-7 liberadas); ver tabla_peajes_2026.csv.,27.918,1.785,49.83,Toyota Corolla 140H e-CVT 1.8,4.5,Gasolina 95 E5,2026-10-09
R1684,Segovia,Murcia,507.646,4.5375,0.0,official_inventory_reference_B,no_toll_expected_official_network,,tabla_peajes_2026.csv + fuentes.csv (MITMA/BOE/concesionarias),Red de referencia gratuita post-liberalizaciones (AP-1/AP-2/AP-4/AP-7 liberadas); ver tabla_peajes_2026.csv.,22.844,1.785,40.78,Toyota Corolla 140H e-CVT 1.8,4.5,Gasolina 95 E5,2026-10-09
R1685,Segovia,Ourense,459.736,4.170556,0.0,official_inventory_reference_B,no_toll_expected_official_network,,tabla_peajes_2026.csv + fuentes.csv (MITMA/BOE/concesionarias),Red de referencia gratuita post-liberalizaciones (AP-1/AP-2/AP-4/AP-7 liberadas); ver tabla_peajes_2026.csv.,20.688,1.785,36.93,Toyota Corolla 140H e-CVT 1.8,4.5,Gasolina 95 E5,2026-10-09
R1686,Segovia,Oviedo,405.716,3.663056,16.2,official_inventory_reference_B,valued_official_2026,AP-66 Campomanes-León,tabla_peajes_2026.csv + fuentes.csv (MITMA/BOE/concesionarias),Paso del Huerna hacia la Meseta/sur; sin alternativa rápida equivalente.,18.257,1.785,32.59,Toyota Corolla 140H e-CVT 1.8,4.5,Gasolina 95 E5,2026-10-09
R1687,Segovia,Palencia,161.974,1.558333,0.0,official_inventory_reference_B,no_toll_expected_official_network,,tabla_peajes_2026.csv + fuentes.csv (MITMA/BOE/concesionarias),Red de referencia gratuita post-liberalizaciones (AP-1/AP-2/AP-4/AP-7 liberadas); ver tabla_peajes_2026.csv.,7.289,1.785,13.01,Toyota Corolla 140H e-CVT 1.8,4.5,Gasolina 95 E5,2026-10-09
R1688,Segovia,Pamplona,404.143,3.793333,0.0,official_inventory_reference_B,no_toll_expected_official_network,,tabla_peajes_2026.csv + fuentes.csv (MITMA/BOE/concesionarias),Red de referencia gratuita post-liberalizaciones (AP-1/AP-2/AP-4/AP-7 liberadas); ver tabla_peajes_2026.csv.,18.186,1.785,32.46,Toyota Corolla 140H e-CVT 1.8,4.5,Gasolina 95 E5,2026-10-09
R1689,Segovia,Pontevedra,547.02,5.254444,0.0,official_inventory_reference_B,no_toll_expected_official_network,,tabla_peajes_2026.csv + fuentes.csv (MITMA/BOE/concesionarias),Red de referencia gratuita post-liberalizaciones (AP-1/AP-2/AP-4/AP-7 liberadas); ver tabla_peajes_2026.csv.,24.616,1.785,43.94,Toyota Corolla 140H e-CVT 1.8,4.5,Gasolina 95 E5,2026-10-09
R1690,Segovia,Salamanca,151.929,1.709722,0.0,official_inventory_reference_B,no_toll_expected_official_network,,tabla_peajes_2026.csv + fuentes.csv (MITMA/BOE/concesionarias),Red de referencia gratuita post-liberalizaciones (AP-1/AP-2/AP-4/AP-7 liberadas); ver tabla_peajes_2026.csv.,6.837,1.785,12.2,Toyota Corolla 140H e-CVT 1.8,4.5,Gasolina 95 E5,2026-10-09
R1691,Segovia,San Sebastián,408.088,3.862778,0.0,official_inventory_reference_B,no_toll_expected_official_network,,tabla_peajes_2026.csv + fuentes.csv (MITMA/BOE/concesionarias),Red de referencia gratuita post-liberalizaciones (AP-1/AP-2/AP-4/AP-7 liberadas); ver tabla_peajes_2026.csv.,18.364,1.785,32.78,Toyota Corolla 140H e-CVT 1.8,4.5,Gasolina 95 E5,2026-10-09
R1692,Segovia,Santander,359.507,3.26,0.0,official_inventory_reference_B,no_toll_expected_official_network,,tabla_peajes_2026.csv + fuentes.csv (MITMA/BOE/concesionarias),Red de referencia gratuita post-liberalizaciones (AP-1/AP-2/AP-4/AP-7 liberadas); ver tabla_peajes_2026.csv.,16.178,1.785,28.88,Toyota Corolla 140H e-CVT 1.8,4.5,Gasolina 95 E5,2026-10-09
R1693,Segovia,Sevilla,604.114,5.288611,0.0,official_inventory_reference_B,no_toll_expected_official_network,,tabla_peajes_2026.csv + fuentes.csv (MITMA/BOE/concesionarias),Red de referencia gratuita post-liberalizaciones (AP-1/AP-2/AP-4/AP-7 liberadas); ver tabla_peajes_2026.csv.,27.185,1.785,48.53,Toyota Corolla 140H e-CVT 1.8,4.5,Gasolina 95 E5,2026-10-09
R1694,Segovia,Soria,189.895,2.184167,0.0,official_inventory_reference_B,no_toll_expected_official_network,,tabla_peajes_2026.csv + fuentes.csv (MITMA/BOE/concesionarias),Red de referencia gratuita post-liberalizaciones (AP-1/AP-2/AP-4/AP-7 liberadas); ver tabla_peajes_2026.csv.,8.545,1.785,15.25,Toyota Corolla 140H e-CVT 1.8,4.5,Gasolina 95 E5,2026-10-09
R1695,Segovia,Tarragona,571.829,5.862222,0.0,official_inventory_reference_B,no_toll_expected_official_network,,tabla_peajes_2026.csv + fuentes.csv (MITMA/BOE/concesionarias),Red de referencia gratuita post-liberalizaciones (AP-1/AP-2/AP-4/AP-7 liberadas); ver tabla_peajes_2026.csv.,25.732,1.785,45.93,Toyota Corolla 140H e-CVT 1.8,4.5,Gasolina 95 E5,2026-10-09
R1696,Segovia,Teruel,397.405,4.063611,0.0,official_inventory_reference_B,no_toll_expected_official_network,,tabla_peajes_2026.csv + fuentes.csv (MITMA/BOE/concesionarias),Red de referencia gratuita post-liberalizaciones (AP-1/AP-2/AP-4/AP-7 liberadas); ver tabla_peajes_2026.csv.,17.883,1.785,31.92,Toyota Corolla 140H e-CVT 1.8,4.5,Gasolina 95 E5,2026-10-09
R1697,Segovia,Toledo,161.215,1.573889,0.0,official_inventory_reference_B,no_toll_expected_official_network,,tabla_peajes_2026.csv + fuentes.csv (MITMA/BOE/concesionarias),Red de referencia gratuita post-liberalizaciones (AP-1/AP-2/AP-4/AP-7 liberadas); ver tabla_peajes_2026.csv.,7.255,1.785,12.95,Toyota Corolla 140H e-CVT 1.8,4.5,Gasolina 95 E5,2026-10-09
R1698,Segovia,Valencia,464.995,4.183056,0.0,official_inventory_reference_B,no_toll_expected_official_network,,tabla_peajes_2026.csv + fuentes.csv (MITMA/BOE/concesionarias),Red de referencia gratuita post-liberalizaciones (AP-1/AP-2/AP-4/AP-7 liberadas); ver tabla_peajes_2026.csv.,20.925,1.785,37.35,Toyota Corolla 140H e-CVT 1.8,4.5,Gasolina 95 E5,2026-10-09
R1699,Segovia,Valladolid,116.813,1.167778,0.0,official_inventory_reference_B,no_toll_expected_official_network,,tabla_peajes_2026.csv + fuentes.csv (MITMA/BOE/concesionarias),Red de referencia gratuita post-liberalizaciones (AP-1/AP-2/AP-4/AP-7 liberadas); ver tabla_peajes_2026.csv.,5.257,1.785,9.38,Toyota Corolla 140H e-CVT 1.8,4.5,Gasolina 95 E5,2026-10-09
R1700,Segovia,Vitoria-Gasteiz,308.115,2.971111,0.0,official_inventory_reference_B,no_toll_expected_official_network,,tabla_peajes_2026.csv + fuentes.csv (MITMA/BOE/concesionarias),Red de referencia gratuita post-liberalizaciones (AP-1/AP-2/AP-4/AP-7 liberadas); ver tabla_peajes_2026.csv.,13.865,1.785,24.75,Toyota Corolla 140H e-CVT 1.8,4.5,Gasolina 95 E5,2026-10-09
R1701,Segovia,Zamora,219.81,2.1825,0.0,official_inventory_reference_B,no_toll_expected_official_network,,tabla_peajes_2026.csv + fuentes.csv (MITMA/BOE/concesionarias),Red de referencia gratuita post-liberalizaciones (AP-1/AP-2/AP-4/AP-7 liberadas); ver tabla_peajes_2026.csv.,9.891,1.785,17.66,Toyota Corolla 140H e-CVT 1.8,4.5,Gasolina 95 E5,2026-10-09
R1702,Segovia,Zaragoza,343.511,3.882778,0.0,official_inventory_reference_B,no_toll_expected_official_network,,tabla_peajes_2026.csv + fuentes.csv (MITMA/BOE/concesionarias),Red de referencia gratuita post-liberalizaciones (AP-1/AP-2/AP-4/AP-7 liberadas); ver tabla_peajes_2026.csv.,15.458,1.785,27.59,Toyota Corolla 140H e-CVT 1.8,4.5,Gasolina 95 E5,2026-10-09
R1703,Sevilla,A Coruña,927.458,7.921944,0.0,official_inventory_reference_B,no_toll_expected_official_network,,tabla_peajes_2026.csv + fuentes.csv (MITMA/BOE/concesionarias),Red de referencia gratuita post-liberalizaciones (AP-1/AP-2/AP-4/AP-7 liberadas); ver tabla_peajes_2026.csv.,41.736,1.785,74.5,Toyota Corolla 140H e-CVT 1.8,4.5,Gasolina 95 E5,2026-10-09
R1704,Sevilla,Albacete,488.283,4.880556,0.0,official_inventory_reference_B,no_toll_expected_official_network,,tabla_peajes_2026.csv + fuentes.csv (MITMA/BOE/concesionarias),Red de referencia gratuita post-liberalizaciones (AP-1/AP-2/AP-4/AP-7 liberadas); ver tabla_peajes_2026.csv.,21.973,1.785,39.22,Toyota Corolla 140H e-CVT 1.8,4.5,Gasolina 95 E5,2026-10-09
R1705,Sevilla,Alicante,605.995,5.6275,0.0,official_inventory_reference_B,no_toll_expected_official_network,,tabla_peajes_2026.csv + fuentes.csv (MITMA/BOE/concesionarias),Red de referencia gratuita post-liberalizaciones (AP-1/AP-2/AP-4/AP-7 liberadas); ver tabla_peajes_2026.csv.,27.27,1.785,48.68,Toyota Corolla 140H e-CVT 1.8,4.5,Gasolina 95 E5,2026-10-09
R1706,Sevilla,Almería,416.33,3.863889,0.0,official_inventory_reference_B,no_toll_expected_official_network,,tabla_peajes_2026.csv + fuentes.csv (MITMA/BOE/concesionarias),Red de referencia gratuita post-liberalizaciones (AP-1/AP-2/AP-4/AP-7 liberadas); ver tabla_peajes_2026.csv.,18.735,1.785,33.44,Toyota Corolla 140H e-CVT 1.8,4.5,Gasolina 95 E5,2026-10-09
R1707,Sevilla,Ávila,513.685,4.809722,0.0,official_inventory_reference_B,no_toll_expected_official_network,,tabla_peajes_2026.csv + fuentes.csv (MITMA/BOE/concesionarias),Red de referencia gratuita post-liberalizaciones (AP-1/AP-2/AP-4/AP-7 liberadas); ver tabla_peajes_2026.csv.,23.116,1.785,41.26,Toyota Corolla 140H e-CVT 1.8,4.5,Gasolina 95 E5,2026-10-09
R1708,Sevilla,Badajoz,207.432,2.120833,0.0,official_inventory_reference_B,no_toll_expected_official_network,,tabla_peajes_2026.csv + fuentes.csv (MITMA/BOE/concesionarias),Red de referencia gratuita post-liberalizaciones (AP-1/AP-2/AP-4/AP-7 liberadas); ver tabla_peajes_2026.csv.,9.334,1.785,16.66,Toyota Corolla 140H e-CVT 1.8,4.5,Gasolina 95 E5,2026-10-09
R1709,Sevilla,Barcelona,1044.463,9.301944,0.0,official_inventory_reference_B,no_toll_expected_official_network,,tabla_peajes_2026.csv + fuentes.csv (MITMA/BOE/concesionarias),Red de referencia gratuita post-liberalizaciones (AP-1/AP-2/AP-4/AP-7 liberadas); ver tabla_peajes_2026.csv.,47.001,1.785,83.9,Toyota Corolla 140H e-CVT 1.8,4.5,Gasolina 95 E5,2026-10-09
R1710,Sevilla,Bilbao,859.799,7.425556,0.0,official_inventory_reference_B,no_toll_expected_official_network,,tabla_peajes_2026.csv + fuentes.csv (MITMA/BOE/concesionarias),Red de referencia gratuita post-liberalizaciones (AP-1/AP-2/AP-4/AP-7 liberadas); ver tabla_peajes_2026.csv.,38.691,1.785,69.06,Toyota Corolla 140H e-CVT 1.8,4.5,Gasolina 95 E5,2026-10-09
R1711,Sevilla,Burgos,705.882,6.064722,0.0,official_inventory_reference_B,no_toll_expected_official_network,,tabla_peajes_2026.csv + fuentes.csv (MITMA/BOE/concesionarias),Red de referencia gratuita post-liberalizaciones (AP-1/AP-2/AP-4/AP-7 liberadas); ver tabla_peajes_2026.csv.,31.765,1.785,56.7,Toyota Corolla 140H e-CVT 1.8,4.5,Gasolina 95 E5,2026-10-09
R1712,Sevilla,Cáceres,257.556,2.362778,0.0,official_inventory_reference_B,no_toll_expected_official_network,,tabla_peajes_2026.csv + fuentes.csv (MITMA/BOE/concesionarias),Red de referencia gratuita post-liberalizaciones (AP-1/AP-2/AP-4/AP-7 liberadas); ver tabla_peajes_2026.csv.,11.59,1.785,20.69,Toyota Corolla 140H e-CVT 1.8,4.5,Gasolina 95 E5,2026-10-09
R1713,Sevilla,Cádiz,123.536,1.243889,0.0,official_inventory_reference_B,no_toll_expected_official_network,,tabla_peajes_2026.csv + fuentes.csv (MITMA/BOE/concesionarias),Red de referencia gratuita post-liberalizaciones (AP-1/AP-2/AP-4/AP-7 liberadas); ver tabla_peajes_2026.csv.,5.559,1.785,9.92,Toyota Corolla 140H e-CVT 1.8,4.5,Gasolina 95 E5,2026-10-09
R1714,Sevilla,Castellón de la Plana,955.8,8.289444,0.0,official_inventory_reference_B,no_toll_expected_official_network,,tabla_peajes_2026.csv + fuentes.csv (MITMA/BOE/concesionarias),Red de referencia gratuita post-liberalizaciones (AP-1/AP-2/AP-4/AP-7 liberadas); ver tabla_peajes_2026.csv.,43.011,1.785,76.77,Toyota Corolla 140H e-CVT 1.8,4.5,Gasolina 95 E5,2026-10-09
R1715,Sevilla,Ciudad Real,410.866,3.833611,0.0,official_inventory_reference_B,no_toll_expected_official_network,,tabla_peajes_2026.csv + fuentes.csv (MITMA/BOE/concesionarias),Red de referencia gratuita post-liberalizaciones (AP-1/AP-2/AP-4/AP-7 liberadas); ver tabla_peajes_2026.csv.,18.489,1.785,33.0,Toyota Corolla 140H e-CVT 1.8,4.5,Gasolina 95 E5,2026-10-09
R1716,Sevilla,Córdoba,145.547,1.508611,0.0,official_inventory_reference_B,no_toll_expected_official_network,,tabla_peajes_2026.csv + fuentes.csv (MITMA/BOE/concesionarias),Red de referencia gratuita post-liberalizaciones (AP-1/AP-2/AP-4/AP-7 liberadas); ver tabla_peajes_2026.csv.,6.55,1.785,11.69,Toyota Corolla 140H e-CVT 1.8,4.5,Gasolina 95 E5,2026-10-09
R1717,Sevilla,Cuenca,693.881,6.062778,0.0,official_inventory_reference_B,no_toll_expected_official_network,,tabla_peajes_2026.csv + fuentes.csv (MITMA/BOE/concesionarias),Red de referencia gratuita post-liberalizaciones (AP-1/AP-2/AP-4/AP-7 liberadas); ver tabla_peajes_2026.csv.,31.225,1.785,55.74,Toyota Corolla 140H e-CVT 1.8,4.5,Gasolina 95 E5,2026-10-09
R1718,Sevilla,Girona,1136.996,10.019722,0.0,official_inventory_reference_B,no_toll_expected_official_network,,tabla_peajes_2026.csv + fuentes.csv (MITMA/BOE/concesionarias),Red de referencia gratuita post-liberalizaciones (AP-1/AP-2/AP-4/AP-7 liberadas); ver tabla_peajes_2026.csv.,51.165,1.785,91.33,Toyota Corolla 140H e-CVT 1.8,4.5,Gasolina 95 E5,2026-10-09
R1719,Sevilla,Granada,259.746,2.585556,0.0,official_inventory_reference_B,no_toll_expected_official_network,,tabla_peajes_2026.csv + fuentes.csv (MITMA/BOE/concesionarias),Red de referencia gratuita post-liberalizaciones (AP-1/AP-2/AP-4/AP-7 liberadas); ver tabla_peajes_2026.csv.,11.689,1.785,20.86,Toyota Corolla 140H e-CVT 1.8,4.5,Gasolina 95 E5,2026-10-09
R1720,Sevilla,Guadalajara,588.328,5.122778,0.0,official_inventory_reference_B,no_toll_expected_official_network,,tabla_peajes_2026.csv + fuentes.csv (MITMA/BOE/concesionarias),Red de referencia gratuita post-liberalizaciones (AP-1/AP-2/AP-4/AP-7 liberadas); ver tabla_peajes_2026.csv.,26.475,1.785,47.26,Toyota Corolla 140H e-CVT 1.8,4.5,Gasolina 95 E5,2026-10-09
R1721,Sevilla,Huelva,90.869,0.879444,0.0,official_inventory_reference_B,no_toll_expected_official_network,,tabla_peajes_2026.csv + fuentes.csv (MITMA/BOE/concesionarias),Red de referencia gratuita post-liberalizaciones (AP-1/AP-2/AP-4/AP-7 liberadas); ver tabla_peajes_2026.csv.,4.089,1.785,7.3,Toyota Corolla 140H e-CVT 1.8,4.5,Gasolina 95 E5,2026-10-09
R1722,Sevilla,Huesca,916.955,7.996944,0.0,official_inventory_reference_B,no_toll_expected_official_network,,tabla_peajes_2026.csv + fuentes.csv (MITMA/BOE/concesionarias),Red de referencia gratuita post-liberalizaciones (AP-1/AP-2/AP-4/AP-7 liberadas); ver tabla_peajes_2026.csv.,41.263,1.785,73.65,Toyota Corolla 140H e-CVT 1.8,4.5,Gasolina 95 E5,2026-10-09
R1723,Sevilla,Jaén,256.567,2.543889,0.0,official_inventory_reference_B,no_toll_expected_official_network,,tabla_peajes_2026.csv + fuentes.csv (MITMA/BOE/concesionarias),Red de referencia gratuita post-liberalizaciones (AP-1/AP-2/AP-4/AP-7 liberadas); ver tabla_peajes_2026.csv.,11.546,1.785,20.61,Toyota Corolla 140H e-CVT 1.8,4.5,Gasolina 95 E5,2026-10-09
R1724,Sevilla,León,668.549,5.791111,0.0,official_inventory_reference_B,no_toll_expected_official_network,,tabla_peajes_2026.csv + fuentes.csv (MITMA/BOE/concesionarias),Red de referencia gratuita post-liberalizaciones (AP-1/AP-2/AP-4/AP-7 liberadas); ver tabla_peajes_2026.csv.,30.085,1.785,53.7,Toyota Corolla 140H e-CVT 1.8,4.5,Gasolina 95 E5,2026-10-09
R1725,Sevilla,Lleida,996.296,8.620833,0.0,official_inventory_reference_B,no_toll_expected_official_network,,tabla_peajes_2026.csv + fuentes.csv (MITMA/BOE/concesionarias),Red de referencia gratuita post-liberalizaciones (AP-1/AP-2/AP-4/AP-7 liberadas); ver tabla_peajes_2026.csv.,44.833,1.785,80.03,Toyota Corolla 140H e-CVT 1.8,4.5,Gasolina 95 E5,2026-10-09
R1726,Sevilla,Logroño,856.282,7.687778,0.0,official_inventory_reference_B,no_toll_expected_official_network,,tabla_peajes_2026.csv + fuentes.csv (MITMA/BOE/concesionarias),Red de referencia gratuita post-liberalizaciones (AP-1/AP-2/AP-4/AP-7 liberadas); ver tabla_peajes_2026.csv.,38.533,1.785,68.78,Toyota Corolla 140H e-CVT 1.8,4.5,Gasolina 95 E5,2026-10-09
R1727,Sevilla,Lugo,831.563,7.1075,0.0,official_inventory_reference_B,no_toll_expected_official_network,,tabla_peajes_2026.csv + fuentes.csv (MITMA/BOE/concesionarias),Red de referencia gratuita post-liberalizaciones (AP-1/AP-2/AP-4/AP-7 liberadas); ver tabla_peajes_2026.csv.,37.42,1.785,66.8,Toyota Corolla 140H e-CVT 1.8,4.5,Gasolina 95 E5,2026-10-09
R1728,Sevilla,Madrid,532.587,4.675278,0.0,official_inventory_reference_B,no_toll_expected_official_network,,tabla_peajes_2026.csv + fuentes.csv (MITMA/BOE/concesionarias),Red de referencia gratuita post-liberalizaciones (AP-1/AP-2/AP-4/AP-7 liberadas); ver tabla_peajes_2026.csv.,23.966,1.785,42.78,Toyota Corolla 140H e-CVT 1.8,4.5,Gasolina 95 E5,2026-10-09
R1729,Sevilla,Málaga,215.022,2.887222,0.0,official_inventory_reference_B,no_toll_expected_official_network,,tabla_peajes_2026.csv + fuentes.csv (MITMA/BOE/concesionarias),Red de referencia gratuita post-liberalizaciones (AP-1/AP-2/AP-4/AP-7 liberadas); ver tabla_peajes_2026.csv.,9.676,1.785,17.27,Toyota Corolla 140H e-CVT 1.8,4.5,Gasolina 95 E5,2026-10-09
R1730,Sevilla,Murcia,533.536,5.034444,0.0,official_inventory_reference_B,no_toll_expected_official_network,,tabla_peajes_2026.csv + fuentes.csv (MITMA/BOE/concesionarias),Red de referencia gratuita post-liberalizaciones (AP-1/AP-2/AP-4/AP-7 liberadas); ver tabla_peajes_2026.csv.,24.009,1.785,42.86,Toyota Corolla 140H e-CVT 1.8,4.5,Gasolina 95 E5,2026-10-09
R1731,Sevilla,Ourense,867.749,7.591111,0.0,official_inventory_reference_B,no_toll_expected_official_network,,tabla_peajes_2026.csv + fuentes.csv (MITMA/BOE/concesionarias),Red de referencia gratuita post-liberalizaciones (AP-1/AP-2/AP-4/AP-7 liberadas); ver tabla_peajes_2026.csv.,39.049,1.785,69.7,Toyota Corolla 140H e-CVT 1.8,4.5,Gasolina 95 E5,2026-10-09
R1732,Sevilla,Oviedo,777.953,6.775833,16.2,official_inventory_reference_B,valued_official_2026,AP-66 Campomanes-León,tabla_peajes_2026.csv + fuentes.csv (MITMA/BOE/concesionarias),Paso del Huerna hacia la Meseta/sur; sin alternativa rápida equivalente.,35.008,1.785,62.49,Toyota Corolla 140H e-CVT 1.8,4.5,Gasolina 95 E5,2026-10-09
R1733,Sevilla,Palencia,627.772,5.438889,0.0,official_inventory_reference_B,no_toll_expected_official_network,,tabla_peajes_2026.csv + fuentes.csv (MITMA/BOE/concesionarias),Red de referencia gratuita post-liberalizaciones (AP-1/AP-2/AP-4/AP-7 liberadas); ver tabla_peajes_2026.csv.,28.25,1.785,50.43,Toyota Corolla 140H e-CVT 1.8,4.5,Gasolina 95 E5,2026-10-09
R1734,Sevilla,Pamplona,911.0,7.873056,0.0,official_inventory_reference_B,no_toll_expected_official_network,,tabla_peajes_2026.csv + fuentes.csv (MITMA/BOE/concesionarias),Red de referencia gratuita post-liberalizaciones (AP-1/AP-2/AP-4/AP-7 liberadas); ver tabla_peajes_2026.csv.,40.995,1.785,73.18,Toyota Corolla 140H e-CVT 1.8,4.5,Gasolina 95 E5,2026-10-09
R1735,Sevilla,Pontevedra,779.924,7.585,0.0,official_inventory_reference_B,no_toll_expected_official_network,,tabla_peajes_2026.csv + fuentes.csv (MITMA/BOE/concesionarias),Red de referencia gratuita post-liberalizaciones (AP-1/AP-2/AP-4/AP-7 liberadas); ver tabla_peajes_2026.csv.,35.097,1.785,62.65,Toyota Corolla 140H e-CVT 1.8,4.5,Gasolina 95 E5,2026-10-09
R1736,Sevilla,Salamanca,458.706,4.013611,0.0,official_inventory_reference_B,no_toll_expected_official_network,,tabla_peajes_2026.csv + fuentes.csv (MITMA/BOE/concesionarias),Red de referencia gratuita post-liberalizaciones (AP-1/AP-2/AP-4/AP-7 liberadas); ver tabla_peajes_2026.csv.,20.642,1.785,36.85,Toyota Corolla 140H e-CVT 1.8,4.5,Gasolina 95 E5,2026-10-09
R1737,Sevilla,San Sebastián,914.943,7.9425,0.0,official_inventory_reference_B,no_toll_expected_official_network,,tabla_peajes_2026.csv + fuentes.csv (MITMA/BOE/concesionarias),Red de referencia gratuita post-liberalizaciones (AP-1/AP-2/AP-4/AP-7 liberadas); ver tabla_peajes_2026.csv.,41.172,1.785,73.49,Toyota Corolla 140H e-CVT 1.8,4.5,Gasolina 95 E5,2026-10-09
R1738,Sevilla,Santander,825.315,7.139722,0.0,official_inventory_reference_B,no_toll_expected_official_network,,tabla_peajes_2026.csv + fuentes.csv (MITMA/BOE/concesionarias),Red de referencia gratuita post-liberalizaciones (AP-1/AP-2/AP-4/AP-7 liberadas); ver tabla_peajes_2026.csv.,37.139,1.785,66.29,Toyota Corolla 140H e-CVT 1.8,4.5,Gasolina 95 E5,2026-10-09
R1739,Sevilla,Segovia,603.498,5.300833,0.0,official_inventory_reference_B,no_toll_expected_official_network,,tabla_peajes_2026.csv + fuentes.csv (MITMA/BOE/concesionarias),Red de referencia gratuita post-liberalizaciones (AP-1/AP-2/AP-4/AP-7 liberadas); ver tabla_peajes_2026.csv.,27.157,1.785,48.48,Toyota Corolla 140H e-CVT 1.8,4.5,Gasolina 95 E5,2026-10-09
R1740,Sevilla,Soria,757.66,6.570833,0.0,official_inventory_reference_B,no_toll_expected_official_network,,tabla_peajes_2026.csv + fuentes.csv (MITMA/BOE/concesionarias),Red de referencia gratuita post-liberalizaciones (AP-1/AP-2/AP-4/AP-7 liberadas); ver tabla_peajes_2026.csv.,34.095,1.785,60.86,Toyota Corolla 140H e-CVT 1.8,4.5,Gasolina 95 E5,2026-10-09
R1741,Sevilla,Tarragona,953.411,8.446667,0.0,official_inventory_reference_B,no_toll_expected_official_network,,tabla_peajes_2026.csv + fuentes.csv (MITMA/BOE/concesionarias),Red de referencia gratuita post-liberalizaciones (AP-1/AP-2/AP-4/AP-7 liberadas); ver tabla_peajes_2026.csv.,42.903,1.785,76.58,Toyota Corolla 140H e-CVT 1.8,4.5,Gasolina 95 E5,2026-10-09
R1742,Sevilla,Teruel,740.36,6.918611,0.0,official_inventory_reference_B,no_toll_expected_official_network,,tabla_peajes_2026.csv + fuentes.csv (MITMA/BOE/concesionarias),Red de referencia gratuita post-liberalizaciones (AP-1/AP-2/AP-4/AP-7 liberadas); ver tabla_peajes_2026.csv.,33.316,1.785,59.47,Toyota Corolla 140H e-CVT 1.8,4.5,Gasolina 95 E5,2026-10-09
R1743,Sevilla,Toledo,495.166,4.3475,0.0,official_inventory_reference_B,no_toll_expected_official_network,,tabla_peajes_2026.csv + fuentes.csv (MITMA/BOE/concesionarias),Red de referencia gratuita post-liberalizaciones (AP-1/AP-2/AP-4/AP-7 liberadas); ver tabla_peajes_2026.csv.,22.282,1.785,39.77,Toyota Corolla 140H e-CVT 1.8,4.5,Gasolina 95 E5,2026-10-09
R1744,Sevilla,Valencia,702.444,6.338889,0.0,official_inventory_reference_B,no_toll_expected_official_network,,tabla_peajes_2026.csv + fuentes.csv (MITMA/BOE/concesionarias),Red de referencia gratuita post-liberalizaciones (AP-1/AP-2/AP-4/AP-7 liberadas); ver tabla_peajes_2026.csv.,31.61,1.785,56.42,Toyota Corolla 140H e-CVT 1.8,4.5,Gasolina 95 E5,2026-10-09
R1745,Sevilla,Valladolid,581.823,5.066111,0.0,official_inventory_reference_B,no_toll_expected_official_network,,tabla_peajes_2026.csv + fuentes.csv (MITMA/BOE/concesionarias),Red de referencia gratuita post-liberalizaciones (AP-1/AP-2/AP-4/AP-7 liberadas); ver tabla_peajes_2026.csv.,26.182,1.785,46.73,Toyota Corolla 140H e-CVT 1.8,4.5,Gasolina 95 E5,2026-10-09
R1746,Sevilla,Vitoria-Gasteiz,814.97,7.050833,0.0,official_inventory_reference_B,no_toll_expected_official_network,,tabla_peajes_2026.csv + fuentes.csv (MITMA/BOE/concesionarias),Red de referencia gratuita post-liberalizaciones (AP-1/AP-2/AP-4/AP-7 liberadas); ver tabla_peajes_2026.csv.,36.674,1.785,65.46,Toyota Corolla 140H e-CVT 1.8,4.5,Gasolina 95 E5,2026-10-09
R1747,Sevilla,Zamora,532.767,4.824722,0.0,official_inventory_reference_B,no_toll_expected_official_network,,tabla_peajes_2026.csv + fuentes.csv (MITMA/BOE/concesionarias),Red de referencia gratuita post-liberalizaciones (AP-1/AP-2/AP-4/AP-7 liberadas); ver tabla_peajes_2026.csv.,23.975,1.785,42.79,Toyota Corolla 140H e-CVT 1.8,4.5,Gasolina 95 E5,2026-10-09
R1748,Sevilla,Zaragoza,848.813,7.438056,0.0,official_inventory_reference_B,no_toll_expected_official_network,,tabla_peajes_2026.csv + fuentes.csv (MITMA/BOE/concesionarias),Red de referencia gratuita post-liberalizaciones (AP-1/AP-2/AP-4/AP-7 liberadas); ver tabla_peajes_2026.csv.,38.197,1.785,68.18,Toyota Corolla 140H e-CVT 1.8,4.5,Gasolina 95 E5,2026-10-09
R1749,Soria,A Coruña,630.068,5.980833,0.0,official_inventory_reference_B,no_toll_expected_official_network,,tabla_peajes_2026.csv + fuentes.csv (MITMA/BOE/concesionarias),Red de referencia gratuita post-liberalizaciones (AP-1/AP-2/AP-4/AP-7 liberadas); ver tabla_peajes_2026.csv.,28.353,1.785,50.61,Toyota Corolla 140H e-CVT 1.8,4.5,Gasolina 95 E5,2026-10-09
R1750,Soria,Albacete,453.156,4.081667,0.0,official_inventory_reference_B,no_toll_expected_official_network,,tabla_peajes_2026.csv + fuentes.csv (MITMA/BOE/concesionarias),Red de referencia gratuita post-liberalizaciones (AP-1/AP-2/AP-4/AP-7 liberadas); ver tabla_peajes_2026.csv.,20.392,1.785,36.4,Toyota Corolla 140H e-CVT 1.8,4.5,Gasolina 95 E5,2026-10-09
R1751,Soria,Alicante,553.127,5.318056,0.0,official_inventory_reference_B,no_toll_expected_official_network,,tabla_peajes_2026.csv + fuentes.csv (MITMA/BOE/concesionarias),Red de referencia gratuita post-liberalizaciones (AP-1/AP-2/AP-4/AP-7 liberadas); ver tabla_peajes_2026.csv.,24.891,1.785,44.43,Toyota Corolla 140H e-CVT 1.8,4.5,Gasolina 95 E5,2026-10-09
R1752,Soria,Almería,787.501,6.895,0.0,official_inventory_reference_B,no_toll_expected_official_network,,tabla_peajes_2026.csv + fuentes.csv (MITMA/BOE/concesionarias),Red de referencia gratuita post-liberalizaciones (AP-1/AP-2/AP-4/AP-7 liberadas); ver tabla_peajes_2026.csv.,35.438,1.785,63.26,Toyota Corolla 140H e-CVT 1.8,4.5,Gasolina 95 E5,2026-10-09
R1753,Soria,Ávila,261.1,2.958889,0.0,official_inventory_reference_B,no_toll_expected_official_network,,tabla_peajes_2026.csv + fuentes.csv (MITMA/BOE/concesionarias),Red de referencia gratuita post-liberalizaciones (AP-1/AP-2/AP-4/AP-7 liberadas); ver tabla_peajes_2026.csv.,11.75,1.785,20.97,Toyota Corolla 140H e-CVT 1.8,4.5,Gasolina 95 E5,2026-10-09
R1754,Soria,Badajoz,635.047,5.525278,0.0,official_inventory_reference_B,no_toll_expected_official_network,,tabla_peajes_2026.csv + fuentes.csv (MITMA/BOE/concesionarias),Red de referencia gratuita post-liberalizaciones (AP-1/AP-2/AP-4/AP-7 liberadas); ver tabla_peajes_2026.csv.,28.577,1.785,51.01,Toyota Corolla 140H e-CVT 1.8,4.5,Gasolina 95 E5,2026-10-09
R1755,Soria,Barcelona,460.849,4.333333,0.0,official_inventory_reference_B,no_toll_expected_official_network,,tabla_peajes_2026.csv + fuentes.csv (MITMA/BOE/concesionarias),Red de referencia gratuita post-liberalizaciones (AP-1/AP-2/AP-4/AP-7 liberadas); ver tabla_peajes_2026.csv.,20.738,1.785,37.02,Toyota Corolla 140H e-CVT 1.8,4.5,Gasolina 95 E5,2026-10-09
R1756,Soria,Bilbao,222.439,2.308333,0.0,official_inventory_reference_B,no_toll_expected_official_network,,tabla_peajes_2026.csv + fuentes.csv (MITMA/BOE/concesionarias),Red de referencia gratuita post-liberalizaciones (AP-1/AP-2/AP-4/AP-7 liberadas); ver tabla_peajes_2026.csv.,10.01,1.785,17.87,Toyota Corolla 140H e-CVT 1.8,4.5,Gasolina 95 E5,2026-10-09
R1757,Soria,Burgos,143.307,1.754722,0.0,official_inventory_reference_B,no_toll_expected_official_network,,tabla_peajes_2026.csv + fuentes.csv (MITMA/BOE/concesionarias),Red de referencia gratuita post-liberalizaciones (AP-1/AP-2/AP-4/AP-7 liberadas); ver tabla_peajes_2026.csv.,6.449,1.785,11.51,Toyota Corolla 140H e-CVT 1.8,4.5,Gasolina 95 E5,2026-10-09
R1758,Soria,Cáceres,532.915,4.689167,0.0,official_inventory_reference_B,no_toll_expected_official_network,,tabla_peajes_2026.csv + fuentes.csv (MITMA/BOE/concesionarias),Red de referencia gratuita post-liberalizaciones (AP-1/AP-2/AP-4/AP-7 liberadas); ver tabla_peajes_2026.csv.,23.981,1.785,42.81,Toyota Corolla 140H e-CVT 1.8,4.5,Gasolina 95 E5,2026-10-09
R1759,Soria,Cádiz,867.17,7.739722,0.0,official_inventory_reference_B,no_toll_expected_official_network,,tabla_peajes_2026.csv + fuentes.csv (MITMA/BOE/concesionarias),Red de referencia gratuita post-liberalizaciones (AP-1/AP-2/AP-4/AP-7 liberadas); ver tabla_peajes_2026.csv.,39.023,1.785,69.66,Toyota Corolla 140H e-CVT 1.8,4.5,Gasolina 95 E5,2026-10-09
R1760,Soria,Castellón de la Plana,372.434,3.893333,0.0,official_inventory_reference_B,no_toll_expected_official_network,,tabla_peajes_2026.csv + fuentes.csv (MITMA/BOE/concesionarias),Red de referencia gratuita post-liberalizaciones (AP-1/AP-2/AP-4/AP-7 liberadas); ver tabla_peajes_2026.csv.,16.76,1.785,29.92,Toyota Corolla 140H e-CVT 1.8,4.5,Gasolina 95 E5,2026-10-09
R1761,Soria,Ciudad Real,425.277,3.918333,0.0,official_inventory_reference_B,no_toll_expected_official_network,,tabla_peajes_2026.csv + fuentes.csv (MITMA/BOE/concesionarias),Red de referencia gratuita post-liberalizaciones (AP-1/AP-2/AP-4/AP-7 liberadas); ver tabla_peajes_2026.csv.,19.137,1.785,34.16,Toyota Corolla 140H e-CVT 1.8,4.5,Gasolina 95 E5,2026-10-09
R1762,Soria,Córdoba,615.876,5.588333,0.0,official_inventory_reference_B,no_toll_expected_official_network,,tabla_peajes_2026.csv + fuentes.csv (MITMA/BOE/concesionarias),Red de referencia gratuita post-liberalizaciones (AP-1/AP-2/AP-4/AP-7 liberadas); ver tabla_peajes_2026.csv.,27.714,1.785,49.47,Toyota Corolla 140H e-CVT 1.8,4.5,Gasolina 95 E5,2026-10-09
R1763,Soria,Cuenca,305.476,3.156944,0.0,official_inventory_reference_B,no_toll_expected_official_network,,tabla_peajes_2026.csv + fuentes.csv (MITMA/BOE/concesionarias),Red de referencia gratuita post-liberalizaciones (AP-1/AP-2/AP-4/AP-7 liberadas); ver tabla_peajes_2026.csv.,13.746,1.785,24.54,Toyota Corolla 140H e-CVT 1.8,4.5,Gasolina 95 E5,2026-10-09
R1764,Soria,Girona,526.598,4.918333,0.0,official_inventory_reference_B,no_toll_expected_official_network,,tabla_peajes_2026.csv + fuentes.csv (MITMA/BOE/concesionarias),Red de referencia gratuita post-liberalizaciones (AP-1/AP-2/AP-4/AP-7 liberadas); ver tabla_peajes_2026.csv.,23.697,1.785,42.3,Toyota Corolla 140H e-CVT 1.8,4.5,Gasolina 95 E5,2026-10-09
R1765,Soria,Granada,640.273,5.691667,0.0,official_inventory_reference_B,no_toll_expected_official_network,,tabla_peajes_2026.csv + fuentes.csv (MITMA/BOE/concesionarias),Red de referencia gratuita post-liberalizaciones (AP-1/AP-2/AP-4/AP-7 liberadas); ver tabla_peajes_2026.csv.,28.812,1.785,51.43,Toyota Corolla 140H e-CVT 1.8,4.5,Gasolina 95 E5,2026-10-09
R1766,Soria,Guadalajara,170.912,1.5775,0.0,official_inventory_reference_B,no_toll_expected_official_network,,tabla_peajes_2026.csv + fuentes.csv (MITMA/BOE/concesionarias),Red de referencia gratuita post-liberalizaciones (AP-1/AP-2/AP-4/AP-7 liberadas); ver tabla_peajes_2026.csv.,7.691,1.785,13.73,Toyota Corolla 140H e-CVT 1.8,4.5,Gasolina 95 E5,2026-10-09
R1767,Soria,Huelva,848.883,7.330556,0.0,official_inventory_reference_B,no_toll_expected_official_network,,tabla_peajes_2026.csv + fuentes.csv (MITMA/BOE/concesionarias),Red de referencia gratuita post-liberalizaciones (AP-1/AP-2/AP-4/AP-7 liberadas); ver tabla_peajes_2026.csv.,38.2,1.785,68.19,Toyota Corolla 140H e-CVT 1.8,4.5,Gasolina 95 E5,2026-10-09
R1768,Soria,Huesca,227.576,2.334167,0.0,official_inventory_reference_B,no_toll_expected_official_network,,tabla_peajes_2026.csv + fuentes.csv (MITMA/BOE/concesionarias),Red de referencia gratuita post-liberalizaciones (AP-1/AP-2/AP-4/AP-7 liberadas); ver tabla_peajes_2026.csv.,10.241,1.785,18.28,Toyota Corolla 140H e-CVT 1.8,4.5,Gasolina 95 E5,2026-10-09
R1769,Soria,Jaén,555.096,4.961944,0.0,official_inventory_reference_B,no_toll_expected_official_network,,tabla_peajes_2026.csv + fuentes.csv (MITMA/BOE/concesionarias),Red de referencia gratuita post-liberalizaciones (AP-1/AP-2/AP-4/AP-7 liberadas); ver tabla_peajes_2026.csv.,24.979,1.785,44.59,Toyota Corolla 140H e-CVT 1.8,4.5,Gasolina 95 E5,2026-10-09
R1770,Soria,León,312.878,3.198889,0.0,official_inventory_reference_B,no_toll_expected_official_network,,tabla_peajes_2026.csv + fuentes.csv (MITMA/BOE/concesionarias),Red de referencia gratuita post-liberalizaciones (AP-1/AP-2/AP-4/AP-7 liberadas); ver tabla_peajes_2026.csv.,14.08,1.785,25.13,Toyota Corolla 140H e-CVT 1.8,4.5,Gasolina 95 E5,2026-10-09
R1771,Soria,Lleida,299.942,2.908056,0.0,official_inventory_reference_B,no_toll_expected_official_network,,tabla_peajes_2026.csv + fuentes.csv (MITMA/BOE/concesionarias),Red de referencia gratuita post-liberalizaciones (AP-1/AP-2/AP-4/AP-7 liberadas); ver tabla_peajes_2026.csv.,13.497,1.785,24.09,Toyota Corolla 140H e-CVT 1.8,4.5,Gasolina 95 E5,2026-10-09
R1772,Soria,Logroño,101.21,1.218611,0.0,official_inventory_reference_B,no_toll_expected_official_network,,tabla_peajes_2026.csv + fuentes.csv (MITMA/BOE/concesionarias),Red de referencia gratuita post-liberalizaciones (AP-1/AP-2/AP-4/AP-7 liberadas); ver tabla_peajes_2026.csv.,4.554,1.785,8.13,Toyota Corolla 140H e-CVT 1.8,4.5,Gasolina 95 E5,2026-10-09
R1773,Soria,Lugo,532.326,5.066944,0.0,official_inventory_reference_B,no_toll_expected_official_network,,tabla_peajes_2026.csv + fuentes.csv (MITMA/BOE/concesionarias),Red de referencia gratuita post-liberalizaciones (AP-1/AP-2/AP-4/AP-7 liberadas); ver tabla_peajes_2026.csv.,23.955,1.785,42.76,Toyota Corolla 140H e-CVT 1.8,4.5,Gasolina 95 E5,2026-10-09
R1774,Soria,Madrid,227.896,2.124167,0.0,official_inventory_reference_B,no_toll_expected_official_network,,tabla_peajes_2026.csv + fuentes.csv (MITMA/BOE/concesionarias),Red de referencia gratuita post-liberalizaciones (AP-1/AP-2/AP-4/AP-7 liberadas); ver tabla_peajes_2026.csv.,10.255,1.785,18.31,Toyota Corolla 140H e-CVT 1.8,4.5,Gasolina 95 E5,2026-10-09
R1775,Soria,Málaga,749.708,7.433056,0.0,official_inventory_reference_B,no_toll_expected_official_network,,tabla_peajes_2026.csv + fuentes.csv (MITMA/BOE/concesionarias),Red de referencia gratuita post-liberalizaciones (AP-1/AP-2/AP-4/AP-7 liberadas); ver tabla_peajes_2026.csv.,33.737,1.785,60.22,Toyota Corolla 140H e-CVT 1.8,4.5,Gasolina 95 E5,2026-10-09
R1776,Soria,Murcia,595.611,5.333889,0.0,official_inventory_reference_B,no_toll_expected_official_network,,tabla_peajes_2026.csv + fuentes.csv (MITMA/BOE/concesionarias),Red de referencia gratuita post-liberalizaciones (AP-1/AP-2/AP-4/AP-7 liberadas); ver tabla_peajes_2026.csv.,26.802,1.785,47.84,Toyota Corolla 140H e-CVT 1.8,4.5,Gasolina 95 E5,2026-10-09
R1777,Soria,Ourense,554.243,5.358333,0.0,official_inventory_reference_B,no_toll_expected_official_network,,tabla_peajes_2026.csv + fuentes.csv (MITMA/BOE/concesionarias),Red de referencia gratuita post-liberalizaciones (AP-1/AP-2/AP-4/AP-7 liberadas); ver tabla_peajes_2026.csv.,24.941,1.785,44.52,Toyota Corolla 140H e-CVT 1.8,4.5,Gasolina 95 E5,2026-10-09
R1778,Soria,Oviedo,433.393,4.300278,16.2,official_inventory_reference_B,valued_official_2026,AP-66 Campomanes-León,tabla_peajes_2026.csv + fuentes.csv (MITMA/BOE/concesionarias),Paso del Huerna hacia la Meseta/sur; sin alternativa rápida equivalente.,19.503,1.785,34.81,Toyota Corolla 140H e-CVT 1.8,4.5,Gasolina 95 E5,2026-10-09
R1779,Soria,Palencia,205.302,2.293611,0.0,official_inventory_reference_B,no_toll_expected_official_network,,tabla_peajes_2026.csv + fuentes.csv (MITMA/BOE/concesionarias),Red de referencia gratuita post-liberalizaciones (AP-1/AP-2/AP-4/AP-7 liberadas); ver tabla_peajes_2026.csv.,9.239,1.785,16.49,Toyota Corolla 140H e-CVT 1.8,4.5,Gasolina 95 E5,2026-10-09
R1780,Soria,Pamplona,174.364,1.818333,0.0,official_inventory_reference_B,no_toll_expected_official_network,,tabla_peajes_2026.csv + fuentes.csv (MITMA/BOE/concesionarias),Red de referencia gratuita post-liberalizaciones (AP-1/AP-2/AP-4/AP-7 liberadas); ver tabla_peajes_2026.csv.,7.846,1.785,14.01,Toyota Corolla 140H e-CVT 1.8,4.5,Gasolina 95 E5,2026-10-09
R1781,Soria,Pontevedra,641.527,6.4425,0.0,official_inventory_reference_B,no_toll_expected_official_network,,tabla_peajes_2026.csv + fuentes.csv (MITMA/BOE/concesionarias),Red de referencia gratuita post-liberalizaciones (AP-1/AP-2/AP-4/AP-7 liberadas); ver tabla_peajes_2026.csv.,28.869,1.785,51.53,Toyota Corolla 140H e-CVT 1.8,4.5,Gasolina 95 E5,2026-10-09
R1782,Soria,Salamanca,323.307,3.3275,0.0,official_inventory_reference_B,no_toll_expected_official_network,,tabla_peajes_2026.csv + fuentes.csv (MITMA/BOE/concesionarias),Red de referencia gratuita post-liberalizaciones (AP-1/AP-2/AP-4/AP-7 liberadas); ver tabla_peajes_2026.csv.,14.549,1.785,25.97,Toyota Corolla 140H e-CVT 1.8,4.5,Gasolina 95 E5,2026-10-09
R1783,Soria,San Sebastián,258.913,2.610833,0.0,official_inventory_reference_B,no_toll_expected_official_network,,tabla_peajes_2026.csv + fuentes.csv (MITMA/BOE/concesionarias),Red de referencia gratuita post-liberalizaciones (AP-1/AP-2/AP-4/AP-7 liberadas); ver tabla_peajes_2026.csv.,11.651,1.785,20.8,Toyota Corolla 140H e-CVT 1.8,4.5,Gasolina 95 E5,2026-10-09
R1784,Soria,Santander,319.413,3.225,0.0,official_inventory_reference_B,no_toll_expected_official_network,,tabla_peajes_2026.csv + fuentes.csv (MITMA/BOE/concesionarias),Red de referencia gratuita post-liberalizaciones (AP-1/AP-2/AP-4/AP-7 liberadas); ver tabla_peajes_2026.csv.,14.374,1.785,25.66,Toyota Corolla 140H e-CVT 1.8,4.5,Gasolina 95 E5,2026-10-09
R1785,Soria,Segovia,190.078,2.203611,0.0,official_inventory_reference_B,no_toll_expected_official_network,,tabla_peajes_2026.csv + fuentes.csv (MITMA/BOE/concesionarias),Red de referencia gratuita post-liberalizaciones (AP-1/AP-2/AP-4/AP-7 liberadas); ver tabla_peajes_2026.csv.,8.554,1.785,15.27,Toyota Corolla 140H e-CVT 1.8,4.5,Gasolina 95 E5,2026-10-09
R1786,Soria,Sevilla,764.691,6.620278,0.0,official_inventory_reference_B,no_toll_expected_official_network,,tabla_peajes_2026.csv + fuentes.csv (MITMA/BOE/concesionarias),Red de referencia gratuita post-liberalizaciones (AP-1/AP-2/AP-4/AP-7 liberadas); ver tabla_peajes_2026.csv.,34.411,1.785,61.42,Toyota Corolla 140H e-CVT 1.8,4.5,Gasolina 95 E5,2026-10-09
R1787,Soria,Tarragona,382.67,3.706111,0.0,official_inventory_reference_B,no_toll_expected_official_network,,tabla_peajes_2026.csv + fuentes.csv (MITMA/BOE/concesionarias),Red de referencia gratuita post-liberalizaciones (AP-1/AP-2/AP-4/AP-7 liberadas); ver tabla_peajes_2026.csv.,17.22,1.785,30.74,Toyota Corolla 140H e-CVT 1.8,4.5,Gasolina 95 E5,2026-10-09
R1788,Soria,Teruel,228.75,2.496667,0.0,official_inventory_reference_B,no_toll_expected_official_network,,tabla_peajes_2026.csv + fuentes.csv (MITMA/BOE/concesionarias),Red de referencia gratuita post-liberalizaciones (AP-1/AP-2/AP-4/AP-7 liberadas); ver tabla_peajes_2026.csv.,10.294,1.785,18.37,Toyota Corolla 140H e-CVT 1.8,4.5,Gasolina 95 E5,2026-10-09
R1789,Soria,Toledo,300.594,2.725556,0.0,official_inventory_reference_B,no_toll_expected_official_network,,tabla_peajes_2026.csv + fuentes.csv (MITMA/BOE/concesionarias),Red de referencia gratuita post-liberalizaciones (AP-1/AP-2/AP-4/AP-7 liberadas); ver tabla_peajes_2026.csv.,13.527,1.785,24.15,Toyota Corolla 140H e-CVT 1.8,4.5,Gasolina 95 E5,2026-10-09
R1790,Soria,Valencia,366.667,3.740278,0.0,official_inventory_reference_B,no_toll_expected_official_network,,tabla_peajes_2026.csv + fuentes.csv (MITMA/BOE/concesionarias),Red de referencia gratuita post-liberalizaciones (AP-1/AP-2/AP-4/AP-7 liberadas); ver tabla_peajes_2026.csv.,16.5,1.785,29.45,Toyota Corolla 140H e-CVT 1.8,4.5,Gasolina 95 E5,2026-10-09
R1791,Soria,Valladolid,211.489,2.364444,0.0,official_inventory_reference_B,no_toll_expected_official_network,,tabla_peajes_2026.csv + fuentes.csv (MITMA/BOE/concesionarias),Red de referencia gratuita post-liberalizaciones (AP-1/AP-2/AP-4/AP-7 liberadas); ver tabla_peajes_2026.csv.,9.517,1.785,16.99,Toyota Corolla 140H e-CVT 1.8,4.5,Gasolina 95 E5,2026-10-09
R1792,Soria,Vitoria-Gasteiz,176.629,1.950556,0.0,official_inventory_reference_B,no_toll_expected_official_network,,tabla_peajes_2026.csv + fuentes.csv (MITMA/BOE/concesionarias),Red de referencia gratuita post-liberalizaciones (AP-1/AP-2/AP-4/AP-7 liberadas); ver tabla_peajes_2026.csv.,7.948,1.785,14.19,Toyota Corolla 140H e-CVT 1.8,4.5,Gasolina 95 E5,2026-10-09
R1793,Soria,Zamora,314.319,3.370278,0.0,official_inventory_reference_B,no_toll_expected_official_network,,tabla_peajes_2026.csv + fuentes.csv (MITMA/BOE/concesionarias),Red de referencia gratuita post-liberalizaciones (AP-1/AP-2/AP-4/AP-7 liberadas); ver tabla_peajes_2026.csv.,14.144,1.785,25.25,Toyota Corolla 140H e-CVT 1.8,4.5,Gasolina 95 E5,2026-10-09
R1794,Soria,Zaragoza,154.338,1.726667,0.0,official_inventory_reference_B,no_toll_expected_official_network,,tabla_peajes_2026.csv + fuentes.csv (MITMA/BOE/concesionarias),Red de referencia gratuita post-liberalizaciones (AP-1/AP-2/AP-4/AP-7 liberadas); ver tabla_peajes_2026.csv.,6.945,1.785,12.4,Toyota Corolla 140H e-CVT 1.8,4.5,Gasolina 95 E5,2026-10-09
R1795,Tarragona,A Coruña,1015.594,8.778333,0.0,official_inventory_reference_B,no_toll_expected_official_network,,tabla_peajes_2026.csv + fuentes.csv (MITMA/BOE/concesionarias),Red de referencia gratuita post-liberalizaciones (AP-1/AP-2/AP-4/AP-7 liberadas); ver tabla_peajes_2026.csv.,45.702,1.785,81.58,Toyota Corolla 140H e-CVT 1.8,4.5,Gasolina 95 E5,2026-10-09
R1796,Tarragona,Albacete,420.226,4.019722,0.0,official_inventory_reference_B,no_toll_expected_official_network,,tabla_peajes_2026.csv + fuentes.csv (MITMA/BOE/concesionarias),Red de referencia gratuita post-liberalizaciones (AP-1/AP-2/AP-4/AP-7 liberadas); ver tabla_peajes_2026.csv.,18.91,1.785,33.75,Toyota Corolla 140H e-CVT 1.8,4.5,Gasolina 95 E5,2026-10-09
R1797,Tarragona,Alicante,445.682,3.955,0.0,official_inventory_reference_B,no_toll_expected_official_network,,tabla_peajes_2026.csv + fuentes.csv (MITMA/BOE/concesionarias),Red de referencia gratuita post-liberalizaciones (AP-1/AP-2/AP-4/AP-7 liberadas); ver tabla_peajes_2026.csv.,20.056,1.785,35.8,Toyota Corolla 140H e-CVT 1.8,4.5,Gasolina 95 E5,2026-10-09
R1798,Tarragona,Almería,676.119,5.875278,0.0,official_inventory_reference_B,no_toll_expected_official_network,,tabla_peajes_2026.csv + fuentes.csv (MITMA/BOE/concesionarias),Red de referencia gratuita post-liberalizaciones (AP-1/AP-2/AP-4/AP-7 liberadas); ver tabla_peajes_2026.csv.,30.425,1.785,54.31,Toyota Corolla 140H e-CVT 1.8,4.5,Gasolina 95 E5,2026-10-09
R1799,Tarragona,Ávila,659.043,5.913611,0.0,official_inventory_reference_B,no_toll_expected_official_network,,tabla_peajes_2026.csv + fuentes.csv (MITMA/BOE/concesionarias),Red de referencia gratuita post-liberalizaciones (AP-1/AP-2/AP-4/AP-7 liberadas); ver tabla_peajes_2026.csv.,29.657,1.785,52.94,Toyota Corolla 140H e-CVT 1.8,4.5,Gasolina 95 E5,2026-10-09
R1800,Tarragona,Badajoz,949.457,8.228333,0.0,official_inventory_reference_B,no_toll_expected_official_network,,tabla_peajes_2026.csv + fuentes.csv (MITMA/BOE/concesionarias),Red de referencia gratuita post-liberalizaciones (AP-1/AP-2/AP-4/AP-7 liberadas); ver tabla_peajes_2026.csv.,42.726,1.785,76.27,Toyota Corolla 140H e-CVT 1.8,4.5,Gasolina 95 E5,2026-10-09
R1801,Tarragona,Barcelona,96.369,1.048333,0.0,official_inventory_reference_B,no_toll_expected_official_network,,tabla_peajes_2026.csv + fuentes.csv (MITMA/BOE/concesionarias),Red de referencia gratuita post-liberalizaciones (AP-1/AP-2/AP-4/AP-7 liberadas); ver tabla_peajes_2026.csv.,4.337,1.785,7.74,Toyota Corolla 140H e-CVT 1.8,4.5,Gasolina 95 E5,2026-10-09
R1802,Tarragona,Bilbao,531.758,4.626111,0.0,official_inventory_reference_B,toll_possible_not_valued,AP-68 / red foral (Bidegi),tabla_peajes_2026.csv + fuentes.csv (MITMA/BOE/concesionarias),Peaje posible para ligeros; tarifa no verificada hoy. Ampliar manual con Bidegi/autopistas.com. tax=0 provisional.,23.929,1.785,42.71,Toyota Corolla 140H e-CVT 1.8,4.5,Gasolina 95 E5,2026-10-09
R1803,Tarragona,Burgos,527.134,4.642778,0.0,official_inventory_reference_B,no_toll_expected_official_network,,tabla_peajes_2026.csv + fuentes.csv (MITMA/BOE/concesionarias),Red de referencia gratuita post-liberalizaciones (AP-1/AP-2/AP-4/AP-7 liberadas); ver tabla_peajes_2026.csv.,23.721,1.785,42.34,Toyota Corolla 140H e-CVT 1.8,4.5,Gasolina 95 E5,2026-10-09
R1804,Tarragona,Cáceres,847.325,7.3925,0.0,official_inventory_reference_B,no_toll_expected_official_network,,tabla_peajes_2026.csv + fuentes.csv (MITMA/BOE/concesionarias),Red de referencia gratuita post-liberalizaciones (AP-1/AP-2/AP-4/AP-7 liberadas); ver tabla_peajes_2026.csv.,38.13,1.785,68.06,Toyota Corolla 140H e-CVT 1.8,4.5,Gasolina 95 E5,2026-10-09
R1805,Tarragona,Cádiz,1023.627,9.003056,0.0,official_inventory_reference_B,no_toll_expected_official_network,,tabla_peajes_2026.csv + fuentes.csv (MITMA/BOE/concesionarias),Red de referencia gratuita post-liberalizaciones (AP-1/AP-2/AP-4/AP-7 liberadas); ver tabla_peajes_2026.csv.,46.063,1.785,82.22,Toyota Corolla 140H e-CVT 1.8,4.5,Gasolina 95 E5,2026-10-09
R1806,Tarragona,Castellón de la Plana,189.171,1.824722,0.0,official_inventory_reference_B,no_toll_expected_official_network,,tabla_peajes_2026.csv + fuentes.csv (MITMA/BOE/concesionarias),Red de referencia gratuita post-liberalizaciones (AP-1/AP-2/AP-4/AP-7 liberadas); ver tabla_peajes_2026.csv.,8.513,1.785,15.2,Toyota Corolla 140H e-CVT 1.8,4.5,Gasolina 95 E5,2026-10-09
R1807,Tarragona,Ciudad Real,602.599,5.246667,0.0,official_inventory_reference_B,no_toll_expected_official_network,,tabla_peajes_2026.csv + fuentes.csv (MITMA/BOE/concesionarias),Red de referencia gratuita post-liberalizaciones (AP-1/AP-2/AP-4/AP-7 liberadas); ver tabla_peajes_2026.csv.,27.117,1.785,48.4,Toyota Corolla 140H e-CVT 1.8,4.5,Gasolina 95 E5,2026-10-09
R1808,Tarragona,Córdoba,772.333,6.851667,0.0,official_inventory_reference_B,no_toll_expected_official_network,,tabla_peajes_2026.csv + fuentes.csv (MITMA/BOE/concesionarias),Red de referencia gratuita post-liberalizaciones (AP-1/AP-2/AP-4/AP-7 liberadas); ver tabla_peajes_2026.csv.,34.755,1.785,62.04,Toyota Corolla 140H e-CVT 1.8,4.5,Gasolina 95 E5,2026-10-09
R1809,Tarragona,Cuenca,470.206,4.4425,0.0,official_inventory_reference_B,no_toll_expected_official_network,,tabla_peajes_2026.csv + fuentes.csv (MITMA/BOE/concesionarias),Red de referencia gratuita post-liberalizaciones (AP-1/AP-2/AP-4/AP-7 liberadas); ver tabla_peajes_2026.csv.,21.159,1.785,37.77,Toyota Corolla 140H e-CVT 1.8,4.5,Gasolina 95 E5,2026-10-09
R1810,Tarragona,Girona,188.9,1.766389,0.0,official_inventory_reference_B,no_toll_expected_official_network,,tabla_peajes_2026.csv + fuentes.csv (MITMA/BOE/concesionarias),Red de referencia gratuita post-liberalizaciones (AP-1/AP-2/AP-4/AP-7 liberadas); ver tabla_peajes_2026.csv.,8.501,1.785,15.17,Toyota Corolla 140H e-CVT 1.8,4.5,Gasolina 95 E5,2026-10-09
R1811,Tarragona,Granada,954.683,8.395,0.0,official_inventory_reference_B,no_toll_expected_official_network,,tabla_peajes_2026.csv + fuentes.csv (MITMA/BOE/concesionarias),Red de referencia gratuita post-liberalizaciones (AP-1/AP-2/AP-4/AP-7 liberadas); ver tabla_peajes_2026.csv.,42.961,1.785,76.68,Toyota Corolla 140H e-CVT 1.8,4.5,Gasolina 95 E5,2026-10-09
R1812,Tarragona,Guadalajara,485.324,4.280833,0.0,official_inventory_reference_B,no_toll_expected_official_network,,tabla_peajes_2026.csv + fuentes.csv (MITMA/BOE/concesionarias),Red de referencia gratuita post-liberalizaciones (AP-1/AP-2/AP-4/AP-7 liberadas); ver tabla_peajes_2026.csv.,21.84,1.785,38.98,Toyota Corolla 140H e-CVT 1.8,4.5,Gasolina 95 E5,2026-10-09
R1813,Tarragona,Huelva,1156.276,10.016944,0.0,official_inventory_reference_B,no_toll_expected_official_network,,tabla_peajes_2026.csv + fuentes.csv (MITMA/BOE/concesionarias),Red de referencia gratuita post-liberalizaciones (AP-1/AP-2/AP-4/AP-7 liberadas); ver tabla_peajes_2026.csv.,52.032,1.785,92.88,Toyota Corolla 140H e-CVT 1.8,4.5,Gasolina 95 E5,2026-10-09
R1814,Tarragona,Huesca,215.082,2.11,0.0,official_inventory_reference_B,no_toll_expected_official_network,,tabla_peajes_2026.csv + fuentes.csv (MITMA/BOE/concesionarias),Red de referencia gratuita post-liberalizaciones (AP-1/AP-2/AP-4/AP-7 liberadas); ver tabla_peajes_2026.csv.,9.679,1.785,17.28,Toyota Corolla 140H e-CVT 1.8,4.5,Gasolina 95 E5,2026-10-09
R1815,Tarragona,Jaén,709.056,6.201944,0.0,official_inventory_reference_B,no_toll_expected_official_network,,tabla_peajes_2026.csv + fuentes.csv (MITMA/BOE/concesionarias),Red de referencia gratuita post-liberalizaciones (AP-1/AP-2/AP-4/AP-7 liberadas); ver tabla_peajes_2026.csv.,31.908,1.785,56.95,Toyota Corolla 140H e-CVT 1.8,4.5,Gasolina 95 E5,2026-10-09
R1816,Tarragona,León,700.251,6.095833,0.0,official_inventory_reference_B,no_toll_expected_official_network,,tabla_peajes_2026.csv + fuentes.csv (MITMA/BOE/concesionarias),Red de referencia gratuita post-liberalizaciones (AP-1/AP-2/AP-4/AP-7 liberadas); ver tabla_peajes_2026.csv.,31.511,1.785,56.25,Toyota Corolla 140H e-CVT 1.8,4.5,Gasolina 95 E5,2026-10-09
R1817,Tarragona,Lleida,97.729,0.956667,0.0,official_inventory_reference_B,no_toll_expected_official_network,,tabla_peajes_2026.csv + fuentes.csv (MITMA/BOE/concesionarias),Red de referencia gratuita post-liberalizaciones (AP-1/AP-2/AP-4/AP-7 liberadas); ver tabla_peajes_2026.csv.,4.398,1.785,7.85,Toyota Corolla 140H e-CVT 1.8,4.5,Gasolina 95 E5,2026-10-09
R1818,Tarragona,Logroño,398.763,3.490556,0.0,official_inventory_reference_B,no_toll_expected_official_network,,tabla_peajes_2026.csv + fuentes.csv (MITMA/BOE/concesionarias),Red de referencia gratuita post-liberalizaciones (AP-1/AP-2/AP-4/AP-7 liberadas); ver tabla_peajes_2026.csv.,17.944,1.785,32.03,Toyota Corolla 140H e-CVT 1.8,4.5,Gasolina 95 E5,2026-10-09
R1819,Tarragona,Lugo,919.699,7.963889,0.0,official_inventory_reference_B,no_toll_expected_official_network,,tabla_peajes_2026.csv + fuentes.csv (MITMA/BOE/concesionarias),Red de referencia gratuita post-liberalizaciones (AP-1/AP-2/AP-4/AP-7 liberadas); ver tabla_peajes_2026.csv.,41.386,1.785,73.87,Toyota Corolla 140H e-CVT 1.8,4.5,Gasolina 95 E5,2026-10-09
R1820,Tarragona,Madrid,542.831,4.831389,0.0,official_inventory_reference_B,no_toll_expected_official_network,,tabla_peajes_2026.csv + fuentes.csv (MITMA/BOE/concesionarias),Red de referencia gratuita post-liberalizaciones (AP-1/AP-2/AP-4/AP-7 liberadas); ver tabla_peajes_2026.csv.,24.427,1.785,43.6,Toyota Corolla 140H e-CVT 1.8,4.5,Gasolina 95 E5,2026-10-09
R1821,Tarragona,Málaga,1064.118,10.136389,0.0,official_inventory_reference_B,no_toll_expected_official_network,,tabla_peajes_2026.csv + fuentes.csv (MITMA/BOE/concesionarias),Red de referencia gratuita post-liberalizaciones (AP-1/AP-2/AP-4/AP-7 liberadas); ver tabla_peajes_2026.csv.,47.885,1.785,85.48,Toyota Corolla 140H e-CVT 1.8,4.5,Gasolina 95 E5,2026-10-09
R1822,Tarragona,Murcia,484.23,4.314444,0.0,official_inventory_reference_B,no_toll_expected_official_network,,tabla_peajes_2026.csv + fuentes.csv (MITMA/BOE/concesionarias),Red de referencia gratuita post-liberalizaciones (AP-1/AP-2/AP-4/AP-7 liberadas); ver tabla_peajes_2026.csv.,21.79,1.785,38.9,Toyota Corolla 140H e-CVT 1.8,4.5,Gasolina 95 E5,2026-10-09
R1823,Tarragona,Ourense,981.184,8.590278,0.0,official_inventory_reference_B,no_toll_expected_official_network,,tabla_peajes_2026.csv + fuentes.csv (MITMA/BOE/concesionarias),Red de referencia gratuita post-liberalizaciones (AP-1/AP-2/AP-4/AP-7 liberadas); ver tabla_peajes_2026.csv.,44.153,1.785,78.81,Toyota Corolla 140H e-CVT 1.8,4.5,Gasolina 95 E5,2026-10-09
R1824,Tarragona,Oviedo,820.766,7.197222,0.0,official_inventory_reference_B,no_toll_expected_official_network,,tabla_peajes_2026.csv + fuentes.csv (MITMA/BOE/concesionarias),Corredor cantábrico/pirenaico sin AP-66 en la referencia.,36.934,1.785,65.93,Toyota Corolla 140H e-CVT 1.8,4.5,Gasolina 95 E5,2026-10-09
R1825,Tarragona,Palencia,612.689,5.379167,0.0,official_inventory_reference_B,no_toll_expected_official_network,,tabla_peajes_2026.csv + fuentes.csv (MITMA/BOE/concesionarias),Red de referencia gratuita post-liberalizaciones (AP-1/AP-2/AP-4/AP-7 liberadas); ver tabla_peajes_2026.csv.,27.571,1.785,49.21,Toyota Corolla 140H e-CVT 1.8,4.5,Gasolina 95 E5,2026-10-09
R1826,Tarragona,Pamplona,408.409,3.630278,0.0,official_inventory_reference_B,no_toll_expected_official_network,,tabla_peajes_2026.csv + fuentes.csv (MITMA/BOE/concesionarias),Red de referencia gratuita post-liberalizaciones (AP-1/AP-2/AP-4/AP-7 liberadas); ver tabla_peajes_2026.csv.,18.378,1.785,32.81,Toyota Corolla 140H e-CVT 1.8,4.5,Gasolina 95 E5,2026-10-09
R1827,Tarragona,Pontevedra,1068.468,9.674167,0.0,official_inventory_reference_B,no_toll_expected_official_network,,tabla_peajes_2026.csv + fuentes.csv (MITMA/BOE/concesionarias),Red de referencia gratuita post-liberalizaciones (AP-1/AP-2/AP-4/AP-7 liberadas); ver tabla_peajes_2026.csv.,48.081,1.785,85.82,Toyota Corolla 140H e-CVT 1.8,4.5,Gasolina 95 E5,2026-10-09
R1828,Tarragona,Salamanca,757.824,6.731667,0.0,official_inventory_reference_B,no_toll_expected_official_network,,tabla_peajes_2026.csv + fuentes.csv (MITMA/BOE/concesionarias),Red de referencia gratuita post-liberalizaciones (AP-1/AP-2/AP-4/AP-7 liberadas); ver tabla_peajes_2026.csv.,34.102,1.785,60.87,Toyota Corolla 140H e-CVT 1.8,4.5,Gasolina 95 E5,2026-10-09
R1829,Tarragona,San Sebastián,492.961,4.421667,0.0,official_inventory_reference_B,no_toll_expected_official_network,,tabla_peajes_2026.csv + fuentes.csv (MITMA/BOE/concesionarias),Red de referencia gratuita post-liberalizaciones (AP-1/AP-2/AP-4/AP-7 liberadas); ver tabla_peajes_2026.csv.,22.183,1.785,39.6,Toyota Corolla 140H e-CVT 1.8,4.5,Gasolina 95 E5,2026-10-09
R1830,Tarragona,Santander,628.73,5.542778,0.0,official_inventory_reference_B,no_toll_expected_official_network,,tabla_peajes_2026.csv + fuentes.csv (MITMA/BOE/concesionarias),Red de referencia gratuita post-liberalizaciones (AP-1/AP-2/AP-4/AP-7 liberadas); ver tabla_peajes_2026.csv.,28.293,1.785,50.5,Toyota Corolla 140H e-CVT 1.8,4.5,Gasolina 95 E5,2026-10-09
R1831,Tarragona,Segovia,636.812,5.726667,0.0,official_inventory_reference_B,no_toll_expected_official_network,,tabla_peajes_2026.csv + fuentes.csv (MITMA/BOE/concesionarias),Red de referencia gratuita post-liberalizaciones (AP-1/AP-2/AP-4/AP-7 liberadas); ver tabla_peajes_2026.csv.,28.657,1.785,51.15,Toyota Corolla 140H e-CVT 1.8,4.5,Gasolina 95 E5,2026-10-09
R1832,Tarragona,Sevilla,1079.101,9.323611,0.0,official_inventory_reference_B,no_toll_expected_official_network,,tabla_peajes_2026.csv + fuentes.csv (MITMA/BOE/concesionarias),Red de referencia gratuita post-liberalizaciones (AP-1/AP-2/AP-4/AP-7 liberadas); ver tabla_peajes_2026.csv.,48.56,1.785,86.68,Toyota Corolla 140H e-CVT 1.8,4.5,Gasolina 95 E5,2026-10-09
R1833,Tarragona,Soria,382.154,3.650278,0.0,official_inventory_reference_B,no_toll_expected_official_network,,tabla_peajes_2026.csv + fuentes.csv (MITMA/BOE/concesionarias),Red de referencia gratuita post-liberalizaciones (AP-1/AP-2/AP-4/AP-7 liberadas); ver tabla_peajes_2026.csv.,17.197,1.785,30.7,Toyota Corolla 140H e-CVT 1.8,4.5,Gasolina 95 E5,2026-10-09
R1834,Tarragona,Teruel,337.4,3.109167,0.0,official_inventory_reference_B,no_toll_expected_official_network,,tabla_peajes_2026.csv + fuentes.csv (MITMA/BOE/concesionarias),Red de referencia gratuita post-liberalizaciones (AP-1/AP-2/AP-4/AP-7 liberadas); ver tabla_peajes_2026.csv.,15.183,1.785,27.1,Toyota Corolla 140H e-CVT 1.8,4.5,Gasolina 95 E5,2026-10-09
R1835,Tarragona,Toledo,615.006,5.428611,0.0,official_inventory_reference_B,no_toll_expected_official_network,,tabla_peajes_2026.csv + fuentes.csv (MITMA/BOE/concesionarias),Red de referencia gratuita post-liberalizaciones (AP-1/AP-2/AP-4/AP-7 liberadas); ver tabla_peajes_2026.csv.,27.675,1.785,49.4,Toyota Corolla 140H e-CVT 1.8,4.5,Gasolina 95 E5,2026-10-09
R1836,Tarragona,Valencia,259.797,2.3825,0.0,official_inventory_reference_B,no_toll_expected_official_network,,tabla_peajes_2026.csv + fuentes.csv (MITMA/BOE/concesionarias),Red de referencia gratuita post-liberalizaciones (AP-1/AP-2/AP-4/AP-7 liberadas); ver tabla_peajes_2026.csv.,11.691,1.785,20.87,Toyota Corolla 140H e-CVT 1.8,4.5,Gasolina 95 E5,2026-10-09
R1837,Tarragona,Valladolid,649.784,5.717222,0.0,official_inventory_reference_B,no_toll_expected_official_network,,tabla_peajes_2026.csv + fuentes.csv (MITMA/BOE/concesionarias),Red de referencia gratuita post-liberalizaciones (AP-1/AP-2/AP-4/AP-7 liberadas); ver tabla_peajes_2026.csv.,29.24,1.785,52.19,Toyota Corolla 140H e-CVT 1.8,4.5,Gasolina 95 E5,2026-10-09
R1838,Tarragona,Vitoria-Gasteiz,485.948,4.268333,0.0,official_inventory_reference_B,no_toll_expected_official_network,,tabla_peajes_2026.csv + fuentes.csv (MITMA/BOE/concesionarias),Red de referencia gratuita post-liberalizaciones (AP-1/AP-2/AP-4/AP-7 liberadas); ver tabla_peajes_2026.csv.,21.868,1.785,39.03,Toyota Corolla 140H e-CVT 1.8,4.5,Gasolina 95 E5,2026-10-09
R1839,Tarragona,Zamora,755.995,6.737778,0.0,official_inventory_reference_B,no_toll_expected_official_network,,tabla_peajes_2026.csv + fuentes.csv (MITMA/BOE/concesionarias),Red de referencia gratuita post-liberalizaciones (AP-1/AP-2/AP-4/AP-7 liberadas); ver tabla_peajes_2026.csv.,34.02,1.785,60.73,Toyota Corolla 140H e-CVT 1.8,4.5,Gasolina 95 E5,2026-10-09
R1840,Tarragona,Zaragoza,233.274,2.175,0.0,official_inventory_reference_B,no_toll_expected_official_network,,tabla_peajes_2026.csv + fuentes.csv (MITMA/BOE/concesionarias),Red de referencia gratuita post-liberalizaciones (AP-1/AP-2/AP-4/AP-7 liberadas); ver tabla_peajes_2026.csv.,10.497,1.785,18.74,Toyota Corolla 140H e-CVT 1.8,4.5,Gasolina 95 E5,2026-10-09
R1841,Teruel,A Coruña,858.94,8.345,0.0,official_inventory_reference_B,no_toll_expected_official_network,,tabla_peajes_2026.csv + fuentes.csv (MITMA/BOE/concesionarias),Red de referencia gratuita post-liberalizaciones (AP-1/AP-2/AP-4/AP-7 liberadas); ver tabla_peajes_2026.csv.,38.652,1.785,68.99,Toyota Corolla 140H e-CVT 1.8,4.5,Gasolina 95 E5,2026-10-09
R1842,Teruel,Albacete,229.351,2.651944,0.0,official_inventory_reference_B,no_toll_expected_official_network,,tabla_peajes_2026.csv + fuentes.csv (MITMA/BOE/concesionarias),Red de referencia gratuita post-liberalizaciones (AP-1/AP-2/AP-4/AP-7 liberadas); ver tabla_peajes_2026.csv.,10.321,1.785,18.42,Toyota Corolla 140H e-CVT 1.8,4.5,Gasolina 95 E5,2026-10-09
R1843,Teruel,Alicante,327.779,3.011667,0.0,official_inventory_reference_B,no_toll_expected_official_network,,tabla_peajes_2026.csv + fuentes.csv (MITMA/BOE/concesionarias),Red de referencia gratuita post-liberalizaciones (AP-1/AP-2/AP-4/AP-7 liberadas); ver tabla_peajes_2026.csv.,14.75,1.785,26.33,Toyota Corolla 140H e-CVT 1.8,4.5,Gasolina 95 E5,2026-10-09
R1844,Teruel,Almería,558.245,4.932778,0.0,official_inventory_reference_B,no_toll_expected_official_network,,tabla_peajes_2026.csv + fuentes.csv (MITMA/BOE/concesionarias),Red de referencia gratuita post-liberalizaciones (AP-1/AP-2/AP-4/AP-7 liberadas); ver tabla_peajes_2026.csv.,25.121,1.785,44.84,Toyota Corolla 140H e-CVT 1.8,4.5,Gasolina 95 E5,2026-10-09
R1845,Teruel,Ávila,420.825,4.279167,0.0,official_inventory_reference_B,no_toll_expected_official_network,,tabla_peajes_2026.csv + fuentes.csv (MITMA/BOE/concesionarias),Red de referencia gratuita post-liberalizaciones (AP-1/AP-2/AP-4/AP-7 liberadas); ver tabla_peajes_2026.csv.,18.937,1.785,33.8,Toyota Corolla 140H e-CVT 1.8,4.5,Gasolina 95 E5,2026-10-09
R1846,Teruel,Badajoz,712.601,6.658611,0.0,official_inventory_reference_B,no_toll_expected_official_network,,tabla_peajes_2026.csv + fuentes.csv (MITMA/BOE/concesionarias),Red de referencia gratuita post-liberalizaciones (AP-1/AP-2/AP-4/AP-7 liberadas); ver tabla_peajes_2026.csv.,32.067,1.785,57.24,Toyota Corolla 140H e-CVT 1.8,4.5,Gasolina 95 E5,2026-10-09
R1847,Teruel,Barcelona,425.047,3.933333,0.0,official_inventory_reference_B,no_toll_expected_official_network,,tabla_peajes_2026.csv + fuentes.csv (MITMA/BOE/concesionarias),Red de referencia gratuita post-liberalizaciones (AP-1/AP-2/AP-4/AP-7 liberadas); ver tabla_peajes_2026.csv.,19.127,1.785,34.14,Toyota Corolla 140H e-CVT 1.8,4.5,Gasolina 95 E5,2026-10-09
R1848,Teruel,Bilbao,476.34,4.1975,0.0,official_inventory_reference_B,no_toll_expected_official_network,,tabla_peajes_2026.csv + fuentes.csv (MITMA/BOE/concesionarias),Red de referencia gratuita post-liberalizaciones (AP-1/AP-2/AP-4/AP-7 liberadas); ver tabla_peajes_2026.csv.,21.435,1.785,38.26,Toyota Corolla 140H e-CVT 1.8,4.5,Gasolina 95 E5,2026-10-09
R1849,Teruel,Burgos,513.987,4.931111,0.0,official_inventory_reference_B,no_toll_expected_official_network,,tabla_peajes_2026.csv + fuentes.csv (MITMA/BOE/concesionarias),Red de referencia gratuita post-liberalizaciones (AP-1/AP-2/AP-4/AP-7 liberadas); ver tabla_peajes_2026.csv.,23.129,1.785,41.29,Toyota Corolla 140H e-CVT 1.8,4.5,Gasolina 95 E5,2026-10-09
R1850,Teruel,Cáceres,610.472,5.823333,0.0,official_inventory_reference_B,no_toll_expected_official_network,,tabla_peajes_2026.csv + fuentes.csv (MITMA/BOE/concesionarias),Red de referencia gratuita post-liberalizaciones (AP-1/AP-2/AP-4/AP-7 liberadas); ver tabla_peajes_2026.csv.,27.471,1.785,49.04,Toyota Corolla 140H e-CVT 1.8,4.5,Gasolina 95 E5,2026-10-09
R1851,Teruel,Cádiz,811.358,7.453889,0.0,official_inventory_reference_B,no_toll_expected_official_network,,tabla_peajes_2026.csv + fuentes.csv (MITMA/BOE/concesionarias),Red de referencia gratuita post-liberalizaciones (AP-1/AP-2/AP-4/AP-7 liberadas); ver tabla_peajes_2026.csv.,36.511,1.785,65.17,Toyota Corolla 140H e-CVT 1.8,4.5,Gasolina 95 E5,2026-10-09
R1852,Teruel,Castellón de la Plana,147.074,1.586389,0.0,official_inventory_reference_B,no_toll_expected_official_network,,tabla_peajes_2026.csv + fuentes.csv (MITMA/BOE/concesionarias),Red de referencia gratuita post-liberalizaciones (AP-1/AP-2/AP-4/AP-7 liberadas); ver tabla_peajes_2026.csv.,6.618,1.785,11.81,Toyota Corolla 140H e-CVT 1.8,4.5,Gasolina 95 E5,2026-10-09
R1853,Teruel,Ciudad Real,390.335,3.698056,0.0,official_inventory_reference_B,no_toll_expected_official_network,,tabla_peajes_2026.csv + fuentes.csv (MITMA/BOE/concesionarias),Red de referencia gratuita post-liberalizaciones (AP-1/AP-2/AP-4/AP-7 liberadas); ver tabla_peajes_2026.csv.,17.565,1.785,31.35,Toyota Corolla 140H e-CVT 1.8,4.5,Gasolina 95 E5,2026-10-09
R1854,Teruel,Córdoba,560.066,5.302778,0.0,official_inventory_reference_B,no_toll_expected_official_network,,tabla_peajes_2026.csv + fuentes.csv (MITMA/BOE/concesionarias),Red de referencia gratuita post-liberalizaciones (AP-1/AP-2/AP-4/AP-7 liberadas); ver tabla_peajes_2026.csv.,25.203,1.785,44.99,Toyota Corolla 140H e-CVT 1.8,4.5,Gasolina 95 E5,2026-10-09
R1855,Teruel,Cuenca,147.534,1.724722,0.0,official_inventory_reference_B,no_toll_expected_official_network,,tabla_peajes_2026.csv + fuentes.csv (MITMA/BOE/concesionarias),Red de referencia gratuita post-liberalizaciones (AP-1/AP-2/AP-4/AP-7 liberadas); ver tabla_peajes_2026.csv.,6.639,1.785,11.85,Toyota Corolla 140H e-CVT 1.8,4.5,Gasolina 95 E5,2026-10-09
R1856,Teruel,Girona,517.578,4.651111,0.0,official_inventory_reference_B,no_toll_expected_official_network,,tabla_peajes_2026.csv + fuentes.csv (MITMA/BOE/concesionarias),Red de referencia gratuita post-liberalizaciones (AP-1/AP-2/AP-4/AP-7 liberadas); ver tabla_peajes_2026.csv.,23.291,1.785,41.57,Toyota Corolla 140H e-CVT 1.8,4.5,Gasolina 95 E5,2026-10-09
R1857,Teruel,Granada,584.46,5.405556,0.0,official_inventory_reference_B,no_toll_expected_official_network,,tabla_peajes_2026.csv + fuentes.csv (MITMA/BOE/concesionarias),Red de referencia gratuita post-liberalizaciones (AP-1/AP-2/AP-4/AP-7 liberadas); ver tabla_peajes_2026.csv.,26.301,1.785,46.95,Toyota Corolla 140H e-CVT 1.8,4.5,Gasolina 95 E5,2026-10-09
R1858,Teruel,Guadalajara,247.105,2.646667,0.0,official_inventory_reference_B,no_toll_expected_official_network,,tabla_peajes_2026.csv + fuentes.csv (MITMA/BOE/concesionarias),Red de referencia gratuita post-liberalizaciones (AP-1/AP-2/AP-4/AP-7 liberadas); ver tabla_peajes_2026.csv.,11.12,1.785,19.85,Toyota Corolla 140H e-CVT 1.8,4.5,Gasolina 95 E5,2026-10-09
R1859,Teruel,Huelva,789.447,7.266667,0.0,official_inventory_reference_B,no_toll_expected_official_network,,tabla_peajes_2026.csv + fuentes.csv (MITMA/BOE/concesionarias),Red de referencia gratuita post-liberalizaciones (AP-1/AP-2/AP-4/AP-7 liberadas); ver tabla_peajes_2026.csv.,35.525,1.785,63.41,Toyota Corolla 140H e-CVT 1.8,4.5,Gasolina 95 E5,2026-10-09
R1860,Teruel,Huesca,251.919,2.273056,0.0,official_inventory_reference_B,no_toll_expected_official_network,,tabla_peajes_2026.csv + fuentes.csv (MITMA/BOE/concesionarias),Red de referencia gratuita post-liberalizaciones (AP-1/AP-2/AP-4/AP-7 liberadas); ver tabla_peajes_2026.csv.,11.336,1.785,20.24,Toyota Corolla 140H e-CVT 1.8,4.5,Gasolina 95 E5,2026-10-09
R1861,Teruel,Jaén,501.042,4.726389,0.0,official_inventory_reference_B,no_toll_expected_official_network,,tabla_peajes_2026.csv + fuentes.csv (MITMA/BOE/concesionarias),Red de referencia gratuita post-liberalizaciones (AP-1/AP-2/AP-4/AP-7 liberadas); ver tabla_peajes_2026.csv.,22.547,1.785,40.25,Toyota Corolla 140H e-CVT 1.8,4.5,Gasolina 95 E5,2026-10-09
R1862,Teruel,León,543.585,5.6625,0.0,official_inventory_reference_B,no_toll_expected_official_network,,tabla_peajes_2026.csv + fuentes.csv (MITMA/BOE/concesionarias),Red de referencia gratuita post-liberalizaciones (AP-1/AP-2/AP-4/AP-7 liberadas); ver tabla_peajes_2026.csv.,24.461,1.785,43.66,Toyota Corolla 140H e-CVT 1.8,4.5,Gasolina 95 E5,2026-10-09
R1863,Teruel,Lleida,270.383,3.088056,0.0,official_inventory_reference_B,no_toll_expected_official_network,,tabla_peajes_2026.csv + fuentes.csv (MITMA/BOE/concesionarias),Red de referencia gratuita post-liberalizaciones (AP-1/AP-2/AP-4/AP-7 liberadas); ver tabla_peajes_2026.csv.,12.167,1.785,21.72,Toyota Corolla 140H e-CVT 1.8,4.5,Gasolina 95 E5,2026-10-09
R1864,Teruel,Logroño,343.348,3.061944,0.0,official_inventory_reference_B,no_toll_expected_official_network,,tabla_peajes_2026.csv + fuentes.csv (MITMA/BOE/concesionarias),Red de referencia gratuita post-liberalizaciones (AP-1/AP-2/AP-4/AP-7 liberadas); ver tabla_peajes_2026.csv.,15.451,1.785,27.58,Toyota Corolla 140H e-CVT 1.8,4.5,Gasolina 95 E5,2026-10-09
R1865,Teruel,Lugo,808.673,7.4725,0.0,official_inventory_reference_B,no_toll_expected_official_network,,tabla_peajes_2026.csv + fuentes.csv (MITMA/BOE/concesionarias),Red de referencia gratuita post-liberalizaciones (AP-1/AP-2/AP-4/AP-7 liberadas); ver tabla_peajes_2026.csv.,36.39,1.785,64.96,Toyota Corolla 140H e-CVT 1.8,4.5,Gasolina 95 E5,2026-10-09
R1866,Teruel,Madrid,304.613,3.197222,0.0,official_inventory_reference_B,no_toll_expected_official_network,,tabla_peajes_2026.csv + fuentes.csv (MITMA/BOE/concesionarias),Red de referencia gratuita post-liberalizaciones (AP-1/AP-2/AP-4/AP-7 liberadas); ver tabla_peajes_2026.csv.,13.708,1.785,24.47,Toyota Corolla 140H e-CVT 1.8,4.5,Gasolina 95 E5,2026-10-09
R1867,Teruel,Málaga,751.036,7.485556,0.0,official_inventory_reference_B,no_toll_expected_official_network,,tabla_peajes_2026.csv + fuentes.csv (MITMA/BOE/concesionarias),Red de referencia gratuita post-liberalizaciones (AP-1/AP-2/AP-4/AP-7 liberadas); ver tabla_peajes_2026.csv.,33.797,1.785,60.33,Toyota Corolla 140H e-CVT 1.8,4.5,Gasolina 95 E5,2026-10-09
R1868,Teruel,Murcia,366.324,3.371111,0.0,official_inventory_reference_B,no_toll_expected_official_network,,tabla_peajes_2026.csv + fuentes.csv (MITMA/BOE/concesionarias),Red de referencia gratuita post-liberalizaciones (AP-1/AP-2/AP-4/AP-7 liberadas); ver tabla_peajes_2026.csv.,16.485,1.785,29.42,Toyota Corolla 140H e-CVT 1.8,4.5,Gasolina 95 E5,2026-10-09
R1869,Teruel,Ourense,809.079,7.648611,0.0,official_inventory_reference_B,no_toll_expected_official_network,,tabla_peajes_2026.csv + fuentes.csv (MITMA/BOE/concesionarias),Red de referencia gratuita post-liberalizaciones (AP-1/AP-2/AP-4/AP-7 liberadas); ver tabla_peajes_2026.csv.,36.409,1.785,64.99,Toyota Corolla 140H e-CVT 1.8,4.5,Gasolina 95 E5,2026-10-09
R1870,Teruel,Oviedo,762.62,6.756389,16.2,official_inventory_reference_B,valued_official_2026,AP-66 Campomanes-León,tabla_peajes_2026.csv + fuentes.csv (MITMA/BOE/concesionarias),Paso del Huerna hacia la Meseta/sur; sin alternativa rápida equivalente.,34.318,1.785,61.26,Toyota Corolla 140H e-CVT 1.8,4.5,Gasolina 95 E5,2026-10-09
R1871,Teruel,Palencia,419.66,4.694722,0.0,official_inventory_reference_B,no_toll_expected_official_network,,tabla_peajes_2026.csv + fuentes.csv (MITMA/BOE/concesionarias),Red de referencia gratuita post-liberalizaciones (AP-1/AP-2/AP-4/AP-7 liberadas); ver tabla_peajes_2026.csv.,18.885,1.785,33.71,Toyota Corolla 140H e-CVT 1.8,4.5,Gasolina 95 E5,2026-10-09
R1872,Teruel,Pamplona,352.994,3.201667,0.0,official_inventory_reference_B,no_toll_expected_official_network,,tabla_peajes_2026.csv + fuentes.csv (MITMA/BOE/concesionarias),Red de referencia gratuita post-liberalizaciones (AP-1/AP-2/AP-4/AP-7 liberadas); ver tabla_peajes_2026.csv.,15.885,1.785,28.35,Toyota Corolla 140H e-CVT 1.8,4.5,Gasolina 95 E5,2026-10-09
R1873,Teruel,Pontevedra,896.364,8.7325,0.0,official_inventory_reference_B,no_toll_expected_official_network,,tabla_peajes_2026.csv + fuentes.csv (MITMA/BOE/concesionarias),Red de referencia gratuita post-liberalizaciones (AP-1/AP-2/AP-4/AP-7 liberadas); ver tabla_peajes_2026.csv.,40.336,1.785,72.0,Toyota Corolla 140H e-CVT 1.8,4.5,Gasolina 95 E5,2026-10-09
R1874,Teruel,Salamanca,519.605,5.0975,0.0,official_inventory_reference_B,no_toll_expected_official_network,,tabla_peajes_2026.csv + fuentes.csv (MITMA/BOE/concesionarias),Red de referencia gratuita post-liberalizaciones (AP-1/AP-2/AP-4/AP-7 liberadas); ver tabla_peajes_2026.csv.,23.382,1.785,41.74,Toyota Corolla 140H e-CVT 1.8,4.5,Gasolina 95 E5,2026-10-09
R1875,Teruel,San Sebastián,437.546,3.993056,0.0,official_inventory_reference_B,no_toll_expected_official_network,,tabla_peajes_2026.csv + fuentes.csv (MITMA/BOE/concesionarias),Red de referencia gratuita post-liberalizaciones (AP-1/AP-2/AP-4/AP-7 liberadas); ver tabla_peajes_2026.csv.,19.69,1.785,35.15,Toyota Corolla 140H e-CVT 1.8,4.5,Gasolina 95 E5,2026-10-09
R1876,Teruel,Santander,573.316,5.114167,0.0,official_inventory_reference_B,no_toll_expected_official_network,,tabla_peajes_2026.csv + fuentes.csv (MITMA/BOE/concesionarias),Red de referencia gratuita post-liberalizaciones (AP-1/AP-2/AP-4/AP-7 liberadas); ver tabla_peajes_2026.csv.,25.799,1.785,46.05,Toyota Corolla 140H e-CVT 1.8,4.5,Gasolina 95 E5,2026-10-09
R1877,Teruel,Segovia,398.6,4.092222,0.0,official_inventory_reference_B,no_toll_expected_official_network,,tabla_peajes_2026.csv + fuentes.csv (MITMA/BOE/concesionarias),Red de referencia gratuita post-liberalizaciones (AP-1/AP-2/AP-4/AP-7 liberadas); ver tabla_peajes_2026.csv.,17.937,1.785,32.02,Toyota Corolla 140H e-CVT 1.8,4.5,Gasolina 95 E5,2026-10-09
R1878,Teruel,Sevilla,697.027,6.495556,0.0,official_inventory_reference_B,no_toll_expected_official_network,,tabla_peajes_2026.csv + fuentes.csv (MITMA/BOE/concesionarias),Red de referencia gratuita post-liberalizaciones (AP-1/AP-2/AP-4/AP-7 liberadas); ver tabla_peajes_2026.csv.,31.366,1.785,55.99,Toyota Corolla 140H e-CVT 1.8,4.5,Gasolina 95 E5,2026-10-09
R1879,Teruel,Soria,229.735,2.524722,0.0,official_inventory_reference_B,no_toll_expected_official_network,,tabla_peajes_2026.csv + fuentes.csv (MITMA/BOE/concesionarias),Red de referencia gratuita post-liberalizaciones (AP-1/AP-2/AP-4/AP-7 liberadas); ver tabla_peajes_2026.csv.,10.338,1.785,18.45,Toyota Corolla 140H e-CVT 1.8,4.5,Gasolina 95 E5,2026-10-09
R1880,Teruel,Tarragona,334.22,3.085556,0.0,official_inventory_reference_B,no_toll_expected_official_network,,tabla_peajes_2026.csv + fuentes.csv (MITMA/BOE/concesionarias),Red de referencia gratuita post-liberalizaciones (AP-1/AP-2/AP-4/AP-7 liberadas); ver tabla_peajes_2026.csv.,15.04,1.785,26.85,Toyota Corolla 140H e-CVT 1.8,4.5,Gasolina 95 E5,2026-10-09
R1881,Teruel,Toledo,330.116,3.54,0.0,official_inventory_reference_B,no_toll_expected_official_network,,tabla_peajes_2026.csv + fuentes.csv (MITMA/BOE/concesionarias),Red de referencia gratuita post-liberalizaciones (AP-1/AP-2/AP-4/AP-7 liberadas); ver tabla_peajes_2026.csv.,14.855,1.785,26.52,Toyota Corolla 140H e-CVT 1.8,4.5,Gasolina 95 E5,2026-10-09
R1882,Teruel,Valencia,141.321,1.433611,0.0,official_inventory_reference_B,no_toll_expected_official_network,,tabla_peajes_2026.csv + fuentes.csv (MITMA/BOE/concesionarias),Red de referencia gratuita post-liberalizaciones (AP-1/AP-2/AP-4/AP-7 liberadas); ver tabla_peajes_2026.csv.,6.359,1.785,11.35,Toyota Corolla 140H e-CVT 1.8,4.5,Gasolina 95 E5,2026-10-09
R1883,Teruel,Valladolid,425.842,4.765556,0.0,official_inventory_reference_B,no_toll_expected_official_network,,tabla_peajes_2026.csv + fuentes.csv (MITMA/BOE/concesionarias),Red de referencia gratuita post-liberalizaciones (AP-1/AP-2/AP-4/AP-7 liberadas); ver tabla_peajes_2026.csv.,19.163,1.785,34.21,Toyota Corolla 140H e-CVT 1.8,4.5,Gasolina 95 E5,2026-10-09
R1884,Teruel,Vitoria-Gasteiz,430.533,3.839722,0.0,official_inventory_reference_B,no_toll_expected_official_network,,tabla_peajes_2026.csv + fuentes.csv (MITMA/BOE/concesionarias),Red de referencia gratuita post-liberalizaciones (AP-1/AP-2/AP-4/AP-7 liberadas); ver tabla_peajes_2026.csv.,19.374,1.785,34.58,Toyota Corolla 140H e-CVT 1.8,4.5,Gasolina 95 E5,2026-10-09
R1885,Teruel,Zamora,569.152,5.660278,0.0,official_inventory_reference_B,no_toll_expected_official_network,,tabla_peajes_2026.csv + fuentes.csv (MITMA/BOE/concesionarias),Red de referencia gratuita post-liberalizaciones (AP-1/AP-2/AP-4/AP-7 liberadas); ver tabla_peajes_2026.csv.,25.612,1.785,45.72,Toyota Corolla 140H e-CVT 1.8,4.5,Gasolina 95 E5,2026-10-09
R1886,Teruel,Zaragoza,179.238,1.684167,0.0,official_inventory_reference_B,no_toll_expected_official_network,,tabla_peajes_2026.csv + fuentes.csv (MITMA/BOE/concesionarias),Red de referencia gratuita post-liberalizaciones (AP-1/AP-2/AP-4/AP-7 liberadas); ver tabla_peajes_2026.csv.,8.066,1.785,14.4,Toyota Corolla 140H e-CVT 1.8,4.5,Gasolina 95 E5,2026-10-09
R1887,Toledo,A Coruña,668.046,5.802222,0.0,official_inventory_reference_B,no_toll_expected_official_network,,tabla_peajes_2026.csv + fuentes.csv (MITMA/BOE/concesionarias),Red de referencia gratuita post-liberalizaciones (AP-1/AP-2/AP-4/AP-7 liberadas); ver tabla_peajes_2026.csv.,30.062,1.785,53.66,Toyota Corolla 140H e-CVT 1.8,4.5,Gasolina 95 E5,2026-10-09
R1888,Toledo,Albacete,257.86,2.328611,0.0,official_inventory_reference_B,no_toll_expected_official_network,,tabla_peajes_2026.csv + fuentes.csv (MITMA/BOE/concesionarias),Red de referencia gratuita post-liberalizaciones (AP-1/AP-2/AP-4/AP-7 liberadas); ver tabla_peajes_2026.csv.,11.604,1.785,20.71,Toyota Corolla 140H e-CVT 1.8,4.5,Gasolina 95 E5,2026-10-09
R1889,Toledo,Alicante,415.322,3.890556,0.0,official_inventory_reference_B,no_toll_expected_official_network,,tabla_peajes_2026.csv + fuentes.csv (MITMA/BOE/concesionarias),Red de referencia gratuita post-liberalizaciones (AP-1/AP-2/AP-4/AP-7 liberadas); ver tabla_peajes_2026.csv.,18.689,1.785,33.36,Toyota Corolla 140H e-CVT 1.8,4.5,Gasolina 95 E5,2026-10-09
R1890,Toledo,Almería,492.619,4.521667,0.0,official_inventory_reference_B,no_toll_expected_official_network,,tabla_peajes_2026.csv + fuentes.csv (MITMA/BOE/concesionarias),Red de referencia gratuita post-liberalizaciones (AP-1/AP-2/AP-4/AP-7 liberadas); ver tabla_peajes_2026.csv.,22.168,1.785,39.57,Toyota Corolla 140H e-CVT 1.8,4.5,Gasolina 95 E5,2026-10-09
R1891,Toledo,Ávila,134.861,1.652778,0.0,official_inventory_reference_B,no_toll_expected_official_network,,tabla_peajes_2026.csv + fuentes.csv (MITMA/BOE/concesionarias),Red de referencia gratuita post-liberalizaciones (AP-1/AP-2/AP-4/AP-7 liberadas); ver tabla_peajes_2026.csv.,6.069,1.785,10.83,Toyota Corolla 140H e-CVT 1.8,4.5,Gasolina 95 E5,2026-10-09
R1892,Toledo,Badajoz,367.466,3.270833,0.0,official_inventory_reference_B,no_toll_expected_official_network,,tabla_peajes_2026.csv + fuentes.csv (MITMA/BOE/concesionarias),Red de referencia gratuita post-liberalizaciones (AP-1/AP-2/AP-4/AP-7 liberadas); ver tabla_peajes_2026.csv.,16.536,1.785,29.52,Toyota Corolla 140H e-CVT 1.8,4.5,Gasolina 95 E5,2026-10-09
R1893,Toledo,Barcelona,694.156,6.160833,0.0,official_inventory_reference_B,no_toll_expected_official_network,,tabla_peajes_2026.csv + fuentes.csv (MITMA/BOE/concesionarias),Red de referencia gratuita post-liberalizaciones (AP-1/AP-2/AP-4/AP-7 liberadas); ver tabla_peajes_2026.csv.,31.237,1.785,55.76,Toyota Corolla 140H e-CVT 1.8,4.5,Gasolina 95 E5,2026-10-09
R1894,Toledo,Bilbao,481.754,4.286944,0.0,official_inventory_reference_B,no_toll_expected_official_network,,tabla_peajes_2026.csv + fuentes.csv (MITMA/BOE/concesionarias),Red de referencia gratuita post-liberalizaciones (AP-1/AP-2/AP-4/AP-7 liberadas); ver tabla_peajes_2026.csv.,21.679,1.785,38.7,Toyota Corolla 140H e-CVT 1.8,4.5,Gasolina 95 E5,2026-10-09
R1895,Toledo,Burgos,327.658,2.918889,0.0,official_inventory_reference_B,no_toll_expected_official_network,,tabla_peajes_2026.csv + fuentes.csv (MITMA/BOE/concesionarias),Red de referencia gratuita post-liberalizaciones (AP-1/AP-2/AP-4/AP-7 liberadas); ver tabla_peajes_2026.csv.,14.745,1.785,26.32,Toyota Corolla 140H e-CVT 1.8,4.5,Gasolina 95 E5,2026-10-09
R1896,Toledo,Cáceres,265.331,2.435556,0.0,official_inventory_reference_B,no_toll_expected_official_network,,tabla_peajes_2026.csv + fuentes.csv (MITMA/BOE/concesionarias),Red de referencia gratuita post-liberalizaciones (AP-1/AP-2/AP-4/AP-7 liberadas); ver tabla_peajes_2026.csv.,11.94,1.785,21.31,Toyota Corolla 140H e-CVT 1.8,4.5,Gasolina 95 E5,2026-10-09
R1897,Toledo,Cádiz,594.732,5.355556,0.0,official_inventory_reference_B,no_toll_expected_official_network,,tabla_peajes_2026.csv + fuentes.csv (MITMA/BOE/concesionarias),Red de referencia gratuita post-liberalizaciones (AP-1/AP-2/AP-4/AP-7 liberadas); ver tabla_peajes_2026.csv.,26.763,1.785,47.77,Toyota Corolla 140H e-CVT 1.8,4.5,Gasolina 95 E5,2026-10-09
R1898,Toledo,Castellón de la Plana,443.713,4.105556,0.0,official_inventory_reference_B,no_toll_expected_official_network,,tabla_peajes_2026.csv + fuentes.csv (MITMA/BOE/concesionarias),Red de referencia gratuita post-liberalizaciones (AP-1/AP-2/AP-4/AP-7 liberadas); ver tabla_peajes_2026.csv.,19.967,1.785,35.64,Toyota Corolla 140H e-CVT 1.8,4.5,Gasolina 95 E5,2026-10-09
R1899,Toledo,Ciudad Real,121.187,1.390278,0.0,official_inventory_reference_B,no_toll_expected_official_network,,tabla_peajes_2026.csv + fuentes.csv (MITMA/BOE/concesionarias),Red de referencia gratuita post-liberalizaciones (AP-1/AP-2/AP-4/AP-7 liberadas); ver tabla_peajes_2026.csv.,5.453,1.785,9.73,Toyota Corolla 140H e-CVT 1.8,4.5,Gasolina 95 E5,2026-10-09
R1900,Toledo,Córdoba,343.438,3.203889,0.0,official_inventory_reference_B,no_toll_expected_official_network,,tabla_peajes_2026.csv + fuentes.csv (MITMA/BOE/concesionarias),Red de referencia gratuita post-liberalizaciones (AP-1/AP-2/AP-4/AP-7 liberadas); ver tabla_peajes_2026.csv.,15.455,1.785,27.59,Toyota Corolla 140H e-CVT 1.8,4.5,Gasolina 95 E5,2026-10-09
R1901,Toledo,Cuenca,182.333,1.879167,0.0,official_inventory_reference_B,no_toll_expected_official_network,,tabla_peajes_2026.csv + fuentes.csv (MITMA/BOE/concesionarias),Red de referencia gratuita post-liberalizaciones (AP-1/AP-2/AP-4/AP-7 liberadas); ver tabla_peajes_2026.csv.,8.205,1.785,14.65,Toyota Corolla 140H e-CVT 1.8,4.5,Gasolina 95 E5,2026-10-09
R1902,Toledo,Girona,759.903,6.745833,0.0,official_inventory_reference_B,no_toll_expected_official_network,,tabla_peajes_2026.csv + fuentes.csv (MITMA/BOE/concesionarias),Red de referencia gratuita post-liberalizaciones (AP-1/AP-2/AP-4/AP-7 liberadas); ver tabla_peajes_2026.csv.,34.196,1.785,61.04,Toyota Corolla 140H e-CVT 1.8,4.5,Gasolina 95 E5,2026-10-09
R1903,Toledo,Granada,367.834,3.306944,0.0,official_inventory_reference_B,no_toll_expected_official_network,,tabla_peajes_2026.csv + fuentes.csv (MITMA/BOE/concesionarias),Red de referencia gratuita post-liberalizaciones (AP-1/AP-2/AP-4/AP-7 liberadas); ver tabla_peajes_2026.csv.,16.553,1.785,29.55,Toyota Corolla 140H e-CVT 1.8,4.5,Gasolina 95 E5,2026-10-09
R1904,Toledo,Guadalajara,132.26,1.288333,0.0,official_inventory_reference_B,no_toll_expected_official_network,,tabla_peajes_2026.csv + fuentes.csv (MITMA/BOE/concesionarias),Red de referencia gratuita post-liberalizaciones (AP-1/AP-2/AP-4/AP-7 liberadas); ver tabla_peajes_2026.csv.,5.952,1.785,10.62,Toyota Corolla 140H e-CVT 1.8,4.5,Gasolina 95 E5,2026-10-09
R1905,Toledo,Huelva,572.821,5.168333,0.0,official_inventory_reference_B,no_toll_expected_official_network,,tabla_peajes_2026.csv + fuentes.csv (MITMA/BOE/concesionarias),Red de referencia gratuita post-liberalizaciones (AP-1/AP-2/AP-4/AP-7 liberadas); ver tabla_peajes_2026.csv.,25.777,1.785,46.01,Toyota Corolla 140H e-CVT 1.8,4.5,Gasolina 95 E5,2026-10-09
R1906,Toledo,Huesca,460.883,4.161944,0.0,official_inventory_reference_B,no_toll_expected_official_network,,tabla_peajes_2026.csv + fuentes.csv (MITMA/BOE/concesionarias),Red de referencia gratuita post-liberalizaciones (AP-1/AP-2/AP-4/AP-7 liberadas); ver tabla_peajes_2026.csv.,20.74,1.785,37.02,Toyota Corolla 140H e-CVT 1.8,4.5,Gasolina 95 E5,2026-10-09
R1907,Toledo,Jaén,280.169,2.553889,0.0,official_inventory_reference_B,no_toll_expected_official_network,,tabla_peajes_2026.csv + fuentes.csv (MITMA/BOE/concesionarias),Red de referencia gratuita post-liberalizaciones (AP-1/AP-2/AP-4/AP-7 liberadas); ver tabla_peajes_2026.csv.,12.608,1.785,22.5,Toyota Corolla 140H e-CVT 1.8,4.5,Gasolina 95 E5,2026-10-09
R1908,Toledo,León,409.134,3.671389,0.0,official_inventory_reference_B,no_toll_expected_official_network,,tabla_peajes_2026.csv + fuentes.csv (MITMA/BOE/concesionarias),Red de referencia gratuita post-liberalizaciones (AP-1/AP-2/AP-4/AP-7 liberadas); ver tabla_peajes_2026.csv.,18.411,1.785,32.86,Toyota Corolla 140H e-CVT 1.8,4.5,Gasolina 95 E5,2026-10-09
R1909,Toledo,Lleida,533.243,4.735556,0.0,official_inventory_reference_B,no_toll_expected_official_network,,tabla_peajes_2026.csv + fuentes.csv (MITMA/BOE/concesionarias),Red de referencia gratuita post-liberalizaciones (AP-1/AP-2/AP-4/AP-7 liberadas); ver tabla_peajes_2026.csv.,23.996,1.785,42.83,Toyota Corolla 140H e-CVT 1.8,4.5,Gasolina 95 E5,2026-10-09
R1910,Toledo,Logroño,400.21,3.853611,0.0,official_inventory_reference_B,no_toll_expected_official_network,,tabla_peajes_2026.csv + fuentes.csv (MITMA/BOE/concesionarias),Red de referencia gratuita post-liberalizaciones (AP-1/AP-2/AP-4/AP-7 liberadas); ver tabla_peajes_2026.csv.,18.009,1.785,32.15,Toyota Corolla 140H e-CVT 1.8,4.5,Gasolina 95 E5,2026-10-09
R1911,Toledo,Lugo,572.146,4.987778,0.0,official_inventory_reference_B,no_toll_expected_official_network,,tabla_peajes_2026.csv + fuentes.csv (MITMA/BOE/concesionarias),Red de referencia gratuita post-liberalizaciones (AP-1/AP-2/AP-4/AP-7 liberadas); ver tabla_peajes_2026.csv.,25.747,1.785,45.96,Toyota Corolla 140H e-CVT 1.8,4.5,Gasolina 95 E5,2026-10-09
R1912,Toledo,Madrid,75.763,0.857778,0.0,official_inventory_reference_B,no_toll_expected_official_network,,tabla_peajes_2026.csv + fuentes.csv (MITMA/BOE/concesionarias),Red de referencia gratuita post-liberalizaciones (AP-1/AP-2/AP-4/AP-7 liberadas); ver tabla_peajes_2026.csv.,3.409,1.785,6.09,Toyota Corolla 140H e-CVT 1.8,4.5,Gasolina 95 E5,2026-10-09
R1913,Toledo,Málaga,477.27,5.048333,0.0,official_inventory_reference_B,no_toll_expected_official_network,,tabla_peajes_2026.csv + fuentes.csv (MITMA/BOE/concesionarias),Red de referencia gratuita post-liberalizaciones (AP-1/AP-2/AP-4/AP-7 liberadas); ver tabla_peajes_2026.csv.,21.477,1.785,38.34,Toyota Corolla 140H e-CVT 1.8,4.5,Gasolina 95 E5,2026-10-09
R1914,Toledo,Murcia,400.325,3.580556,0.0,official_inventory_reference_B,no_toll_expected_official_network,,tabla_peajes_2026.csv + fuentes.csv (MITMA/BOE/concesionarias),Red de referencia gratuita post-liberalizaciones (AP-1/AP-2/AP-4/AP-7 liberadas); ver tabla_peajes_2026.csv.,18.015,1.785,32.16,Toyota Corolla 140H e-CVT 1.8,4.5,Gasolina 95 E5,2026-10-09
R1915,Toledo,Ourense,572.552,5.163889,0.0,official_inventory_reference_B,no_toll_expected_official_network,,tabla_peajes_2026.csv + fuentes.csv (MITMA/BOE/concesionarias),Red de referencia gratuita post-liberalizaciones (AP-1/AP-2/AP-4/AP-7 liberadas); ver tabla_peajes_2026.csv.,25.765,1.785,45.99,Toyota Corolla 140H e-CVT 1.8,4.5,Gasolina 95 E5,2026-10-09
R1916,Toledo,Oviedo,518.538,4.655833,16.2,official_inventory_reference_B,valued_official_2026,AP-66 Campomanes-León,tabla_peajes_2026.csv + fuentes.csv (MITMA/BOE/concesionarias),Paso del Huerna hacia la Meseta/sur; sin alternativa rápida equivalente.,23.334,1.785,41.65,Toyota Corolla 140H e-CVT 1.8,4.5,Gasolina 95 E5,2026-10-09
R1917,Toledo,Palencia,326.744,2.976111,0.0,official_inventory_reference_B,no_toll_expected_official_network,,tabla_peajes_2026.csv + fuentes.csv (MITMA/BOE/concesionarias),Red de referencia gratuita post-liberalizaciones (AP-1/AP-2/AP-4/AP-7 liberadas); ver tabla_peajes_2026.csv.,14.703,1.785,26.25,Toyota Corolla 140H e-CVT 1.8,4.5,Gasolina 95 E5,2026-10-09
R1918,Toledo,Pamplona,478.84,4.511389,0.0,official_inventory_reference_B,no_toll_expected_official_network,,tabla_peajes_2026.csv + fuentes.csv (MITMA/BOE/concesionarias),Red de referencia gratuita post-liberalizaciones (AP-1/AP-2/AP-4/AP-7 liberadas); ver tabla_peajes_2026.csv.,21.548,1.785,38.46,Toyota Corolla 140H e-CVT 1.8,4.5,Gasolina 95 E5,2026-10-09
R1919,Toledo,Pontevedra,659.837,6.2475,0.0,official_inventory_reference_B,no_toll_expected_official_network,,tabla_peajes_2026.csv + fuentes.csv (MITMA/BOE/concesionarias),Red de referencia gratuita post-liberalizaciones (AP-1/AP-2/AP-4/AP-7 liberadas); ver tabla_peajes_2026.csv.,29.693,1.785,53.0,Toyota Corolla 140H e-CVT 1.8,4.5,Gasolina 95 E5,2026-10-09
R1920,Toledo,Salamanca,238.762,2.576389,0.0,official_inventory_reference_B,no_toll_expected_official_network,,tabla_peajes_2026.csv + fuentes.csv (MITMA/BOE/concesionarias),Red de referencia gratuita post-liberalizaciones (AP-1/AP-2/AP-4/AP-7 liberadas); ver tabla_peajes_2026.csv.,10.744,1.785,19.18,Toyota Corolla 140H e-CVT 1.8,4.5,Gasolina 95 E5,2026-10-09
R1921,Toledo,San Sebastián,536.904,4.804167,0.0,official_inventory_reference_B,no_toll_expected_official_network,,tabla_peajes_2026.csv + fuentes.csv (MITMA/BOE/concesionarias),Red de referencia gratuita post-liberalizaciones (AP-1/AP-2/AP-4/AP-7 liberadas); ver tabla_peajes_2026.csv.,24.161,1.785,43.13,Toyota Corolla 140H e-CVT 1.8,4.5,Gasolina 95 E5,2026-10-09
R1922,Toledo,Santander,524.293,4.677222,0.0,official_inventory_reference_B,no_toll_expected_official_network,,tabla_peajes_2026.csv + fuentes.csv (MITMA/BOE/concesionarias),Red de referencia gratuita post-liberalizaciones (AP-1/AP-2/AP-4/AP-7 liberadas); ver tabla_peajes_2026.csv.,23.593,1.785,42.11,Toyota Corolla 140H e-CVT 1.8,4.5,Gasolina 95 E5,2026-10-09
R1923,Toledo,Segovia,162.069,1.6075,0.0,official_inventory_reference_B,no_toll_expected_official_network,,tabla_peajes_2026.csv + fuentes.csv (MITMA/BOE/concesionarias),Red de referencia gratuita post-liberalizaciones (AP-1/AP-2/AP-4/AP-7 liberadas); ver tabla_peajes_2026.csv.,7.293,1.785,13.02,Toyota Corolla 140H e-CVT 1.8,4.5,Gasolina 95 E5,2026-10-09
R1924,Toledo,Sevilla,497.101,4.366667,0.0,official_inventory_reference_B,no_toll_expected_official_network,,tabla_peajes_2026.csv + fuentes.csv (MITMA/BOE/concesionarias),Red de referencia gratuita post-liberalizaciones (AP-1/AP-2/AP-4/AP-7 liberadas); ver tabla_peajes_2026.csv.,22.37,1.785,39.93,Toyota Corolla 140H e-CVT 1.8,4.5,Gasolina 95 E5,2026-10-09
R1925,Toledo,Soria,301.587,2.735833,0.0,official_inventory_reference_B,no_toll_expected_official_network,,tabla_peajes_2026.csv + fuentes.csv (MITMA/BOE/concesionarias),Red de referencia gratuita post-liberalizaciones (AP-1/AP-2/AP-4/AP-7 liberadas); ver tabla_peajes_2026.csv.,13.571,1.785,24.22,Toyota Corolla 140H e-CVT 1.8,4.5,Gasolina 95 E5,2026-10-09
R1926,Toledo,Tarragona,615.966,5.533611,0.0,official_inventory_reference_B,no_toll_expected_official_network,,tabla_peajes_2026.csv + fuentes.csv (MITMA/BOE/concesionarias),Red de referencia gratuita post-liberalizaciones (AP-1/AP-2/AP-4/AP-7 liberadas); ver tabla_peajes_2026.csv.,27.718,1.785,49.48,Toyota Corolla 140H e-CVT 1.8,4.5,Gasolina 95 E5,2026-10-09
R1927,Toledo,Teruel,326.374,3.536111,0.0,official_inventory_reference_B,no_toll_expected_official_network,,tabla_peajes_2026.csv + fuentes.csv (MITMA/BOE/concesionarias),Red de referencia gratuita post-liberalizaciones (AP-1/AP-2/AP-4/AP-7 liberadas); ver tabla_peajes_2026.csv.,14.687,1.785,26.22,Toyota Corolla 140H e-CVT 1.8,4.5,Gasolina 95 E5,2026-10-09
R1928,Toledo,Valencia,370.591,3.460833,0.0,official_inventory_reference_B,no_toll_expected_official_network,,tabla_peajes_2026.csv + fuentes.csv (MITMA/BOE/concesionarias),Red de referencia gratuita post-liberalizaciones (AP-1/AP-2/AP-4/AP-7 liberadas); ver tabla_peajes_2026.csv.,16.677,1.785,29.77,Toyota Corolla 140H e-CVT 1.8,4.5,Gasolina 95 E5,2026-10-09
R1929,Toledo,Valladolid,280.805,2.603333,0.0,official_inventory_reference_B,no_toll_expected_official_network,,tabla_peajes_2026.csv + fuentes.csv (MITMA/BOE/concesionarias),Red de referencia gratuita post-liberalizaciones (AP-1/AP-2/AP-4/AP-7 liberadas); ver tabla_peajes_2026.csv.,12.636,1.785,22.56,Toyota Corolla 140H e-CVT 1.8,4.5,Gasolina 95 E5,2026-10-09
R1930,Toledo,Vitoria-Gasteiz,436.928,3.912222,0.0,official_inventory_reference_B,no_toll_expected_official_network,,tabla_peajes_2026.csv + fuentes.csv (MITMA/BOE/concesionarias),Red de referencia gratuita post-liberalizaciones (AP-1/AP-2/AP-4/AP-7 liberadas); ver tabla_peajes_2026.csv.,19.662,1.785,35.1,Toyota Corolla 140H e-CVT 1.8,4.5,Gasolina 95 E5,2026-10-09
R1931,Toledo,Zamora,332.625,3.175278,0.0,official_inventory_reference_B,no_toll_expected_official_network,,tabla_peajes_2026.csv + fuentes.csv (MITMA/BOE/concesionarias),Red de referencia gratuita post-liberalizaciones (AP-1/AP-2/AP-4/AP-7 liberadas); ver tabla_peajes_2026.csv.,14.968,1.785,26.72,Toyota Corolla 140H e-CVT 1.8,4.5,Gasolina 95 E5,2026-10-09
R1932,Toledo,Zaragoza,392.741,3.603056,0.0,official_inventory_reference_B,no_toll_expected_official_network,,tabla_peajes_2026.csv + fuentes.csv (MITMA/BOE/concesionarias),Red de referencia gratuita post-liberalizaciones (AP-1/AP-2/AP-4/AP-7 liberadas); ver tabla_peajes_2026.csv.,17.673,1.785,31.55,Toyota Corolla 140H e-CVT 1.8,4.5,Gasolina 95 E5,2026-10-09
R1933,Valencia,A Coruña,971.448,8.428333,0.0,official_inventory_reference_B,no_toll_expected_official_network,,tabla_peajes_2026.csv + fuentes.csv (MITMA/BOE/concesionarias),Red de referencia gratuita post-liberalizaciones (AP-1/AP-2/AP-4/AP-7 liberadas); ver tabla_peajes_2026.csv.,43.715,1.785,78.03,Toyota Corolla 140H e-CVT 1.8,4.5,Gasolina 95 E5,2026-10-09
R1934,Valencia,Albacete,186.24,1.760278,0.0,official_inventory_reference_B,no_toll_expected_official_network,,tabla_peajes_2026.csv + fuentes.csv (MITMA/BOE/concesionarias),Red de referencia gratuita post-liberalizaciones (AP-1/AP-2/AP-4/AP-7 liberadas); ver tabla_peajes_2026.csv.,8.381,1.785,14.96,Toyota Corolla 140H e-CVT 1.8,4.5,Gasolina 95 E5,2026-10-09
R1935,Valencia,Alicante,177.544,1.690556,0.0,official_inventory_reference_B,no_toll_expected_official_network,,tabla_peajes_2026.csv + fuentes.csv (MITMA/BOE/concesionarias),Red de referencia gratuita post-liberalizaciones (AP-1/AP-2/AP-4/AP-7 liberadas); ver tabla_peajes_2026.csv.,7.989,1.785,14.26,Toyota Corolla 140H e-CVT 1.8,4.5,Gasolina 95 E5,2026-10-09
R1936,Valencia,Almería,408.01,3.611667,0.0,official_inventory_reference_B,no_toll_expected_official_network,,tabla_peajes_2026.csv + fuentes.csv (MITMA/BOE/concesionarias),Red de referencia gratuita post-liberalizaciones (AP-1/AP-2/AP-4/AP-7 liberadas); ver tabla_peajes_2026.csv.,18.36,1.785,32.77,Toyota Corolla 140H e-CVT 1.8,4.5,Gasolina 95 E5,2026-10-09
R1937,Valencia,Ávila,487.7,4.420556,0.0,official_inventory_reference_B,no_toll_expected_official_network,,tabla_peajes_2026.csv + fuentes.csv (MITMA/BOE/concesionarias),Red de referencia gratuita post-liberalizaciones (AP-1/AP-2/AP-4/AP-7 liberadas); ver tabla_peajes_2026.csv.,21.947,1.785,39.17,Toyota Corolla 140H e-CVT 1.8,4.5,Gasolina 95 E5,2026-10-09
R1938,Valencia,Badajoz,756.549,6.595556,0.0,official_inventory_reference_B,no_toll_expected_official_network,,tabla_peajes_2026.csv + fuentes.csv (MITMA/BOE/concesionarias),Red de referencia gratuita post-liberalizaciones (AP-1/AP-2/AP-4/AP-7 liberadas); ver tabla_peajes_2026.csv.,34.045,1.785,60.77,Toyota Corolla 140H e-CVT 1.8,4.5,Gasolina 95 E5,2026-10-09
R1939,Valencia,Barcelona,350.779,3.221111,0.0,official_inventory_reference_B,no_toll_expected_official_network,,tabla_peajes_2026.csv + fuentes.csv (MITMA/BOE/concesionarias),Red de referencia gratuita post-liberalizaciones (AP-1/AP-2/AP-4/AP-7 liberadas); ver tabla_peajes_2026.csv.,15.785,1.785,28.18,Toyota Corolla 140H e-CVT 1.8,4.5,Gasolina 95 E5,2026-10-09
R1940,Valencia,Bilbao,745.468,6.5575,0.0,official_inventory_reference_B,no_toll_expected_official_network,,tabla_peajes_2026.csv + fuentes.csv (MITMA/BOE/concesionarias),Red de referencia gratuita post-liberalizaciones (AP-1/AP-2/AP-4/AP-7 liberadas); ver tabla_peajes_2026.csv.,33.546,1.785,59.88,Toyota Corolla 140H e-CVT 1.8,4.5,Gasolina 95 E5,2026-10-09
R1941,Valencia,Burgos,591.372,5.189444,0.0,official_inventory_reference_B,no_toll_expected_official_network,,tabla_peajes_2026.csv + fuentes.csv (MITMA/BOE/concesionarias),Red de referencia gratuita post-liberalizaciones (AP-1/AP-2/AP-4/AP-7 liberadas); ver tabla_peajes_2026.csv.,26.612,1.785,47.5,Toyota Corolla 140H e-CVT 1.8,4.5,Gasolina 95 E5,2026-10-09
R1942,Valencia,Cáceres,650.453,5.73,0.0,official_inventory_reference_B,no_toll_expected_official_network,,tabla_peajes_2026.csv + fuentes.csv (MITMA/BOE/concesionarias),Red de referencia gratuita post-liberalizaciones (AP-1/AP-2/AP-4/AP-7 liberadas); ver tabla_peajes_2026.csv.,29.27,1.785,52.25,Toyota Corolla 140H e-CVT 1.8,4.5,Gasolina 95 E5,2026-10-09
R1943,Valencia,Cádiz,773.656,6.885833,0.0,official_inventory_reference_B,no_toll_expected_official_network,,tabla_peajes_2026.csv + fuentes.csv (MITMA/BOE/concesionarias),Red de referencia gratuita post-liberalizaciones (AP-1/AP-2/AP-4/AP-7 liberadas); ver tabla_peajes_2026.csv.,34.815,1.785,62.14,Toyota Corolla 140H e-CVT 1.8,4.5,Gasolina 95 E5,2026-10-09
R1944,Valencia,Castellón de la Plana,81.869,0.901944,0.0,official_inventory_reference_B,no_toll_expected_official_network,,tabla_peajes_2026.csv + fuentes.csv (MITMA/BOE/concesionarias),Red de referencia gratuita post-liberalizaciones (AP-1/AP-2/AP-4/AP-7 liberadas); ver tabla_peajes_2026.csv.,3.684,1.785,6.58,Toyota Corolla 140H e-CVT 1.8,4.5,Gasolina 95 E5,2026-10-09
R1945,Valencia,Ciudad Real,352.636,3.132778,0.0,official_inventory_reference_B,no_toll_expected_official_network,,tabla_peajes_2026.csv + fuentes.csv (MITMA/BOE/concesionarias),Red de referencia gratuita post-liberalizaciones (AP-1/AP-2/AP-4/AP-7 liberadas); ver tabla_peajes_2026.csv.,15.869,1.785,28.33,Toyota Corolla 140H e-CVT 1.8,4.5,Gasolina 95 E5,2026-10-09
R1946,Valencia,Córdoba,522.365,4.734722,0.0,official_inventory_reference_B,no_toll_expected_official_network,,tabla_peajes_2026.csv + fuentes.csv (MITMA/BOE/concesionarias),Red de referencia gratuita post-liberalizaciones (AP-1/AP-2/AP-4/AP-7 liberadas); ver tabla_peajes_2026.csv.,23.506,1.785,41.96,Toyota Corolla 140H e-CVT 1.8,4.5,Gasolina 95 E5,2026-10-09
R1947,Valencia,Cuenca,199.162,2.089444,0.0,official_inventory_reference_B,no_toll_expected_official_network,,tabla_peajes_2026.csv + fuentes.csv (MITMA/BOE/concesionarias),Red de referencia gratuita post-liberalizaciones (AP-1/AP-2/AP-4/AP-7 liberadas); ver tabla_peajes_2026.csv.,8.962,1.785,16.0,Toyota Corolla 140H e-CVT 1.8,4.5,Gasolina 95 E5,2026-10-09
R1948,Valencia,Girona,443.309,3.939167,0.0,official_inventory_reference_B,no_toll_expected_official_network,,tabla_peajes_2026.csv + fuentes.csv (MITMA/BOE/concesionarias),Red de referencia gratuita post-liberalizaciones (AP-1/AP-2/AP-4/AP-7 liberadas); ver tabla_peajes_2026.csv.,19.949,1.785,35.61,Toyota Corolla 140H e-CVT 1.8,4.5,Gasolina 95 E5,2026-10-09
R1949,Valencia,Granada,478.094,4.383889,0.0,official_inventory_reference_B,no_toll_expected_official_network,,tabla_peajes_2026.csv + fuentes.csv (MITMA/BOE/concesionarias),Red de referencia gratuita post-liberalizaciones (AP-1/AP-2/AP-4/AP-7 liberadas); ver tabla_peajes_2026.csv.,21.514,1.785,38.4,Toyota Corolla 140H e-CVT 1.8,4.5,Gasolina 95 E5,2026-10-09
R1950,Valencia,Guadalajara,384.779,3.536389,0.0,official_inventory_reference_B,no_toll_expected_official_network,,tabla_peajes_2026.csv + fuentes.csv (MITMA/BOE/concesionarias),Red de referencia gratuita post-liberalizaciones (AP-1/AP-2/AP-4/AP-7 liberadas); ver tabla_peajes_2026.csv.,17.315,1.785,30.91,Toyota Corolla 140H e-CVT 1.8,4.5,Gasolina 95 E5,2026-10-09
R1951,Valencia,Huelva,751.745,6.698611,0.0,official_inventory_reference_B,no_toll_expected_official_network,,tabla_peajes_2026.csv + fuentes.csv (MITMA/BOE/concesionarias),Red de referencia gratuita post-liberalizaciones (AP-1/AP-2/AP-4/AP-7 liberadas); ver tabla_peajes_2026.csv.,33.829,1.785,60.38,Toyota Corolla 140H e-CVT 1.8,4.5,Gasolina 95 E5,2026-10-09
R1952,Valencia,Huesca,388.523,3.495,0.0,official_inventory_reference_B,no_toll_expected_official_network,,tabla_peajes_2026.csv + fuentes.csv (MITMA/BOE/concesionarias),Red de referencia gratuita post-liberalizaciones (AP-1/AP-2/AP-4/AP-7 liberadas); ver tabla_peajes_2026.csv.,17.484,1.785,31.21,Toyota Corolla 140H e-CVT 1.8,4.5,Gasolina 95 E5,2026-10-09
R1953,Valencia,Jaén,459.091,4.084444,0.0,official_inventory_reference_B,no_toll_expected_official_network,,tabla_peajes_2026.csv + fuentes.csv (MITMA/BOE/concesionarias),Red de referencia gratuita post-liberalizaciones (AP-1/AP-2/AP-4/AP-7 liberadas); ver tabla_peajes_2026.csv.,20.659,1.785,36.88,Toyota Corolla 140H e-CVT 1.8,4.5,Gasolina 95 E5,2026-10-09
R1954,Valencia,León,712.536,6.297222,0.0,official_inventory_reference_B,no_toll_expected_official_network,,tabla_peajes_2026.csv + fuentes.csv (MITMA/BOE/concesionarias),Red de referencia gratuita post-liberalizaciones (AP-1/AP-2/AP-4/AP-7 liberadas); ver tabla_peajes_2026.csv.,32.064,1.785,57.23,Toyota Corolla 140H e-CVT 1.8,4.5,Gasolina 95 E5,2026-10-09
R1955,Valencia,Lleida,343.116,3.128056,0.0,official_inventory_reference_B,no_toll_expected_official_network,,tabla_peajes_2026.csv + fuentes.csv (MITMA/BOE/concesionarias),Red de referencia gratuita post-liberalizaciones (AP-1/AP-2/AP-4/AP-7 liberadas); ver tabla_peajes_2026.csv.,15.44,1.785,27.56,Toyota Corolla 140H e-CVT 1.8,4.5,Gasolina 95 E5,2026-10-09
R1956,Valencia,Logroño,479.942,4.283889,0.0,official_inventory_reference_B,no_toll_expected_official_network,,tabla_peajes_2026.csv + fuentes.csv (MITMA/BOE/concesionarias),Red de referencia gratuita post-liberalizaciones (AP-1/AP-2/AP-4/AP-7 liberadas); ver tabla_peajes_2026.csv.,21.597,1.785,38.55,Toyota Corolla 140H e-CVT 1.8,4.5,Gasolina 95 E5,2026-10-09
R1957,Valencia,Lugo,860.783,7.561667,0.0,official_inventory_reference_B,no_toll_expected_official_network,,tabla_peajes_2026.csv + fuentes.csv (MITMA/BOE/concesionarias),Red de referencia gratuita post-liberalizaciones (AP-1/AP-2/AP-4/AP-7 liberadas); ver tabla_peajes_2026.csv.,38.735,1.785,69.14,Toyota Corolla 140H e-CVT 1.8,4.5,Gasolina 95 E5,2026-10-09
R1958,Valencia,Madrid,357.178,3.2425,0.0,official_inventory_reference_B,no_toll_expected_official_network,,tabla_peajes_2026.csv + fuentes.csv (MITMA/BOE/concesionarias),Red de referencia gratuita post-liberalizaciones (AP-1/AP-2/AP-4/AP-7 liberadas); ver tabla_peajes_2026.csv.,16.073,1.785,28.69,Toyota Corolla 140H e-CVT 1.8,4.5,Gasolina 95 E5,2026-10-09
R1959,Valencia,Málaga,600.801,6.164444,0.0,official_inventory_reference_B,no_toll_expected_official_network,,tabla_peajes_2026.csv + fuentes.csv (MITMA/BOE/concesionarias),Red de referencia gratuita post-liberalizaciones (AP-1/AP-2/AP-4/AP-7 liberadas); ver tabla_peajes_2026.csv.,27.036,1.785,48.26,Toyota Corolla 140H e-CVT 1.8,4.5,Gasolina 95 E5,2026-10-09
R1960,Valencia,Murcia,216.089,2.05,0.0,official_inventory_reference_B,no_toll_expected_official_network,,tabla_peajes_2026.csv + fuentes.csv (MITMA/BOE/concesionarias),Red de referencia gratuita post-liberalizaciones (AP-1/AP-2/AP-4/AP-7 liberadas); ver tabla_peajes_2026.csv.,9.724,1.785,17.36,Toyota Corolla 140H e-CVT 1.8,4.5,Gasolina 95 E5,2026-10-09
R1961,Valencia,Ourense,875.954,7.789722,0.0,official_inventory_reference_B,no_toll_expected_official_network,,tabla_peajes_2026.csv + fuentes.csv (MITMA/BOE/concesionarias),Red de referencia gratuita post-liberalizaciones (AP-1/AP-2/AP-4/AP-7 liberadas); ver tabla_peajes_2026.csv.,39.418,1.785,70.36,Toyota Corolla 140H e-CVT 1.8,4.5,Gasolina 95 E5,2026-10-09
R1962,Valencia,Oviedo,821.94,7.281944,16.2,official_inventory_reference_B,valued_official_2026,AP-66 Campomanes-León,tabla_peajes_2026.csv + fuentes.csv (MITMA/BOE/concesionarias),Paso del Huerna hacia la Meseta/sur; sin alternativa rápida equivalente.,36.987,1.785,66.02,Toyota Corolla 140H e-CVT 1.8,4.5,Gasolina 95 E5,2026-10-09
R1963,Valencia,Palencia,594.435,5.544167,0.0,official_inventory_reference_B,no_toll_expected_official_network,,tabla_peajes_2026.csv + fuentes.csv (MITMA/BOE/concesionarias),Red de referencia gratuita post-liberalizaciones (AP-1/AP-2/AP-4/AP-7 liberadas); ver tabla_peajes_2026.csv.,26.75,1.785,47.75,Toyota Corolla 140H e-CVT 1.8,4.5,Gasolina 95 E5,2026-10-09
R1964,Valencia,Pamplona,489.602,4.423611,0.0,official_inventory_reference_B,no_toll_expected_official_network,,tabla_peajes_2026.csv + fuentes.csv (MITMA/BOE/concesionarias),Red de referencia gratuita post-liberalizaciones (AP-1/AP-2/AP-4/AP-7 liberadas); ver tabla_peajes_2026.csv.,22.032,1.785,39.33,Toyota Corolla 140H e-CVT 1.8,4.5,Gasolina 95 E5,2026-10-09
R1965,Valencia,Pontevedra,963.239,8.873611,0.0,official_inventory_reference_B,no_toll_expected_official_network,,tabla_peajes_2026.csv + fuentes.csv (MITMA/BOE/concesionarias),Red de referencia gratuita post-liberalizaciones (AP-1/AP-2/AP-4/AP-7 liberadas); ver tabla_peajes_2026.csv.,43.346,1.785,77.37,Toyota Corolla 140H e-CVT 1.8,4.5,Gasolina 95 E5,2026-10-09
R1966,Valencia,Salamanca,571.715,5.186389,0.0,official_inventory_reference_B,no_toll_expected_official_network,,tabla_peajes_2026.csv + fuentes.csv (MITMA/BOE/concesionarias),Red de referencia gratuita post-liberalizaciones (AP-1/AP-2/AP-4/AP-7 liberadas); ver tabla_peajes_2026.csv.,25.727,1.785,45.92,Toyota Corolla 140H e-CVT 1.8,4.5,Gasolina 95 E5,2026-10-09
R1967,Valencia,San Sebastián,574.14,5.215,0.0,official_inventory_reference_B,no_toll_expected_official_network,,tabla_peajes_2026.csv + fuentes.csv (MITMA/BOE/concesionarias),Red de referencia gratuita post-liberalizaciones (AP-1/AP-2/AP-4/AP-7 liberadas); ver tabla_peajes_2026.csv.,25.836,1.785,46.12,Toyota Corolla 140H e-CVT 1.8,4.5,Gasolina 95 E5,2026-10-09
R1968,Valencia,Santander,709.91,6.336111,0.0,official_inventory_reference_B,no_toll_expected_official_network,,tabla_peajes_2026.csv + fuentes.csv (MITMA/BOE/concesionarias),Red de referencia gratuita post-liberalizaciones (AP-1/AP-2/AP-4/AP-7 liberadas); ver tabla_peajes_2026.csv.,31.946,1.785,57.02,Toyota Corolla 140H e-CVT 1.8,4.5,Gasolina 95 E5,2026-10-09
R1969,Valencia,Segovia,465.479,4.233333,0.0,official_inventory_reference_B,no_toll_expected_official_network,,tabla_peajes_2026.csv + fuentes.csv (MITMA/BOE/concesionarias),Red de referencia gratuita post-liberalizaciones (AP-1/AP-2/AP-4/AP-7 liberadas); ver tabla_peajes_2026.csv.,20.947,1.785,37.39,Toyota Corolla 140H e-CVT 1.8,4.5,Gasolina 95 E5,2026-10-09
R1970,Valencia,Sevilla,659.325,5.927222,0.0,official_inventory_reference_B,no_toll_expected_official_network,,tabla_peajes_2026.csv + fuentes.csv (MITMA/BOE/concesionarias),Red de referencia gratuita post-liberalizaciones (AP-1/AP-2/AP-4/AP-7 liberadas); ver tabla_peajes_2026.csv.,29.67,1.785,52.96,Toyota Corolla 140H e-CVT 1.8,4.5,Gasolina 95 E5,2026-10-09
R1971,Valencia,Soria,366.333,3.746667,0.0,official_inventory_reference_B,no_toll_expected_official_network,,tabla_peajes_2026.csv + fuentes.csv (MITMA/BOE/concesionarias),Red de referencia gratuita post-liberalizaciones (AP-1/AP-2/AP-4/AP-7 liberadas); ver tabla_peajes_2026.csv.,16.485,1.785,29.43,Toyota Corolla 140H e-CVT 1.8,4.5,Gasolina 95 E5,2026-10-09
R1972,Valencia,Tarragona,259.729,2.365833,0.0,official_inventory_reference_B,no_toll_expected_official_network,,tabla_peajes_2026.csv + fuentes.csv (MITMA/BOE/concesionarias),Red de referencia gratuita post-liberalizaciones (AP-1/AP-2/AP-4/AP-7 liberadas); ver tabla_peajes_2026.csv.,11.688,1.785,20.86,Toyota Corolla 140H e-CVT 1.8,4.5,Gasolina 95 E5,2026-10-09
R1973,Valencia,Teruel,145.005,1.435556,0.0,official_inventory_reference_B,no_toll_expected_official_network,,tabla_peajes_2026.csv + fuentes.csv (MITMA/BOE/concesionarias),Red de referencia gratuita post-liberalizaciones (AP-1/AP-2/AP-4/AP-7 liberadas); ver tabla_peajes_2026.csv.,6.525,1.785,11.65,Toyota Corolla 140H e-CVT 1.8,4.5,Gasolina 95 E5,2026-10-09
R1974,Valencia,Toledo,392.029,3.484444,0.0,official_inventory_reference_B,no_toll_expected_official_network,,tabla_peajes_2026.csv + fuentes.csv (MITMA/BOE/concesionarias),Red de referencia gratuita post-liberalizaciones (AP-1/AP-2/AP-4/AP-7 liberadas); ver tabla_peajes_2026.csv.,17.641,1.785,31.49,Toyota Corolla 140H e-CVT 1.8,4.5,Gasolina 95 E5,2026-10-09
R1975,Valencia,Valladolid,584.207,5.229167,0.0,official_inventory_reference_B,no_toll_expected_official_network,,tabla_peajes_2026.csv + fuentes.csv (MITMA/BOE/concesionarias),Red de referencia gratuita post-liberalizaciones (AP-1/AP-2/AP-4/AP-7 liberadas); ver tabla_peajes_2026.csv.,26.289,1.785,46.93,Toyota Corolla 140H e-CVT 1.8,4.5,Gasolina 95 E5,2026-10-09
R1976,Valencia,Vitoria-Gasteiz,567.127,5.061667,0.0,official_inventory_reference_B,no_toll_expected_official_network,,tabla_peajes_2026.csv + fuentes.csv (MITMA/BOE/concesionarias),Red de referencia gratuita post-liberalizaciones (AP-1/AP-2/AP-4/AP-7 liberadas); ver tabla_peajes_2026.csv.,25.521,1.785,45.55,Toyota Corolla 140H e-CVT 1.8,4.5,Gasolina 95 E5,2026-10-09
R1977,Valencia,Zamora,636.027,5.801389,0.0,official_inventory_reference_B,no_toll_expected_official_network,,tabla_peajes_2026.csv + fuentes.csv (MITMA/BOE/concesionarias),Red de referencia gratuita post-liberalizaciones (AP-1/AP-2/AP-4/AP-7 liberadas); ver tabla_peajes_2026.csv.,28.621,1.785,51.09,Toyota Corolla 140H e-CVT 1.8,4.5,Gasolina 95 E5,2026-10-09
R1978,Valencia,Zaragoza,315.843,2.906111,0.0,official_inventory_reference_B,no_toll_expected_official_network,,tabla_peajes_2026.csv + fuentes.csv (MITMA/BOE/concesionarias),Red de referencia gratuita post-liberalizaciones (AP-1/AP-2/AP-4/AP-7 liberadas); ver tabla_peajes_2026.csv.,14.213,1.785,25.37,Toyota Corolla 140H e-CVT 1.8,4.5,Gasolina 95 E5,2026-10-09
R1979,Valladolid,A Coruña,445.112,3.833889,0.0,official_inventory_reference_B,no_toll_expected_official_network,,tabla_peajes_2026.csv + fuentes.csv (MITMA/BOE/concesionarias),Red de referencia gratuita post-liberalizaciones (AP-1/AP-2/AP-4/AP-7 liberadas); ver tabla_peajes_2026.csv.,20.03,1.785,35.75,Toyota Corolla 140H e-CVT 1.8,4.5,Gasolina 95 E5,2026-10-09
R1980,Valladolid,Albacete,484.329,4.294444,0.0,official_inventory_reference_B,no_toll_expected_official_network,,tabla_peajes_2026.csv + fuentes.csv (MITMA/BOE/concesionarias),Red de referencia gratuita post-liberalizaciones (AP-1/AP-2/AP-4/AP-7 liberadas); ver tabla_peajes_2026.csv.,21.795,1.785,38.9,Toyota Corolla 140H e-CVT 1.8,4.5,Gasolina 95 E5,2026-10-09
R1981,Valladolid,Alicante,648.497,5.692778,0.0,official_inventory_reference_B,no_toll_expected_official_network,,tabla_peajes_2026.csv + fuentes.csv (MITMA/BOE/concesionarias),Red de referencia gratuita post-liberalizaciones (AP-1/AP-2/AP-4/AP-7 liberadas); ver tabla_peajes_2026.csv.,29.182,1.785,52.09,Toyota Corolla 140H e-CVT 1.8,4.5,Gasolina 95 E5,2026-10-09
R1982,Valladolid,Almería,754.9,6.853611,0.0,official_inventory_reference_B,no_toll_expected_official_network,,tabla_peajes_2026.csv + fuentes.csv (MITMA/BOE/concesionarias),Red de referencia gratuita post-liberalizaciones (AP-1/AP-2/AP-4/AP-7 liberadas); ver tabla_peajes_2026.csv.,33.97,1.785,60.64,Toyota Corolla 140H e-CVT 1.8,4.5,Gasolina 95 E5,2026-10-09
R1983,Valladolid,Ávila,141.834,1.430556,0.0,official_inventory_reference_B,no_toll_expected_official_network,,tabla_peajes_2026.csv + fuentes.csv (MITMA/BOE/concesionarias),Red de referencia gratuita post-liberalizaciones (AP-1/AP-2/AP-4/AP-7 liberadas); ver tabla_peajes_2026.csv.,6.383,1.785,11.39,Toyota Corolla 140H e-CVT 1.8,4.5,Gasolina 95 E5,2026-10-09
R1984,Valladolid,Badajoz,414.654,3.919167,0.0,official_inventory_reference_B,no_toll_expected_official_network,,tabla_peajes_2026.csv + fuentes.csv (MITMA/BOE/concesionarias),Red de referencia gratuita post-liberalizaciones (AP-1/AP-2/AP-4/AP-7 liberadas); ver tabla_peajes_2026.csv.,18.659,1.785,33.31,Toyota Corolla 140H e-CVT 1.8,4.5,Gasolina 95 E5,2026-10-09
R1985,Valladolid,Barcelona,729.341,6.416111,0.0,official_inventory_reference_B,no_toll_expected_official_network,,tabla_peajes_2026.csv + fuentes.csv (MITMA/BOE/concesionarias),Red de referencia gratuita post-liberalizaciones (AP-1/AP-2/AP-4/AP-7 liberadas); ver tabla_peajes_2026.csv.,32.82,1.785,58.58,Toyota Corolla 140H e-CVT 1.8,4.5,Gasolina 95 E5,2026-10-09
R1986,Valladolid,Bilbao,280.688,2.532778,0.0,official_inventory_reference_B,no_toll_expected_official_network,,tabla_peajes_2026.csv + fuentes.csv (MITMA/BOE/concesionarias),Red de referencia gratuita post-liberalizaciones (AP-1/AP-2/AP-4/AP-7 liberadas); ver tabla_peajes_2026.csv.,12.631,1.785,22.55,Toyota Corolla 140H e-CVT 1.8,4.5,Gasolina 95 E5,2026-10-09
R1987,Valladolid,Burgos,126.761,1.171944,0.0,official_inventory_reference_B,no_toll_expected_official_network,,tabla_peajes_2026.csv + fuentes.csv (MITMA/BOE/concesionarias),Red de referencia gratuita post-liberalizaciones (AP-1/AP-2/AP-4/AP-7 liberadas); ver tabla_peajes_2026.csv.,5.704,1.785,10.18,Toyota Corolla 140H e-CVT 1.8,4.5,Gasolina 95 E5,2026-10-09
R1988,Valladolid,Cáceres,340.075,3.091111,0.0,official_inventory_reference_B,no_toll_expected_official_network,,tabla_peajes_2026.csv + fuentes.csv (MITMA/BOE/concesionarias),Red de referencia gratuita post-liberalizaciones (AP-1/AP-2/AP-4/AP-7 liberadas); ver tabla_peajes_2026.csv.,15.303,1.785,27.32,Toyota Corolla 140H e-CVT 1.8,4.5,Gasolina 95 E5,2026-10-09
R1989,Valladolid,Cádiz,702.559,6.1675,0.0,official_inventory_reference_B,no_toll_expected_official_network,,tabla_peajes_2026.csv + fuentes.csv (MITMA/BOE/concesionarias),Red de referencia gratuita post-liberalizaciones (AP-1/AP-2/AP-4/AP-7 liberadas); ver tabla_peajes_2026.csv.,31.615,1.785,56.43,Toyota Corolla 140H e-CVT 1.8,4.5,Gasolina 95 E5,2026-10-09
R1990,Valladolid,Castellón de la Plana,657.264,5.837778,0.0,official_inventory_reference_B,no_toll_expected_official_network,,tabla_peajes_2026.csv + fuentes.csv (MITMA/BOE/concesionarias),Red de referencia gratuita post-liberalizaciones (AP-1/AP-2/AP-4/AP-7 liberadas); ver tabla_peajes_2026.csv.,29.577,1.785,52.79,Toyota Corolla 140H e-CVT 1.8,4.5,Gasolina 95 E5,2026-10-09
R1991,Valladolid,Ciudad Real,396.787,3.791944,0.0,official_inventory_reference_B,no_toll_expected_official_network,,tabla_peajes_2026.csv + fuentes.csv (MITMA/BOE/concesionarias),Red de referencia gratuita post-liberalizaciones (AP-1/AP-2/AP-4/AP-7 liberadas); ver tabla_peajes_2026.csv.,17.855,1.785,31.87,Toyota Corolla 140H e-CVT 1.8,4.5,Gasolina 95 E5,2026-10-09
R1992,Valladolid,Córdoba,605.721,5.536111,0.0,official_inventory_reference_B,no_toll_expected_official_network,,tabla_peajes_2026.csv + fuentes.csv (MITMA/BOE/concesionarias),Red de referencia gratuita post-liberalizaciones (AP-1/AP-2/AP-4/AP-7 liberadas); ver tabla_peajes_2026.csv.,27.257,1.785,48.65,Toyota Corolla 140H e-CVT 1.8,4.5,Gasolina 95 E5,2026-10-09
R1993,Valladolid,Cuenca,381.137,3.579444,0.0,official_inventory_reference_B,no_toll_expected_official_network,,tabla_peajes_2026.csv + fuentes.csv (MITMA/BOE/concesionarias),Red de referencia gratuita post-liberalizaciones (AP-1/AP-2/AP-4/AP-7 liberadas); ver tabla_peajes_2026.csv.,17.151,1.785,30.61,Toyota Corolla 140H e-CVT 1.8,4.5,Gasolina 95 E5,2026-10-09
R1994,Valladolid,Girona,795.088,7.001111,0.0,official_inventory_reference_B,no_toll_expected_official_network,,tabla_peajes_2026.csv + fuentes.csv (MITMA/BOE/concesionarias),Red de referencia gratuita post-liberalizaciones (AP-1/AP-2/AP-4/AP-7 liberadas); ver tabla_peajes_2026.csv.,35.779,1.785,63.87,Toyota Corolla 140H e-CVT 1.8,4.5,Gasolina 95 E5,2026-10-09
R1995,Valladolid,Granada,630.115,5.638889,0.0,official_inventory_reference_B,no_toll_expected_official_network,,tabla_peajes_2026.csv + fuentes.csv (MITMA/BOE/concesionarias),Red de referencia gratuita post-liberalizaciones (AP-1/AP-2/AP-4/AP-7 liberadas); ver tabla_peajes_2026.csv.,28.355,1.785,50.61,Toyota Corolla 140H e-CVT 1.8,4.5,Gasolina 95 E5,2026-10-09
R1996,Valladolid,Guadalajara,272.35,2.618889,0.0,official_inventory_reference_B,no_toll_expected_official_network,,tabla_peajes_2026.csv + fuentes.csv (MITMA/BOE/concesionarias),Red de referencia gratuita post-liberalizaciones (AP-1/AP-2/AP-4/AP-7 liberadas); ver tabla_peajes_2026.csv.,12.256,1.785,21.88,Toyota Corolla 140H e-CVT 1.8,4.5,Gasolina 95 E5,2026-10-09
R1997,Valladolid,Huelva,667.538,5.788333,0.0,official_inventory_reference_B,no_toll_expected_official_network,,tabla_peajes_2026.csv + fuentes.csv (MITMA/BOE/concesionarias),Red de referencia gratuita post-liberalizaciones (AP-1/AP-2/AP-4/AP-7 liberadas); ver tabla_peajes_2026.csv.,30.039,1.785,53.62,Toyota Corolla 140H e-CVT 1.8,4.5,Gasolina 95 E5,2026-10-09
R1998,Valladolid,Huesca,496.068,4.416944,0.0,official_inventory_reference_B,no_toll_expected_official_network,,tabla_peajes_2026.csv + fuentes.csv (MITMA/BOE/concesionarias),Red de referencia gratuita post-liberalizaciones (AP-1/AP-2/AP-4/AP-7 liberadas); ver tabla_peajes_2026.csv.,22.323,1.785,39.85,Toyota Corolla 140H e-CVT 1.8,4.5,Gasolina 95 E5,2026-10-09
R1999,Valladolid,Jaén,542.45,4.886111,0.0,official_inventory_reference_B,no_toll_expected_official_network,,tabla_peajes_2026.csv + fuentes.csv (MITMA/BOE/concesionarias),Red de referencia gratuita post-liberalizaciones (AP-1/AP-2/AP-4/AP-7 liberadas); ver tabla_peajes_2026.csv.,24.41,1.785,43.57,Toyota Corolla 140H e-CVT 1.8,4.5,Gasolina 95 E5,2026-10-09
R2000,Valladolid,León,137.895,1.619167,0.0,official_inventory_reference_B,no_toll_expected_official_network,,tabla_peajes_2026.csv + fuentes.csv (MITMA/BOE/concesionarias),Red de referencia gratuita post-liberalizaciones (AP-1/AP-2/AP-4/AP-7 liberadas); ver tabla_peajes_2026.csv.,6.205,1.785,11.08,Toyota Corolla 140H e-CVT 1.8,4.5,Gasolina 95 E5,2026-10-09
R2001,Valladolid,Lleida,568.428,4.990833,0.0,official_inventory_reference_B,no_toll_expected_official_network,,tabla_peajes_2026.csv + fuentes.csv (MITMA/BOE/concesionarias),Red de referencia gratuita post-liberalizaciones (AP-1/AP-2/AP-4/AP-7 liberadas); ver tabla_peajes_2026.csv.,25.579,1.785,45.66,Toyota Corolla 140H e-CVT 1.8,4.5,Gasolina 95 E5,2026-10-09
R2002,Valladolid,Logroño,242.617,2.399722,0.0,official_inventory_reference_B,no_toll_expected_official_network,,tabla_peajes_2026.csv + fuentes.csv (MITMA/BOE/concesionarias),Red de referencia gratuita post-liberalizaciones (AP-1/AP-2/AP-4/AP-7 liberadas); ver tabla_peajes_2026.csv.,10.918,1.785,19.49,Toyota Corolla 140H e-CVT 1.8,4.5,Gasolina 95 E5,2026-10-09
R2003,Valladolid,Lugo,349.212,3.019444,0.0,official_inventory_reference_B,no_toll_expected_official_network,,tabla_peajes_2026.csv + fuentes.csv (MITMA/BOE/concesionarias),Red de referencia gratuita post-liberalizaciones (AP-1/AP-2/AP-4/AP-7 liberadas); ver tabla_peajes_2026.csv.,15.715,1.785,28.05,Toyota Corolla 140H e-CVT 1.8,4.5,Gasolina 95 E5,2026-10-09
R2004,Valladolid,Madrid,214.17,2.071111,0.0,official_inventory_reference_B,no_toll_expected_official_network,,tabla_peajes_2026.csv + fuentes.csv (MITMA/BOE/concesionarias),Red de referencia gratuita post-liberalizaciones (AP-1/AP-2/AP-4/AP-7 liberadas); ver tabla_peajes_2026.csv.,9.638,1.785,17.2,Toyota Corolla 140H e-CVT 1.8,4.5,Gasolina 95 E5,2026-10-09
R2005,Valladolid,Málaga,739.551,7.380278,0.0,official_inventory_reference_B,no_toll_expected_official_network,,tabla_peajes_2026.csv + fuentes.csv (MITMA/BOE/concesionarias),Red de referencia gratuita post-liberalizaciones (AP-1/AP-2/AP-4/AP-7 liberadas); ver tabla_peajes_2026.csv.,33.28,1.785,59.4,Toyota Corolla 140H e-CVT 1.8,4.5,Gasolina 95 E5,2026-10-09
R2006,Valladolid,Murcia,626.789,5.546389,0.0,official_inventory_reference_B,no_toll_expected_official_network,,tabla_peajes_2026.csv + fuentes.csv (MITMA/BOE/concesionarias),Red de referencia gratuita post-liberalizaciones (AP-1/AP-2/AP-4/AP-7 liberadas); ver tabla_peajes_2026.csv.,28.206,1.785,50.35,Toyota Corolla 140H e-CVT 1.8,4.5,Gasolina 95 E5,2026-10-09
R2007,Valladolid,Ourense,385.492,3.533056,0.0,official_inventory_reference_B,no_toll_expected_official_network,,tabla_peajes_2026.csv + fuentes.csv (MITMA/BOE/concesionarias),Red de referencia gratuita post-liberalizaciones (AP-1/AP-2/AP-4/AP-7 liberadas); ver tabla_peajes_2026.csv.,17.347,1.785,30.96,Toyota Corolla 140H e-CVT 1.8,4.5,Gasolina 95 E5,2026-10-09
R2008,Valladolid,Oviedo,258.598,2.733056,16.2,official_inventory_reference_B,valued_official_2026,AP-66 Campomanes-León,tabla_peajes_2026.csv + fuentes.csv (MITMA/BOE/concesionarias),Paso del Huerna hacia la Meseta/sur; sin alternativa rápida equivalente.,11.637,1.785,20.77,Toyota Corolla 140H e-CVT 1.8,4.5,Gasolina 95 E5,2026-10-09
R2009,Valladolid,Palencia,48.646,0.545833,0.0,official_inventory_reference_B,no_toll_expected_official_network,,tabla_peajes_2026.csv + fuentes.csv (MITMA/BOE/concesionarias),Red de referencia gratuita post-liberalizaciones (AP-1/AP-2/AP-4/AP-7 liberadas); ver tabla_peajes_2026.csv.,2.189,1.785,3.91,Toyota Corolla 140H e-CVT 1.8,4.5,Gasolina 95 E5,2026-10-09
R2010,Valladolid,Pamplona,331.878,2.979722,0.0,official_inventory_reference_B,no_toll_expected_official_network,,tabla_peajes_2026.csv + fuentes.csv (MITMA/BOE/concesionarias),Red de referencia gratuita post-liberalizaciones (AP-1/AP-2/AP-4/AP-7 liberadas); ver tabla_peajes_2026.csv.,14.935,1.785,26.66,Toyota Corolla 140H e-CVT 1.8,4.5,Gasolina 95 E5,2026-10-09
R2011,Valladolid,Pontevedra,436.903,4.279167,0.0,official_inventory_reference_B,no_toll_expected_official_network,,tabla_peajes_2026.csv + fuentes.csv (MITMA/BOE/concesionarias),Red de referencia gratuita post-liberalizaciones (AP-1/AP-2/AP-4/AP-7 liberadas); ver tabla_peajes_2026.csv.,19.661,1.785,35.09,Toyota Corolla 140H e-CVT 1.8,4.5,Gasolina 95 E5,2026-10-09
R2012,Valladolid,Salamanca,118.676,1.164167,0.0,official_inventory_reference_B,no_toll_expected_official_network,,tabla_peajes_2026.csv + fuentes.csv (MITMA/BOE/concesionarias),Red de referencia gratuita post-liberalizaciones (AP-1/AP-2/AP-4/AP-7 liberadas); ver tabla_peajes_2026.csv.,5.34,1.785,9.53,Toyota Corolla 140H e-CVT 1.8,4.5,Gasolina 95 E5,2026-10-09
R2013,Valladolid,San Sebastián,335.841,3.050278,0.0,official_inventory_reference_B,no_toll_expected_official_network,,tabla_peajes_2026.csv + fuentes.csv (MITMA/BOE/concesionarias),Red de referencia gratuita post-liberalizaciones (AP-1/AP-2/AP-4/AP-7 liberadas); ver tabla_peajes_2026.csv.,15.113,1.785,26.98,Toyota Corolla 140H e-CVT 1.8,4.5,Gasolina 95 E5,2026-10-09
R2014,Valladolid,Santander,246.175,2.247222,0.0,official_inventory_reference_B,no_toll_expected_official_network,,tabla_peajes_2026.csv + fuentes.csv (MITMA/BOE/concesionarias),Red de referencia gratuita post-liberalizaciones (AP-1/AP-2/AP-4/AP-7 liberadas); ver tabla_peajes_2026.csv.,11.078,1.785,19.77,Toyota Corolla 140H e-CVT 1.8,4.5,Gasolina 95 E5,2026-10-09
R2015,Valladolid,Segovia,116.617,1.161667,0.0,official_inventory_reference_B,no_toll_expected_official_network,,tabla_peajes_2026.csv + fuentes.csv (MITMA/BOE/concesionarias),Red de referencia gratuita post-liberalizaciones (AP-1/AP-2/AP-4/AP-7 liberadas); ver tabla_peajes_2026.csv.,5.248,1.785,9.37,Toyota Corolla 140H e-CVT 1.8,4.5,Gasolina 95 E5,2026-10-09
R2016,Valladolid,Sevilla,583.343,5.078056,0.0,official_inventory_reference_B,no_toll_expected_official_network,,tabla_peajes_2026.csv + fuentes.csv (MITMA/BOE/concesionarias),Red de referencia gratuita post-liberalizaciones (AP-1/AP-2/AP-4/AP-7 liberadas); ver tabla_peajes_2026.csv.,26.25,1.785,46.86,Toyota Corolla 140H e-CVT 1.8,4.5,Gasolina 95 E5,2026-10-09
R2017,Valladolid,Soria,211.556,2.345278,0.0,official_inventory_reference_B,no_toll_expected_official_network,,tabla_peajes_2026.csv + fuentes.csv (MITMA/BOE/concesionarias),Red de referencia gratuita post-liberalizaciones (AP-1/AP-2/AP-4/AP-7 liberadas); ver tabla_peajes_2026.csv.,9.52,1.785,16.99,Toyota Corolla 140H e-CVT 1.8,4.5,Gasolina 95 E5,2026-10-09
R2018,Valladolid,Tarragona,651.151,5.788889,0.0,official_inventory_reference_B,no_toll_expected_official_network,,tabla_peajes_2026.csv + fuentes.csv (MITMA/BOE/concesionarias),Red de referencia gratuita post-liberalizaciones (AP-1/AP-2/AP-4/AP-7 liberadas); ver tabla_peajes_2026.csv.,29.302,1.785,52.3,Toyota Corolla 140H e-CVT 1.8,4.5,Gasolina 95 E5,2026-10-09
R2019,Valladolid,Teruel,424.736,4.7175,0.0,official_inventory_reference_B,no_toll_expected_official_network,,tabla_peajes_2026.csv + fuentes.csv (MITMA/BOE/concesionarias),Red de referencia gratuita post-liberalizaciones (AP-1/AP-2/AP-4/AP-7 liberadas); ver tabla_peajes_2026.csv.,19.113,1.785,34.12,Toyota Corolla 140H e-CVT 1.8,4.5,Gasolina 95 E5,2026-10-09
R2020,Valladolid,Toledo,280.361,2.582778,0.0,official_inventory_reference_B,no_toll_expected_official_network,,tabla_peajes_2026.csv + fuentes.csv (MITMA/BOE/concesionarias),Red de referencia gratuita post-liberalizaciones (AP-1/AP-2/AP-4/AP-7 liberadas); ver tabla_peajes_2026.csv.,12.616,1.785,22.52,Toyota Corolla 140H e-CVT 1.8,4.5,Gasolina 95 E5,2026-10-09
R2021,Valladolid,Valencia,584.142,5.193056,0.0,official_inventory_reference_B,no_toll_expected_official_network,,tabla_peajes_2026.csv + fuentes.csv (MITMA/BOE/concesionarias),Red de referencia gratuita post-liberalizaciones (AP-1/AP-2/AP-4/AP-7 liberadas); ver tabla_peajes_2026.csv.,26.286,1.785,46.92,Toyota Corolla 140H e-CVT 1.8,4.5,Gasolina 95 E5,2026-10-09
R2022,Valladolid,Vitoria-Gasteiz,235.863,2.158056,0.0,official_inventory_reference_B,no_toll_expected_official_network,,tabla_peajes_2026.csv + fuentes.csv (MITMA/BOE/concesionarias),Red de referencia gratuita post-liberalizaciones (AP-1/AP-2/AP-4/AP-7 liberadas); ver tabla_peajes_2026.csv.,10.614,1.785,18.95,Toyota Corolla 140H e-CVT 1.8,4.5,Gasolina 95 E5,2026-10-09
R2023,Valladolid,Zamora,109.682,1.206944,0.0,official_inventory_reference_B,no_toll_expected_official_network,,tabla_peajes_2026.csv + fuentes.csv (MITMA/BOE/concesionarias),Red de referencia gratuita post-liberalizaciones (AP-1/AP-2/AP-4/AP-7 liberadas); ver tabla_peajes_2026.csv.,4.936,1.785,8.81,Toyota Corolla 140H e-CVT 1.8,4.5,Gasolina 95 E5,2026-10-09
R2024,Valladolid,Zaragoza,422.843,3.809722,0.0,official_inventory_reference_B,no_toll_expected_official_network,,tabla_peajes_2026.csv + fuentes.csv (MITMA/BOE/concesionarias),Red de referencia gratuita post-liberalizaciones (AP-1/AP-2/AP-4/AP-7 liberadas); ver tabla_peajes_2026.csv.,19.028,1.785,33.96,Toyota Corolla 140H e-CVT 1.8,4.5,Gasolina 95 E5,2026-10-09
R2025,Vitoria-Gasteiz,A Coruña,679.014,5.848333,0.0,official_inventory_reference_B,no_toll_expected_official_network,,tabla_peajes_2026.csv + fuentes.csv (MITMA/BOE/concesionarias),Red de referencia gratuita post-liberalizaciones (AP-1/AP-2/AP-4/AP-7 liberadas); ver tabla_peajes_2026.csv.,30.556,1.785,54.54,Toyota Corolla 140H e-CVT 1.8,4.5,Gasolina 95 E5,2026-10-09
R2026,Vitoria-Gasteiz,Albacete,598.645,5.318333,0.0,official_inventory_reference_B,no_toll_expected_official_network,,tabla_peajes_2026.csv + fuentes.csv (MITMA/BOE/concesionarias),Red de referencia gratuita post-liberalizaciones (AP-1/AP-2/AP-4/AP-7 liberadas); ver tabla_peajes_2026.csv.,26.939,1.785,48.09,Toyota Corolla 140H e-CVT 1.8,4.5,Gasolina 95 E5,2026-10-09
R2027,Vitoria-Gasteiz,Alicante,762.813,6.716667,0.0,official_inventory_reference_B,no_toll_expected_official_network,,tabla_peajes_2026.csv + fuentes.csv (MITMA/BOE/concesionarias),Red de referencia gratuita post-liberalizaciones (AP-1/AP-2/AP-4/AP-7 liberadas); ver tabla_peajes_2026.csv.,34.327,1.785,61.27,Toyota Corolla 140H e-CVT 1.8,4.5,Gasolina 95 E5,2026-10-09
R2028,Vitoria-Gasteiz,Almería,902.389,8.126389,0.0,official_inventory_reference_B,no_toll_expected_official_network,,tabla_peajes_2026.csv + fuentes.csv (MITMA/BOE/concesionarias),Red de referencia gratuita post-liberalizaciones (AP-1/AP-2/AP-4/AP-7 liberadas); ver tabla_peajes_2026.csv.,40.608,1.785,72.48,Toyota Corolla 140H e-CVT 1.8,4.5,Gasolina 95 E5,2026-10-09
R2029,Vitoria-Gasteiz,Ávila,375.744,3.444722,0.0,official_inventory_reference_B,no_toll_expected_official_network,,tabla_peajes_2026.csv + fuentes.csv (MITMA/BOE/concesionarias),Red de referencia gratuita post-liberalizaciones (AP-1/AP-2/AP-4/AP-7 liberadas); ver tabla_peajes_2026.csv.,16.908,1.785,30.18,Toyota Corolla 140H e-CVT 1.8,4.5,Gasolina 95 E5,2026-10-09
R2030,Vitoria-Gasteiz,Badajoz,648.551,5.933611,0.0,official_inventory_reference_B,no_toll_expected_official_network,,tabla_peajes_2026.csv + fuentes.csv (MITMA/BOE/concesionarias),Red de referencia gratuita post-liberalizaciones (AP-1/AP-2/AP-4/AP-7 liberadas); ver tabla_peajes_2026.csv.,29.185,1.785,52.09,Toyota Corolla 140H e-CVT 1.8,4.5,Gasolina 95 E5,2026-10-09
R2031,Vitoria-Gasteiz,Barcelona,566.472,4.983611,0.0,official_inventory_reference_B,no_toll_expected_official_network,,tabla_peajes_2026.csv + fuentes.csv (MITMA/BOE/concesionarias),Red de referencia gratuita post-liberalizaciones (AP-1/AP-2/AP-4/AP-7 liberadas); ver tabla_peajes_2026.csv.,25.491,1.785,45.5,Toyota Corolla 140H e-CVT 1.8,4.5,Gasolina 95 E5,2026-10-09
R2032,Vitoria-Gasteiz,Bilbao,65.33,0.737222,0.0,official_inventory_reference_B,toll_possible_not_valued,AP-68 / red foral (Bidegi),tabla_peajes_2026.csv + fuentes.csv (MITMA/BOE/concesionarias),Peaje posible para ligeros; tarifa no verificada hoy. Ampliar manual con Bidegi/autopistas.com. tax=0 provisional.,2.94,1.785,5.25,Toyota Corolla 140H e-CVT 1.8,4.5,Gasolina 95 E5,2026-10-09
R2033,Vitoria-Gasteiz,Burgos,114.727,1.125,0.0,official_inventory_reference_B,no_toll_expected_official_network,,tabla_peajes_2026.csv + fuentes.csv (MITMA/BOE/concesionarias),Red de referencia gratuita post-liberalizaciones (AP-1/AP-2/AP-4/AP-7 liberadas); ver tabla_peajes_2026.csv.,5.163,1.785,9.22,Toyota Corolla 140H e-CVT 1.8,4.5,Gasolina 95 E5,2026-10-09
R2034,Vitoria-Gasteiz,Cáceres,560.94,4.981944,0.0,official_inventory_reference_B,no_toll_expected_official_network,,tabla_peajes_2026.csv + fuentes.csv (MITMA/BOE/concesionarias),Red de referencia gratuita post-liberalizaciones (AP-1/AP-2/AP-4/AP-7 liberadas); ver tabla_peajes_2026.csv.,25.242,1.785,45.06,Toyota Corolla 140H e-CVT 1.8,4.5,Gasolina 95 E5,2026-10-09
R2035,Vitoria-Gasteiz,Cádiz,938.796,8.223056,0.0,official_inventory_reference_B,no_toll_expected_official_network,,tabla_peajes_2026.csv + fuentes.csv (MITMA/BOE/concesionarias),Red de referencia gratuita post-liberalizaciones (AP-1/AP-2/AP-4/AP-7 liberadas); ver tabla_peajes_2026.csv.,42.246,1.785,75.41,Toyota Corolla 140H e-CVT 1.8,4.5,Gasolina 95 E5,2026-10-09
R2036,Vitoria-Gasteiz,Castellón de la Plana,573.246,5.205833,0.0,official_inventory_reference_B,no_toll_expected_official_network,,tabla_peajes_2026.csv + fuentes.csv (MITMA/BOE/concesionarias),Red de referencia gratuita post-liberalizaciones (AP-1/AP-2/AP-4/AP-7 liberadas); ver tabla_peajes_2026.csv.,25.796,1.785,46.05,Toyota Corolla 140H e-CVT 1.8,4.5,Gasolina 95 E5,2026-10-09
R2037,Vitoria-Gasteiz,Ciudad Real,562.602,5.138333,0.0,official_inventory_reference_B,no_toll_expected_official_network,,tabla_peajes_2026.csv + fuentes.csv (MITMA/BOE/concesionarias),Red de referencia gratuita post-liberalizaciones (AP-1/AP-2/AP-4/AP-7 liberadas); ver tabla_peajes_2026.csv.,25.317,1.785,45.19,Toyota Corolla 140H e-CVT 1.8,4.5,Gasolina 95 E5,2026-10-09
R2038,Vitoria-Gasteiz,Córdoba,753.21,6.808889,0.0,official_inventory_reference_B,no_toll_expected_official_network,,tabla_peajes_2026.csv + fuentes.csv (MITMA/BOE/concesionarias),Red de referencia gratuita post-liberalizaciones (AP-1/AP-2/AP-4/AP-7 liberadas); ver tabla_peajes_2026.csv.,33.894,1.785,60.5,Toyota Corolla 140H e-CVT 1.8,4.5,Gasolina 95 E5,2026-10-09
R2039,Vitoria-Gasteiz,Cuenca,510.2,4.634722,0.0,official_inventory_reference_B,no_toll_expected_official_network,,tabla_peajes_2026.csv + fuentes.csv (MITMA/BOE/concesionarias),Red de referencia gratuita post-liberalizaciones (AP-1/AP-2/AP-4/AP-7 liberadas); ver tabla_peajes_2026.csv.,22.959,1.785,40.98,Toyota Corolla 140H e-CVT 1.8,4.5,Gasolina 95 E5,2026-10-09
R2040,Vitoria-Gasteiz,Girona,632.219,5.568611,0.0,official_inventory_reference_B,no_toll_expected_official_network,,tabla_peajes_2026.csv + fuentes.csv (MITMA/BOE/concesionarias),Red de referencia gratuita post-liberalizaciones (AP-1/AP-2/AP-4/AP-7 liberadas); ver tabla_peajes_2026.csv.,28.45,1.785,50.78,Toyota Corolla 140H e-CVT 1.8,4.5,Gasolina 95 E5,2026-10-09
R2041,Vitoria-Gasteiz,Granada,777.604,6.911667,0.0,official_inventory_reference_B,no_toll_expected_official_network,,tabla_peajes_2026.csv + fuentes.csv (MITMA/BOE/concesionarias),Red de referencia gratuita post-liberalizaciones (AP-1/AP-2/AP-4/AP-7 liberadas); ver tabla_peajes_2026.csv.,34.992,1.785,62.46,Toyota Corolla 140H e-CVT 1.8,4.5,Gasolina 95 E5,2026-10-09
R2042,Vitoria-Gasteiz,Guadalajara,346.39,3.443056,0.0,official_inventory_reference_B,no_toll_expected_official_network,,tabla_peajes_2026.csv + fuentes.csv (MITMA/BOE/concesionarias),Red de referencia gratuita post-liberalizaciones (AP-1/AP-2/AP-4/AP-7 liberadas); ver tabla_peajes_2026.csv.,15.588,1.785,27.82,Toyota Corolla 140H e-CVT 1.8,4.5,Gasolina 95 E5,2026-10-09
R2043,Vitoria-Gasteiz,Huelva,903.775,7.843889,0.0,official_inventory_reference_B,no_toll_expected_official_network,,tabla_peajes_2026.csv + fuentes.csv (MITMA/BOE/concesionarias),Red de referencia gratuita post-liberalizaciones (AP-1/AP-2/AP-4/AP-7 liberadas); ver tabla_peajes_2026.csv.,40.67,1.785,72.6,Toyota Corolla 140H e-CVT 1.8,4.5,Gasolina 95 E5,2026-10-09
R2044,Vitoria-Gasteiz,Huesca,260.403,2.741111,0.0,official_inventory_reference_B,no_toll_expected_official_network,,tabla_peajes_2026.csv + fuentes.csv (MITMA/BOE/concesionarias),Red de referencia gratuita post-liberalizaciones (AP-1/AP-2/AP-4/AP-7 liberadas); ver tabla_peajes_2026.csv.,11.718,1.785,20.92,Toyota Corolla 140H e-CVT 1.8,4.5,Gasolina 95 E5,2026-10-09
R2045,Vitoria-Gasteiz,Jaén,689.939,6.158611,0.0,official_inventory_reference_B,no_toll_expected_official_network,,tabla_peajes_2026.csv + fuentes.csv (MITMA/BOE/concesionarias),Red de referencia gratuita post-liberalizaciones (AP-1/AP-2/AP-4/AP-7 liberadas); ver tabla_peajes_2026.csv.,31.047,1.785,55.42,Toyota Corolla 140H e-CVT 1.8,4.5,Gasolina 95 E5,2026-10-09
R2046,Vitoria-Gasteiz,León,287.847,2.579167,0.0,official_inventory_reference_B,no_toll_expected_official_network,,tabla_peajes_2026.csv + fuentes.csv (MITMA/BOE/concesionarias),Red de referencia gratuita post-liberalizaciones (AP-1/AP-2/AP-4/AP-7 liberadas); ver tabla_peajes_2026.csv.,12.953,1.785,23.12,Toyota Corolla 140H e-CVT 1.8,4.5,Gasolina 95 E5,2026-10-09
R2047,Vitoria-Gasteiz,Lleida,413.074,3.675556,0.0,official_inventory_reference_B,no_toll_expected_official_network,,tabla_peajes_2026.csv + fuentes.csv (MITMA/BOE/concesionarias),Red de referencia gratuita post-liberalizaciones (AP-1/AP-2/AP-4/AP-7 liberadas); ver tabla_peajes_2026.csv.,18.588,1.785,33.18,Toyota Corolla 140H e-CVT 1.8,4.5,Gasolina 95 E5,2026-10-09
R2048,Vitoria-Gasteiz,Logroño,62.61,0.918333,0.0,official_inventory_reference_B,toll_possible_not_valued,AP-68 / red foral (Bidegi),tabla_peajes_2026.csv + fuentes.csv (MITMA/BOE/concesionarias),Peaje posible para ligeros; tarifa no verificada hoy. Ampliar manual con Bidegi/autopistas.com. tax=0 provisional.,2.817,1.785,5.03,Toyota Corolla 140H e-CVT 1.8,4.5,Gasolina 95 E5,2026-10-09
R2049,Vitoria-Gasteiz,Lugo,507.3,4.447222,0.0,official_inventory_reference_B,no_toll_expected_official_network,,tabla_peajes_2026.csv + fuentes.csv (MITMA/BOE/concesionarias),Red de referencia gratuita post-liberalizaciones (AP-1/AP-2/AP-4/AP-7 liberadas); ver tabla_peajes_2026.csv.,22.828,1.785,40.75,Toyota Corolla 140H e-CVT 1.8,4.5,Gasolina 95 E5,2026-10-09
R2050,Vitoria-Gasteiz,Madrid,353.569,3.2575,0.0,official_inventory_reference_B,no_toll_expected_official_network,,tabla_peajes_2026.csv + fuentes.csv (MITMA/BOE/concesionarias),Red de referencia gratuita post-liberalizaciones (AP-1/AP-2/AP-4/AP-7 liberadas); ver tabla_peajes_2026.csv.,15.911,1.785,28.4,Toyota Corolla 140H e-CVT 1.8,4.5,Gasolina 95 E5,2026-10-09
R2051,Vitoria-Gasteiz,Málaga,887.04,8.653056,0.0,official_inventory_reference_B,no_toll_expected_official_network,,tabla_peajes_2026.csv + fuentes.csv (MITMA/BOE/concesionarias),Red de referencia gratuita post-liberalizaciones (AP-1/AP-2/AP-4/AP-7 liberadas); ver tabla_peajes_2026.csv.,39.917,1.785,71.25,Toyota Corolla 140H e-CVT 1.8,4.5,Gasolina 95 E5,2026-10-09
R2052,Vitoria-Gasteiz,Murcia,741.105,6.570278,0.0,official_inventory_reference_B,no_toll_expected_official_network,,tabla_peajes_2026.csv + fuentes.csv (MITMA/BOE/concesionarias),Red de referencia gratuita post-liberalizaciones (AP-1/AP-2/AP-4/AP-7 liberadas); ver tabla_peajes_2026.csv.,33.35,1.785,59.53,Toyota Corolla 140H e-CVT 1.8,4.5,Gasolina 95 E5,2026-10-09
R2053,Vitoria-Gasteiz,Ourense,568.783,5.074167,0.0,official_inventory_reference_B,no_toll_expected_official_network,,tabla_peajes_2026.csv + fuentes.csv (MITMA/BOE/concesionarias),Red de referencia gratuita post-liberalizaciones (AP-1/AP-2/AP-4/AP-7 liberadas); ver tabla_peajes_2026.csv.,25.595,1.785,45.69,Toyota Corolla 140H e-CVT 1.8,4.5,Gasolina 95 E5,2026-10-09
R2054,Vitoria-Gasteiz,Oviedo,351.62,3.295556,0.0,official_inventory_reference_B,no_toll_expected_official_network,,tabla_peajes_2026.csv + fuentes.csv (MITMA/BOE/concesionarias),Corredor cantábrico/pirenaico sin AP-66 en la referencia.,15.823,1.785,28.24,Toyota Corolla 140H e-CVT 1.8,4.5,Gasolina 95 E5,2026-10-09
R2055,Vitoria-Gasteiz,Palencia,200.3,1.862778,0.0,official_inventory_reference_B,no_toll_expected_official_network,,tabla_peajes_2026.csv + fuentes.csv (MITMA/BOE/concesionarias),Red de referencia gratuita post-liberalizaciones (AP-1/AP-2/AP-4/AP-7 liberadas); ver tabla_peajes_2026.csv.,9.014,1.785,16.09,Toyota Corolla 140H e-CVT 1.8,4.5,Gasolina 95 E5,2026-10-09
R2056,Vitoria-Gasteiz,Pamplona,97.725,0.998889,0.0,official_inventory_reference_B,toll_possible_not_valued,AP-68 / red foral (Bidegi),tabla_peajes_2026.csv + fuentes.csv (MITMA/BOE/concesionarias),Peaje posible para ligeros; tarifa no verificada hoy. Ampliar manual con Bidegi/autopistas.com. tax=0 provisional.,4.398,1.785,7.85,Toyota Corolla 140H e-CVT 1.8,4.5,Gasolina 95 E5,2026-10-09
R2057,Vitoria-Gasteiz,Pontevedra,670.805,6.293611,0.0,official_inventory_reference_B,no_toll_expected_official_network,,tabla_peajes_2026.csv + fuentes.csv (MITMA/BOE/concesionarias),Red de referencia gratuita post-liberalizaciones (AP-1/AP-2/AP-4/AP-7 liberadas); ver tabla_peajes_2026.csv.,30.186,1.785,53.88,Toyota Corolla 140H e-CVT 1.8,4.5,Gasolina 95 E5,2026-10-09
R2058,Vitoria-Gasteiz,Salamanca,352.575,3.178333,0.0,official_inventory_reference_B,no_toll_expected_official_network,,tabla_peajes_2026.csv + fuentes.csv (MITMA/BOE/concesionarias),Red de referencia gratuita post-liberalizaciones (AP-1/AP-2/AP-4/AP-7 liberadas); ver tabla_peajes_2026.csv.,15.866,1.785,28.32,Toyota Corolla 140H e-CVT 1.8,4.5,Gasolina 95 E5,2026-10-09
R2059,Vitoria-Gasteiz,San Sebastián,102.508,1.078889,0.0,official_inventory_reference_B,toll_possible_not_valued,AP-68 / red foral (Bidegi),tabla_peajes_2026.csv + fuentes.csv (MITMA/BOE/concesionarias),Peaje posible para ligeros; tarifa no verificada hoy. Ampliar manual con Bidegi/autopistas.com. tax=0 provisional.,4.613,1.785,8.23,Toyota Corolla 140H e-CVT 1.8,4.5,Gasolina 95 E5,2026-10-09
R2060,Vitoria-Gasteiz,Santander,162.304,1.653333,0.0,official_inventory_reference_B,toll_possible_not_valued,AP-68 / red foral (Bidegi),tabla_peajes_2026.csv + fuentes.csv (MITMA/BOE/concesionarias),Peaje posible para ligeros; tarifa no verificada hoy. Ampliar manual con Bidegi/autopistas.com. tax=0 provisional.,7.304,1.785,13.04,Toyota Corolla 140H e-CVT 1.8,4.5,Gasolina 95 E5,2026-10-09
R2061,Vitoria-Gasteiz,Segovia,308.759,3.006389,0.0,official_inventory_reference_B,no_toll_expected_official_network,,tabla_peajes_2026.csv + fuentes.csv (MITMA/BOE/concesionarias),Red de referencia gratuita post-liberalizaciones (AP-1/AP-2/AP-4/AP-7 liberadas); ver tabla_peajes_2026.csv.,13.894,1.785,24.8,Toyota Corolla 140H e-CVT 1.8,4.5,Gasolina 95 E5,2026-10-09
R2062,Vitoria-Gasteiz,Sevilla,819.58,7.133611,0.0,official_inventory_reference_B,no_toll_expected_official_network,,tabla_peajes_2026.csv + fuentes.csv (MITMA/BOE/concesionarias),Red de referencia gratuita post-liberalizaciones (AP-1/AP-2/AP-4/AP-7 liberadas); ver tabla_peajes_2026.csv.,36.881,1.785,65.83,Toyota Corolla 140H e-CVT 1.8,4.5,Gasolina 95 E5,2026-10-09
R2063,Vitoria-Gasteiz,Soria,177.351,1.966667,0.0,official_inventory_reference_B,no_toll_expected_official_network,,tabla_peajes_2026.csv + fuentes.csv (MITMA/BOE/concesionarias),Red de referencia gratuita post-liberalizaciones (AP-1/AP-2/AP-4/AP-7 liberadas); ver tabla_peajes_2026.csv.,7.981,1.785,14.25,Toyota Corolla 140H e-CVT 1.8,4.5,Gasolina 95 E5,2026-10-09
R2064,Vitoria-Gasteiz,Tarragona,488.282,4.356389,0.0,official_inventory_reference_B,no_toll_expected_official_network,,tabla_peajes_2026.csv + fuentes.csv (MITMA/BOE/concesionarias),Red de referencia gratuita post-liberalizaciones (AP-1/AP-2/AP-4/AP-7 liberadas); ver tabla_peajes_2026.csv.,21.973,1.785,39.22,Toyota Corolla 140H e-CVT 1.8,4.5,Gasolina 95 E5,2026-10-09
R2065,Vitoria-Gasteiz,Teruel,429.556,3.806389,0.0,official_inventory_reference_B,no_toll_expected_official_network,,tabla_peajes_2026.csv + fuentes.csv (MITMA/BOE/concesionarias),Red de referencia gratuita post-liberalizaciones (AP-1/AP-2/AP-4/AP-7 liberadas); ver tabla_peajes_2026.csv.,19.33,1.785,34.5,Toyota Corolla 140H e-CVT 1.8,4.5,Gasolina 95 E5,2026-10-09
R2066,Vitoria-Gasteiz,Toledo,437.925,3.945833,0.0,official_inventory_reference_B,no_toll_expected_official_network,,tabla_peajes_2026.csv + fuentes.csv (MITMA/BOE/concesionarias),Red de referencia gratuita post-liberalizaciones (AP-1/AP-2/AP-4/AP-7 liberadas); ver tabla_peajes_2026.csv.,19.707,1.785,35.18,Toyota Corolla 140H e-CVT 1.8,4.5,Gasolina 95 E5,2026-10-09
R2067,Vitoria-Gasteiz,Valencia,567.483,5.0525,0.0,official_inventory_reference_B,no_toll_expected_official_network,,tabla_peajes_2026.csv + fuentes.csv (MITMA/BOE/concesionarias),Red de referencia gratuita post-liberalizaciones (AP-1/AP-2/AP-4/AP-7 liberadas); ver tabla_peajes_2026.csv.,25.537,1.785,45.58,Toyota Corolla 140H e-CVT 1.8,4.5,Gasolina 95 E5,2026-10-09
R2068,Vitoria-Gasteiz,Valladolid,237.395,2.200833,0.0,official_inventory_reference_B,no_toll_expected_official_network,,tabla_peajes_2026.csv + fuentes.csv (MITMA/BOE/concesionarias),Red de referencia gratuita post-liberalizaciones (AP-1/AP-2/AP-4/AP-7 liberadas); ver tabla_peajes_2026.csv.,10.683,1.785,19.07,Toyota Corolla 140H e-CVT 1.8,4.5,Gasolina 95 E5,2026-10-09
R2069,Vitoria-Gasteiz,Zamora,343.593,3.221389,0.0,official_inventory_reference_B,no_toll_expected_official_network,,tabla_peajes_2026.csv + fuentes.csv (MITMA/BOE/concesionarias),Red de referencia gratuita post-liberalizaciones (AP-1/AP-2/AP-4/AP-7 liberadas); ver tabla_peajes_2026.csv.,15.462,1.785,27.6,Toyota Corolla 140H e-CVT 1.8,4.5,Gasolina 95 E5,2026-10-09
R2070,Vitoria-Gasteiz,Zaragoza,259.967,2.376944,0.0,official_inventory_reference_B,no_toll_expected_official_network,,tabla_peajes_2026.csv + fuentes.csv (MITMA/BOE/concesionarias),Red de referencia gratuita post-liberalizaciones (AP-1/AP-2/AP-4/AP-7 liberadas); ver tabla_peajes_2026.csv.,11.699,1.785,20.88,Toyota Corolla 140H e-CVT 1.8,4.5,Gasolina 95 E5,2026-10-09
R2071,Zamora,A Coruña,406.078,3.641389,0.0,official_inventory_reference_B,no_toll_expected_official_network,,tabla_peajes_2026.csv + fuentes.csv (MITMA/BOE/concesionarias),Red de referencia gratuita post-liberalizaciones (AP-1/AP-2/AP-4/AP-7 liberadas); ver tabla_peajes_2026.csv.,18.274,1.785,32.62,Toyota Corolla 140H e-CVT 1.8,4.5,Gasolina 95 E5,2026-10-09
R2072,Zamora,Albacete,535.88,4.8525,0.0,official_inventory_reference_B,no_toll_expected_official_network,,tabla_peajes_2026.csv + fuentes.csv (MITMA/BOE/concesionarias),Red de referencia gratuita post-liberalizaciones (AP-1/AP-2/AP-4/AP-7 liberadas); ver tabla_peajes_2026.csv.,24.115,1.785,43.04,Toyota Corolla 140H e-CVT 1.8,4.5,Gasolina 95 E5,2026-10-09
R2073,Zamora,Alicante,700.048,6.250556,0.0,official_inventory_reference_B,no_toll_expected_official_network,,tabla_peajes_2026.csv + fuentes.csv (MITMA/BOE/concesionarias),Red de referencia gratuita post-liberalizaciones (AP-1/AP-2/AP-4/AP-7 liberadas); ver tabla_peajes_2026.csv.,31.502,1.785,56.23,Toyota Corolla 140H e-CVT 1.8,4.5,Gasolina 95 E5,2026-10-09
R2074,Zamora,Almería,806.449,7.411389,0.0,official_inventory_reference_B,no_toll_expected_official_network,,tabla_peajes_2026.csv + fuentes.csv (MITMA/BOE/concesionarias),Red de referencia gratuita post-liberalizaciones (AP-1/AP-2/AP-4/AP-7 liberadas); ver tabla_peajes_2026.csv.,36.29,1.785,64.78,Toyota Corolla 140H e-CVT 1.8,4.5,Gasolina 95 E5,2026-10-09
R2075,Zamora,Ávila,182.431,1.874444,0.0,official_inventory_reference_B,no_toll_expected_official_network,,tabla_peajes_2026.csv + fuentes.csv (MITMA/BOE/concesionarias),Red de referencia gratuita post-liberalizaciones (AP-1/AP-2/AP-4/AP-7 liberadas); ver tabla_peajes_2026.csv.,8.209,1.785,14.65,Toyota Corolla 140H e-CVT 1.8,4.5,Gasolina 95 E5,2026-10-09
R2076,Zamora,Badajoz,365.3,3.675833,0.0,official_inventory_reference_B,no_toll_expected_official_network,,tabla_peajes_2026.csv + fuentes.csv (MITMA/BOE/concesionarias),Red de referencia gratuita post-liberalizaciones (AP-1/AP-2/AP-4/AP-7 liberadas); ver tabla_peajes_2026.csv.,16.439,1.785,29.34,Toyota Corolla 140H e-CVT 1.8,4.5,Gasolina 95 E5,2026-10-09
R2077,Zamora,Barcelona,836.772,7.455556,0.0,official_inventory_reference_B,no_toll_expected_official_network,,tabla_peajes_2026.csv + fuentes.csv (MITMA/BOE/concesionarias),Red de referencia gratuita post-liberalizaciones (AP-1/AP-2/AP-4/AP-7 liberadas); ver tabla_peajes_2026.csv.,37.655,1.785,67.21,Toyota Corolla 140H e-CVT 1.8,4.5,Gasolina 95 E5,2026-10-09
R2078,Zamora,Bilbao,388.114,3.571944,0.0,official_inventory_reference_B,no_toll_expected_official_network,,tabla_peajes_2026.csv + fuentes.csv (MITMA/BOE/concesionarias),Red de referencia gratuita post-liberalizaciones (AP-1/AP-2/AP-4/AP-7 liberadas); ver tabla_peajes_2026.csv.,17.465,1.785,31.18,Toyota Corolla 140H e-CVT 1.8,4.5,Gasolina 95 E5,2026-10-09
R2079,Zamora,Burgos,234.191,2.211389,0.0,official_inventory_reference_B,no_toll_expected_official_network,,tabla_peajes_2026.csv + fuentes.csv (MITMA/BOE/concesionarias),Red de referencia gratuita post-liberalizaciones (AP-1/AP-2/AP-4/AP-7 liberadas); ver tabla_peajes_2026.csv.,10.539,1.785,18.81,Toyota Corolla 140H e-CVT 1.8,4.5,Gasolina 95 E5,2026-10-09
R2080,Zamora,Cáceres,277.687,2.724167,0.0,official_inventory_reference_B,no_toll_expected_official_network,,tabla_peajes_2026.csv + fuentes.csv (MITMA/BOE/concesionarias),Red de referencia gratuita post-liberalizaciones (AP-1/AP-2/AP-4/AP-7 liberadas); ver tabla_peajes_2026.csv.,12.496,1.785,22.31,Toyota Corolla 140H e-CVT 1.8,4.5,Gasolina 95 E5,2026-10-09
R2081,Zamora,Cádiz,653.205,5.924444,0.0,official_inventory_reference_B,no_toll_expected_official_network,,tabla_peajes_2026.csv + fuentes.csv (MITMA/BOE/concesionarias),Red de referencia gratuita post-liberalizaciones (AP-1/AP-2/AP-4/AP-7 liberadas); ver tabla_peajes_2026.csv.,29.394,1.785,52.47,Toyota Corolla 140H e-CVT 1.8,4.5,Gasolina 95 E5,2026-10-09
R2082,Zamora,Castellón de la Plana,708.805,6.393889,0.0,official_inventory_reference_B,no_toll_expected_official_network,,tabla_peajes_2026.csv + fuentes.csv (MITMA/BOE/concesionarias),Red de referencia gratuita post-liberalizaciones (AP-1/AP-2/AP-4/AP-7 liberadas); ver tabla_peajes_2026.csv.,31.896,1.785,56.93,Toyota Corolla 140H e-CVT 1.8,4.5,Gasolina 95 E5,2026-10-09
R2083,Zamora,Ciudad Real,448.339,4.349722,0.0,official_inventory_reference_B,no_toll_expected_official_network,,tabla_peajes_2026.csv + fuentes.csv (MITMA/BOE/concesionarias),Red de referencia gratuita post-liberalizaciones (AP-1/AP-2/AP-4/AP-7 liberadas); ver tabla_peajes_2026.csv.,20.175,1.785,36.01,Toyota Corolla 140H e-CVT 1.8,4.5,Gasolina 95 E5,2026-10-09
R2084,Zamora,Córdoba,590.16,5.898056,0.0,official_inventory_reference_B,no_toll_expected_official_network,,tabla_peajes_2026.csv + fuentes.csv (MITMA/BOE/concesionarias),Red de referencia gratuita post-liberalizaciones (AP-1/AP-2/AP-4/AP-7 liberadas); ver tabla_peajes_2026.csv.,26.557,1.785,47.4,Toyota Corolla 140H e-CVT 1.8,4.5,Gasolina 95 E5,2026-10-09
R2085,Zamora,Cuenca,447.433,4.169167,0.0,official_inventory_reference_B,no_toll_expected_official_network,,tabla_peajes_2026.csv + fuentes.csv (MITMA/BOE/concesionarias),Red de referencia gratuita post-liberalizaciones (AP-1/AP-2/AP-4/AP-7 liberadas); ver tabla_peajes_2026.csv.,20.134,1.785,35.94,Toyota Corolla 140H e-CVT 1.8,4.5,Gasolina 95 E5,2026-10-09
R2086,Zamora,Girona,902.523,8.040556,0.0,official_inventory_reference_B,no_toll_expected_official_network,,tabla_peajes_2026.csv + fuentes.csv (MITMA/BOE/concesionarias),Red de referencia gratuita post-liberalizaciones (AP-1/AP-2/AP-4/AP-7 liberadas); ver tabla_peajes_2026.csv.,40.614,1.785,72.5,Toyota Corolla 140H e-CVT 1.8,4.5,Gasolina 95 E5,2026-10-09
R2087,Zamora,Granada,681.663,6.196944,0.0,official_inventory_reference_B,no_toll_expected_official_network,,tabla_peajes_2026.csv + fuentes.csv (MITMA/BOE/concesionarias),Red de referencia gratuita post-liberalizaciones (AP-1/AP-2/AP-4/AP-7 liberadas); ver tabla_peajes_2026.csv.,30.675,1.785,54.75,Toyota Corolla 140H e-CVT 1.8,4.5,Gasolina 95 E5,2026-10-09
R2088,Zamora,Guadalajara,323.898,3.176667,0.0,official_inventory_reference_B,no_toll_expected_official_network,,tabla_peajes_2026.csv + fuentes.csv (MITMA/BOE/concesionarias),Red de referencia gratuita post-liberalizaciones (AP-1/AP-2/AP-4/AP-7 liberadas); ver tabla_peajes_2026.csv.,14.575,1.785,26.02,Toyota Corolla 140H e-CVT 1.8,4.5,Gasolina 95 E5,2026-10-09
R2089,Zamora,Huelva,618.181,5.545,0.0,official_inventory_reference_B,no_toll_expected_official_network,,tabla_peajes_2026.csv + fuentes.csv (MITMA/BOE/concesionarias),Red de referencia gratuita post-liberalizaciones (AP-1/AP-2/AP-4/AP-7 liberadas); ver tabla_peajes_2026.csv.,27.818,1.785,49.66,Toyota Corolla 140H e-CVT 1.8,4.5,Gasolina 95 E5,2026-10-09
R2090,Zamora,Huesca,603.505,5.456389,0.0,official_inventory_reference_B,no_toll_expected_official_network,,tabla_peajes_2026.csv + fuentes.csv (MITMA/BOE/concesionarias),Red de referencia gratuita post-liberalizaciones (AP-1/AP-2/AP-4/AP-7 liberadas); ver tabla_peajes_2026.csv.,27.158,1.785,48.48,Toyota Corolla 140H e-CVT 1.8,4.5,Gasolina 95 E5,2026-10-09
R2091,Zamora,Jaén,593.999,5.443889,0.0,official_inventory_reference_B,no_toll_expected_official_network,,tabla_peajes_2026.csv + fuentes.csv (MITMA/BOE/concesionarias),Red de referencia gratuita post-liberalizaciones (AP-1/AP-2/AP-4/AP-7 liberadas); ver tabla_peajes_2026.csv.,26.73,1.785,47.71,Toyota Corolla 140H e-CVT 1.8,4.5,Gasolina 95 E5,2026-10-09
R2092,Zamora,León,147.168,1.510556,0.0,official_inventory_reference_B,no_toll_expected_official_network,,tabla_peajes_2026.csv + fuentes.csv (MITMA/BOE/concesionarias),Red de referencia gratuita post-liberalizaciones (AP-1/AP-2/AP-4/AP-7 liberadas); ver tabla_peajes_2026.csv.,6.623,1.785,11.82,Toyota Corolla 140H e-CVT 1.8,4.5,Gasolina 95 E5,2026-10-09
R2093,Zamora,Lleida,688.274,6.168611,0.0,official_inventory_reference_B,no_toll_expected_official_network,,tabla_peajes_2026.csv + fuentes.csv (MITMA/BOE/concesionarias),Red de referencia gratuita post-liberalizaciones (AP-1/AP-2/AP-4/AP-7 liberadas); ver tabla_peajes_2026.csv.,30.972,1.785,55.29,Toyota Corolla 140H e-CVT 1.8,4.5,Gasolina 95 E5,2026-10-09
R2094,Zamora,Logroño,350.049,3.439167,0.0,official_inventory_reference_B,no_toll_expected_official_network,,tabla_peajes_2026.csv + fuentes.csv (MITMA/BOE/concesionarias),Red de referencia gratuita post-liberalizaciones (AP-1/AP-2/AP-4/AP-7 liberadas); ver tabla_peajes_2026.csv.,15.752,1.785,28.12,Toyota Corolla 140H e-CVT 1.8,4.5,Gasolina 95 E5,2026-10-09
R2095,Zamora,Lugo,310.18,2.826944,0.0,official_inventory_reference_B,no_toll_expected_official_network,,tabla_peajes_2026.csv + fuentes.csv (MITMA/BOE/concesionarias),Red de referencia gratuita post-liberalizaciones (AP-1/AP-2/AP-4/AP-7 liberadas); ver tabla_peajes_2026.csv.,13.958,1.785,24.92,Toyota Corolla 140H e-CVT 1.8,4.5,Gasolina 95 E5,2026-10-09
R2096,Zamora,Madrid,265.721,2.629167,0.0,official_inventory_reference_B,no_toll_expected_official_network,,tabla_peajes_2026.csv + fuentes.csv (MITMA/BOE/concesionarias),Red de referencia gratuita post-liberalizaciones (AP-1/AP-2/AP-4/AP-7 liberadas); ver tabla_peajes_2026.csv.,11.957,1.785,21.34,Toyota Corolla 140H e-CVT 1.8,4.5,Gasolina 95 E5,2026-10-09
R2097,Zamora,Málaga,751.124,7.581389,0.0,official_inventory_reference_B,no_toll_expected_official_network,,tabla_peajes_2026.csv + fuentes.csv (MITMA/BOE/concesionarias),Red de referencia gratuita post-liberalizaciones (AP-1/AP-2/AP-4/AP-7 liberadas); ver tabla_peajes_2026.csv.,33.801,1.785,60.33,Toyota Corolla 140H e-CVT 1.8,4.5,Gasolina 95 E5,2026-10-09
R2098,Zamora,Murcia,678.34,6.104167,0.0,official_inventory_reference_B,no_toll_expected_official_network,,tabla_peajes_2026.csv + fuentes.csv (MITMA/BOE/concesionarias),Red de referencia gratuita post-liberalizaciones (AP-1/AP-2/AP-4/AP-7 liberadas); ver tabla_peajes_2026.csv.,30.525,1.785,54.49,Toyota Corolla 140H e-CVT 1.8,4.5,Gasolina 95 E5,2026-10-09
R2099,Zamora,Ourense,266.305,2.832222,0.0,official_inventory_reference_B,no_toll_expected_official_network,,tabla_peajes_2026.csv + fuentes.csv (MITMA/BOE/concesionarias),Red de referencia gratuita post-liberalizaciones (AP-1/AP-2/AP-4/AP-7 liberadas); ver tabla_peajes_2026.csv.,11.984,1.785,21.39,Toyota Corolla 140H e-CVT 1.8,4.5,Gasolina 95 E5,2026-10-09
R2100,Zamora,Oviedo,256.581,2.495,16.2,official_inventory_reference_B,valued_official_2026,AP-66 Campomanes-León,tabla_peajes_2026.csv + fuentes.csv (MITMA/BOE/concesionarias),Paso del Huerna hacia la Meseta/sur; sin alternativa rápida equivalente.,11.546,1.785,20.61,Toyota Corolla 140H e-CVT 1.8,4.5,Gasolina 95 E5,2026-10-09
R2101,Zamora,Palencia,156.088,1.585278,0.0,official_inventory_reference_B,no_toll_expected_official_network,,tabla_peajes_2026.csv + fuentes.csv (MITMA/BOE/concesionarias),Red de referencia gratuita post-liberalizaciones (AP-1/AP-2/AP-4/AP-7 liberadas); ver tabla_peajes_2026.csv.,7.024,1.785,12.54,Toyota Corolla 140H e-CVT 1.8,4.5,Gasolina 95 E5,2026-10-09
R2102,Zamora,Pamplona,439.318,4.019722,0.0,official_inventory_reference_B,no_toll_expected_official_network,,tabla_peajes_2026.csv + fuentes.csv (MITMA/BOE/concesionarias),Red de referencia gratuita post-liberalizaciones (AP-1/AP-2/AP-4/AP-7 liberadas); ver tabla_peajes_2026.csv.,19.769,1.785,35.29,Toyota Corolla 140H e-CVT 1.8,4.5,Gasolina 95 E5,2026-10-09
R2103,Zamora,Pontevedra,353.589,3.916389,0.0,official_inventory_reference_B,no_toll_expected_official_network,,tabla_peajes_2026.csv + fuentes.csv (MITMA/BOE/concesionarias),Red de referencia gratuita post-liberalizaciones (AP-1/AP-2/AP-4/AP-7 liberadas); ver tabla_peajes_2026.csv.,15.912,1.785,28.4,Toyota Corolla 140H e-CVT 1.8,4.5,Gasolina 95 E5,2026-10-09
R2104,Zamora,Salamanca,73.785,0.956667,0.0,official_inventory_reference_B,no_toll_expected_official_network,,tabla_peajes_2026.csv + fuentes.csv (MITMA/BOE/concesionarias),Red de referencia gratuita post-liberalizaciones (AP-1/AP-2/AP-4/AP-7 liberadas); ver tabla_peajes_2026.csv.,3.32,1.785,5.93,Toyota Corolla 140H e-CVT 1.8,4.5,Gasolina 95 E5,2026-10-09
R2105,Zamora,San Sebastián,443.262,4.089167,0.0,official_inventory_reference_B,no_toll_expected_official_network,,tabla_peajes_2026.csv + fuentes.csv (MITMA/BOE/concesionarias),Red de referencia gratuita post-liberalizaciones (AP-1/AP-2/AP-4/AP-7 liberadas); ver tabla_peajes_2026.csv.,19.947,1.785,35.61,Toyota Corolla 140H e-CVT 1.8,4.5,Gasolina 95 E5,2026-10-09
R2106,Zamora,Santander,353.627,3.286111,0.0,official_inventory_reference_B,no_toll_expected_official_network,,tabla_peajes_2026.csv + fuentes.csv (MITMA/BOE/concesionarias),Red de referencia gratuita post-liberalizaciones (AP-1/AP-2/AP-4/AP-7 liberadas); ver tabla_peajes_2026.csv.,15.913,1.785,28.41,Toyota Corolla 140H e-CVT 1.8,4.5,Gasolina 95 E5,2026-10-09
R2107,Zamora,Segovia,219.717,2.165556,0.0,official_inventory_reference_B,no_toll_expected_official_network,,tabla_peajes_2026.csv + fuentes.csv (MITMA/BOE/concesionarias),Red de referencia gratuita post-liberalizaciones (AP-1/AP-2/AP-4/AP-7 liberadas); ver tabla_peajes_2026.csv.,9.887,1.785,17.65,Toyota Corolla 140H e-CVT 1.8,4.5,Gasolina 95 E5,2026-10-09
R2108,Zamora,Sevilla,533.996,4.835,0.0,official_inventory_reference_B,no_toll_expected_official_network,,tabla_peajes_2026.csv + fuentes.csv (MITMA/BOE/concesionarias),Red de referencia gratuita post-liberalizaciones (AP-1/AP-2/AP-4/AP-7 liberadas); ver tabla_peajes_2026.csv.,24.03,1.785,42.89,Toyota Corolla 140H e-CVT 1.8,4.5,Gasolina 95 E5,2026-10-09
R2109,Zamora,Soria,314.116,3.345,0.0,official_inventory_reference_B,no_toll_expected_official_network,,tabla_peajes_2026.csv + fuentes.csv (MITMA/BOE/concesionarias),Red de referencia gratuita post-liberalizaciones (AP-1/AP-2/AP-4/AP-7 liberadas); ver tabla_peajes_2026.csv.,14.135,1.785,25.23,Toyota Corolla 140H e-CVT 1.8,4.5,Gasolina 95 E5,2026-10-09
R2110,Zamora,Tarragona,746.716,6.879444,0.0,official_inventory_reference_B,no_toll_expected_official_network,,tabla_peajes_2026.csv + fuentes.csv (MITMA/BOE/concesionarias),Red de referencia gratuita post-liberalizaciones (AP-1/AP-2/AP-4/AP-7 liberadas); ver tabla_peajes_2026.csv.,33.602,1.785,59.98,Toyota Corolla 140H e-CVT 1.8,4.5,Gasolina 95 E5,2026-10-09
R2111,Zamora,Teruel,568.093,5.630833,0.0,official_inventory_reference_B,no_toll_expected_official_network,,tabla_peajes_2026.csv + fuentes.csv (MITMA/BOE/concesionarias),Red de referencia gratuita post-liberalizaciones (AP-1/AP-2/AP-4/AP-7 liberadas); ver tabla_peajes_2026.csv.,25.564,1.785,45.63,Toyota Corolla 140H e-CVT 1.8,4.5,Gasolina 95 E5,2026-10-09
R2112,Zamora,Toledo,331.91,3.140556,0.0,official_inventory_reference_B,no_toll_expected_official_network,,tabla_peajes_2026.csv + fuentes.csv (MITMA/BOE/concesionarias),Red de referencia gratuita post-liberalizaciones (AP-1/AP-2/AP-4/AP-7 liberadas); ver tabla_peajes_2026.csv.,14.936,1.785,26.66,Toyota Corolla 140H e-CVT 1.8,4.5,Gasolina 95 E5,2026-10-09
R2113,Zamora,Valencia,635.689,5.749722,0.0,official_inventory_reference_B,no_toll_expected_official_network,,tabla_peajes_2026.csv + fuentes.csv (MITMA/BOE/concesionarias),Red de referencia gratuita post-liberalizaciones (AP-1/AP-2/AP-4/AP-7 liberadas); ver tabla_peajes_2026.csv.,28.606,1.785,51.06,Toyota Corolla 140H e-CVT 1.8,4.5,Gasolina 95 E5,2026-10-09
R2114,Zamora,Valladolid,110.138,1.212778,0.0,official_inventory_reference_B,no_toll_expected_official_network,,tabla_peajes_2026.csv + fuentes.csv (MITMA/BOE/concesionarias),Red de referencia gratuita post-liberalizaciones (AP-1/AP-2/AP-4/AP-7 liberadas); ver tabla_peajes_2026.csv.,4.956,1.785,8.85,Toyota Corolla 140H e-CVT 1.8,4.5,Gasolina 95 E5,2026-10-09
R2115,Zamora,Vitoria-Gasteiz,343.288,3.197222,0.0,official_inventory_reference_B,no_toll_expected_official_network,,tabla_peajes_2026.csv + fuentes.csv (MITMA/BOE/concesionarias),Red de referencia gratuita post-liberalizaciones (AP-1/AP-2/AP-4/AP-7 liberadas); ver tabla_peajes_2026.csv.,15.448,1.785,27.57,Toyota Corolla 140H e-CVT 1.8,4.5,Gasolina 95 E5,2026-10-09
R2116,Zamora,Zaragoza,530.271,4.849167,0.0,official_inventory_reference_B,no_toll_expected_official_network,,tabla_peajes_2026.csv + fuentes.csv (MITMA/BOE/concesionarias),Red de referencia gratuita post-liberalizaciones (AP-1/AP-2/AP-4/AP-7 liberadas); ver tabla_peajes_2026.csv.,23.862,1.785,42.59,Toyota Corolla 140H e-CVT 1.8,4.5,Gasolina 95 E5,2026-10-09
R2117,Zaragoza,A Coruña,788.711,6.870556,0.0,official_inventory_reference_B,no_toll_expected_official_network,,tabla_peajes_2026.csv + fuentes.csv (MITMA/BOE/concesionarias),Red de referencia gratuita post-liberalizaciones (AP-1/AP-2/AP-4/AP-7 liberadas); ver tabla_peajes_2026.csv.,35.492,1.785,63.35,Toyota Corolla 140H e-CVT 1.8,4.5,Gasolina 95 E5,2026-10-09
R2118,Zaragoza,Albacete,405.87,4.177222,0.0,official_inventory_reference_B,no_toll_expected_official_network,,tabla_peajes_2026.csv + fuentes.csv (MITMA/BOE/concesionarias),Red de referencia gratuita post-liberalizaciones (AP-1/AP-2/AP-4/AP-7 liberadas); ver tabla_peajes_2026.csv.,18.264,1.785,32.6,Toyota Corolla 140H e-CVT 1.8,4.5,Gasolina 95 E5,2026-10-09
R2119,Zaragoza,Alicante,502.151,4.459444,0.0,official_inventory_reference_B,no_toll_expected_official_network,,tabla_peajes_2026.csv + fuentes.csv (MITMA/BOE/concesionarias),Red de referencia gratuita post-liberalizaciones (AP-1/AP-2/AP-4/AP-7 liberadas); ver tabla_peajes_2026.csv.,22.597,1.785,40.34,Toyota Corolla 140H e-CVT 1.8,4.5,Gasolina 95 E5,2026-10-09
R2120,Zaragoza,Almería,732.614,6.380278,0.0,official_inventory_reference_B,no_toll_expected_official_network,,tabla_peajes_2026.csv + fuentes.csv (MITMA/BOE/concesionarias),Red de referencia gratuita post-liberalizaciones (AP-1/AP-2/AP-4/AP-7 liberadas); ver tabla_peajes_2026.csv.,32.968,1.785,58.85,Toyota Corolla 140H e-CVT 1.8,4.5,Gasolina 95 E5,2026-10-09
R2121,Zaragoza,Ávila,432.392,4.020556,0.0,official_inventory_reference_B,no_toll_expected_official_network,,tabla_peajes_2026.csv + fuentes.csv (MITMA/BOE/concesionarias),Red de referencia gratuita post-liberalizaciones (AP-1/AP-2/AP-4/AP-7 liberadas); ver tabla_peajes_2026.csv.,19.458,1.785,34.73,Toyota Corolla 140H e-CVT 1.8,4.5,Gasolina 95 E5,2026-10-09
R2122,Zaragoza,Badajoz,722.811,6.334722,0.0,official_inventory_reference_B,no_toll_expected_official_network,,tabla_peajes_2026.csv + fuentes.csv (MITMA/BOE/concesionarias),Red de referencia gratuita post-liberalizaciones (AP-1/AP-2/AP-4/AP-7 liberadas); ver tabla_peajes_2026.csv.,32.526,1.785,58.06,Toyota Corolla 140H e-CVT 1.8,4.5,Gasolina 95 E5,2026-10-09
R2123,Zaragoza,Barcelona,311.4,2.851389,0.0,official_inventory_reference_B,no_toll_expected_official_network,,tabla_peajes_2026.csv + fuentes.csv (MITMA/BOE/concesionarias),Red de referencia gratuita post-liberalizaciones (AP-1/AP-2/AP-4/AP-7 liberadas); ver tabla_peajes_2026.csv.,14.013,1.785,25.01,Toyota Corolla 140H e-CVT 1.8,4.5,Gasolina 95 E5,2026-10-09
R2124,Zaragoza,Bilbao,304.862,2.718333,0.0,official_inventory_reference_B,toll_possible_not_valued,AP-68 / red foral (Bidegi),tabla_peajes_2026.csv + fuentes.csv (MITMA/BOE/concesionarias),Peaje posible para ligeros; tarifa no verificada hoy. Ampliar manual con Bidegi/autopistas.com. tax=0 provisional.,13.719,1.785,24.49,Toyota Corolla 140H e-CVT 1.8,4.5,Gasolina 95 E5,2026-10-09
R2125,Zaragoza,Burgos,300.242,2.735,0.0,official_inventory_reference_B,no_toll_expected_official_network,,tabla_peajes_2026.csv + fuentes.csv (MITMA/BOE/concesionarias),Red de referencia gratuita post-liberalizaciones (AP-1/AP-2/AP-4/AP-7 liberadas); ver tabla_peajes_2026.csv.,13.511,1.785,24.12,Toyota Corolla 140H e-CVT 1.8,4.5,Gasolina 95 E5,2026-10-09
R2126,Zaragoza,Cáceres,620.679,5.499444,0.0,official_inventory_reference_B,no_toll_expected_official_network,,tabla_peajes_2026.csv + fuentes.csv (MITMA/BOE/concesionarias),Red de referencia gratuita post-liberalizaciones (AP-1/AP-2/AP-4/AP-7 liberadas); ver tabla_peajes_2026.csv.,27.931,1.785,49.86,Toyota Corolla 140H e-CVT 1.8,4.5,Gasolina 95 E5,2026-10-09
R2127,Zaragoza,Cádiz,954.929,8.549722,0.0,official_inventory_reference_B,no_toll_expected_official_network,,tabla_peajes_2026.csv + fuentes.csv (MITMA/BOE/concesionarias),Red de referencia gratuita post-liberalizaciones (AP-1/AP-2/AP-4/AP-7 liberadas); ver tabla_peajes_2026.csv.,42.972,1.785,76.7,Toyota Corolla 140H e-CVT 1.8,4.5,Gasolina 95 E5,2026-10-09
R2128,Zaragoza,Castellón de la Plana,321.454,3.034722,0.0,official_inventory_reference_B,no_toll_expected_official_network,,tabla_peajes_2026.csv + fuentes.csv (MITMA/BOE/concesionarias),Red de referencia gratuita post-liberalizaciones (AP-1/AP-2/AP-4/AP-7 liberadas); ver tabla_peajes_2026.csv.,14.465,1.785,25.82,Toyota Corolla 140H e-CVT 1.8,4.5,Gasolina 95 E5,2026-10-09
R2129,Zaragoza,Ciudad Real,513.031,4.728333,0.0,official_inventory_reference_B,no_toll_expected_official_network,,tabla_peajes_2026.csv + fuentes.csv (MITMA/BOE/concesionarias),Red de referencia gratuita post-liberalizaciones (AP-1/AP-2/AP-4/AP-7 liberadas); ver tabla_peajes_2026.csv.,23.086,1.785,41.21,Toyota Corolla 140H e-CVT 1.8,4.5,Gasolina 95 E5,2026-10-09
R2130,Zaragoza,Córdoba,703.637,6.398611,0.0,official_inventory_reference_B,no_toll_expected_official_network,,tabla_peajes_2026.csv + fuentes.csv (MITMA/BOE/concesionarias),Red de referencia gratuita post-liberalizaciones (AP-1/AP-2/AP-4/AP-7 liberadas); ver tabla_peajes_2026.csv.,31.664,1.785,56.52,Toyota Corolla 140H e-CVT 1.8,4.5,Gasolina 95 E5,2026-10-09
R2131,Zaragoza,Cuenca,325.012,3.266111,0.0,official_inventory_reference_B,no_toll_expected_official_network,,tabla_peajes_2026.csv + fuentes.csv (MITMA/BOE/concesionarias),Red de referencia gratuita post-liberalizaciones (AP-1/AP-2/AP-4/AP-7 liberadas); ver tabla_peajes_2026.csv.,14.626,1.785,26.11,Toyota Corolla 140H e-CVT 1.8,4.5,Gasolina 95 E5,2026-10-09
R2132,Zaragoza,Girona,377.158,3.436389,0.0,official_inventory_reference_B,no_toll_expected_official_network,,tabla_peajes_2026.csv + fuentes.csv (MITMA/BOE/concesionarias),Red de referencia gratuita post-liberalizaciones (AP-1/AP-2/AP-4/AP-7 liberadas); ver tabla_peajes_2026.csv.,16.972,1.785,30.3,Toyota Corolla 140H e-CVT 1.8,4.5,Gasolina 95 E5,2026-10-09
R2133,Zaragoza,Granada,728.031,6.501389,0.0,official_inventory_reference_B,no_toll_expected_official_network,,tabla_peajes_2026.csv + fuentes.csv (MITMA/BOE/concesionarias),Red de referencia gratuita post-liberalizaciones (AP-1/AP-2/AP-4/AP-7 liberadas); ver tabla_peajes_2026.csv.,32.761,1.785,58.48,Toyota Corolla 140H e-CVT 1.8,4.5,Gasolina 95 E5,2026-10-09
R2134,Zaragoza,Guadalajara,258.695,2.388333,0.0,official_inventory_reference_B,no_toll_expected_official_network,,tabla_peajes_2026.csv + fuentes.csv (MITMA/BOE/concesionarias),Red de referencia gratuita post-liberalizaciones (AP-1/AP-2/AP-4/AP-7 liberadas); ver tabla_peajes_2026.csv.,11.641,1.785,20.78,Toyota Corolla 140H e-CVT 1.8,4.5,Gasolina 95 E5,2026-10-09
R2135,Zaragoza,Huelva,936.64,8.140556,0.0,official_inventory_reference_B,no_toll_expected_official_network,,tabla_peajes_2026.csv + fuentes.csv (MITMA/BOE/concesionarias),Red de referencia gratuita post-liberalizaciones (AP-1/AP-2/AP-4/AP-7 liberadas); ver tabla_peajes_2026.csv.,42.149,1.785,75.24,Toyota Corolla 140H e-CVT 1.8,4.5,Gasolina 95 E5,2026-10-09
R2136,Zaragoza,Huesca,76.15,0.784722,0.0,official_inventory_reference_B,no_toll_expected_official_network,,tabla_peajes_2026.csv + fuentes.csv (MITMA/BOE/concesionarias),Red de referencia gratuita post-liberalizaciones (AP-1/AP-2/AP-4/AP-7 liberadas); ver tabla_peajes_2026.csv.,3.427,1.785,6.12,Toyota Corolla 140H e-CVT 1.8,4.5,Gasolina 95 E5,2026-10-09
R2137,Zaragoza,Jaén,640.367,5.748333,0.0,official_inventory_reference_B,no_toll_expected_official_network,,tabla_peajes_2026.csv + fuentes.csv (MITMA/BOE/concesionarias),Red de referencia gratuita post-liberalizaciones (AP-1/AP-2/AP-4/AP-7 liberadas); ver tabla_peajes_2026.csv.,28.817,1.785,51.44,Toyota Corolla 140H e-CVT 1.8,4.5,Gasolina 95 E5,2026-10-09
R2138,Zaragoza,León,473.369,4.188333,0.0,official_inventory_reference_B,no_toll_expected_official_network,,tabla_peajes_2026.csv + fuentes.csv (MITMA/BOE/concesionarias),Red de referencia gratuita post-liberalizaciones (AP-1/AP-2/AP-4/AP-7 liberadas); ver tabla_peajes_2026.csv.,21.302,1.785,38.02,Toyota Corolla 140H e-CVT 1.8,4.5,Gasolina 95 E5,2026-10-09
R2139,Zaragoza,Lleida,150.494,1.426111,0.0,official_inventory_reference_B,no_toll_expected_official_network,,tabla_peajes_2026.csv + fuentes.csv (MITMA/BOE/concesionarias),Red de referencia gratuita post-liberalizaciones (AP-1/AP-2/AP-4/AP-7 liberadas); ver tabla_peajes_2026.csv.,6.772,1.785,12.09,Toyota Corolla 140H e-CVT 1.8,4.5,Gasolina 95 E5,2026-10-09
R2140,Zaragoza,Logroño,171.872,1.582778,0.0,official_inventory_reference_B,no_toll_expected_official_network,,tabla_peajes_2026.csv + fuentes.csv (MITMA/BOE/concesionarias),Red de referencia gratuita post-liberalizaciones (AP-1/AP-2/AP-4/AP-7 liberadas); ver tabla_peajes_2026.csv.,7.734,1.785,13.81,Toyota Corolla 140H e-CVT 1.8,4.5,Gasolina 95 E5,2026-10-09
R2141,Zaragoza,Lugo,692.805,6.056111,0.0,official_inventory_reference_B,no_toll_expected_official_network,,tabla_peajes_2026.csv + fuentes.csv (MITMA/BOE/concesionarias),Red de referencia gratuita post-liberalizaciones (AP-1/AP-2/AP-4/AP-7 liberadas); ver tabla_peajes_2026.csv.,31.176,1.785,55.65,Toyota Corolla 140H e-CVT 1.8,4.5,Gasolina 95 E5,2026-10-09
R2142,Zaragoza,Madrid,316.177,2.938333,0.0,official_inventory_reference_B,no_toll_expected_official_network,,tabla_peajes_2026.csv + fuentes.csv (MITMA/BOE/concesionarias),Red de referencia gratuita post-liberalizaciones (AP-1/AP-2/AP-4/AP-7 liberadas); ver tabla_peajes_2026.csv.,14.228,1.785,25.4,Toyota Corolla 140H e-CVT 1.8,4.5,Gasolina 95 E5,2026-10-09
R2143,Zaragoza,Málaga,837.468,8.242778,0.0,official_inventory_reference_B,no_toll_expected_official_network,,tabla_peajes_2026.csv + fuentes.csv (MITMA/BOE/concesionarias),Red de referencia gratuita post-liberalizaciones (AP-1/AP-2/AP-4/AP-7 liberadas); ver tabla_peajes_2026.csv.,37.686,1.785,67.27,Toyota Corolla 140H e-CVT 1.8,4.5,Gasolina 95 E5,2026-10-09
R2144,Zaragoza,Murcia,540.701,4.819167,0.0,official_inventory_reference_B,no_toll_expected_official_network,,tabla_peajes_2026.csv + fuentes.csv (MITMA/BOE/concesionarias),Red de referencia gratuita post-liberalizaciones (AP-1/AP-2/AP-4/AP-7 liberadas); ver tabla_peajes_2026.csv.,24.332,1.785,43.43,Toyota Corolla 140H e-CVT 1.8,4.5,Gasolina 95 E5,2026-10-09
R2145,Zaragoza,Ourense,754.293,6.682778,0.0,official_inventory_reference_B,no_toll_expected_official_network,,tabla_peajes_2026.csv + fuentes.csv (MITMA/BOE/concesionarias),Red de referencia gratuita post-liberalizaciones (AP-1/AP-2/AP-4/AP-7 liberadas); ver tabla_peajes_2026.csv.,33.943,1.785,60.59,Toyota Corolla 140H e-CVT 1.8,4.5,Gasolina 95 E5,2026-10-09
R2146,Zaragoza,Oviedo,593.881,5.289167,0.0,official_inventory_reference_B,no_toll_expected_official_network,,tabla_peajes_2026.csv + fuentes.csv (MITMA/BOE/concesionarias),Corredor cantábrico/pirenaico sin AP-66 en la referencia.,26.725,1.785,47.7,Toyota Corolla 140H e-CVT 1.8,4.5,Gasolina 95 E5,2026-10-09
R2147,Zaragoza,Palencia,385.807,3.471667,0.0,official_inventory_reference_B,no_toll_expected_official_network,,tabla_peajes_2026.csv + fuentes.csv (MITMA/BOE/concesionarias),Red de referencia gratuita post-liberalizaciones (AP-1/AP-2/AP-4/AP-7 liberadas); ver tabla_peajes_2026.csv.,17.361,1.785,30.99,Toyota Corolla 140H e-CVT 1.8,4.5,Gasolina 95 E5,2026-10-09
R2148,Zaragoza,Pamplona,181.514,1.722222,0.0,official_inventory_reference_B,no_toll_expected_official_network,,tabla_peajes_2026.csv + fuentes.csv (MITMA/BOE/concesionarias),Red de referencia gratuita post-liberalizaciones (AP-1/AP-2/AP-4/AP-7 liberadas); ver tabla_peajes_2026.csv.,8.168,1.785,14.58,Toyota Corolla 140H e-CVT 1.8,4.5,Gasolina 95 E5,2026-10-09
R2149,Zaragoza,Pontevedra,841.576,7.766667,0.0,official_inventory_reference_B,no_toll_expected_official_network,,tabla_peajes_2026.csv + fuentes.csv (MITMA/BOE/concesionarias),Red de referencia gratuita post-liberalizaciones (AP-1/AP-2/AP-4/AP-7 liberadas); ver tabla_peajes_2026.csv.,37.871,1.785,67.6,Toyota Corolla 140H e-CVT 1.8,4.5,Gasolina 95 E5,2026-10-09
R2150,Zaragoza,Salamanca,538.096,4.787222,0.0,official_inventory_reference_B,no_toll_expected_official_network,,tabla_peajes_2026.csv + fuentes.csv (MITMA/BOE/concesionarias),Red de referencia gratuita post-liberalizaciones (AP-1/AP-2/AP-4/AP-7 liberadas); ver tabla_peajes_2026.csv.,24.214,1.785,43.22,Toyota Corolla 140H e-CVT 1.8,4.5,Gasolina 95 E5,2026-10-09
R2151,Zaragoza,San Sebastián,266.074,2.513889,0.0,official_inventory_reference_B,no_toll_expected_official_network,,tabla_peajes_2026.csv + fuentes.csv (MITMA/BOE/concesionarias),Red de referencia gratuita post-liberalizaciones (AP-1/AP-2/AP-4/AP-7 liberadas); ver tabla_peajes_2026.csv.,11.973,1.785,21.37,Toyota Corolla 140H e-CVT 1.8,4.5,Gasolina 95 E5,2026-10-09
R2152,Zaragoza,Santander,401.827,3.635,0.0,official_inventory_reference_B,no_toll_expected_official_network,,tabla_peajes_2026.csv + fuentes.csv (MITMA/BOE/concesionarias),Red de referencia gratuita post-liberalizaciones (AP-1/AP-2/AP-4/AP-7 liberadas); ver tabla_peajes_2026.csv.,18.082,1.785,32.28,Toyota Corolla 140H e-CVT 1.8,4.5,Gasolina 95 E5,2026-10-09
R2153,Zaragoza,Segovia,346.351,3.888056,0.0,official_inventory_reference_B,no_toll_expected_official_network,,tabla_peajes_2026.csv + fuentes.csv (MITMA/BOE/concesionarias),Red de referencia gratuita post-liberalizaciones (AP-1/AP-2/AP-4/AP-7 liberadas); ver tabla_peajes_2026.csv.,15.586,1.785,27.82,Toyota Corolla 140H e-CVT 1.8,4.5,Gasolina 95 E5,2026-10-09
R2154,Zaragoza,Sevilla,852.455,7.430556,0.0,official_inventory_reference_B,no_toll_expected_official_network,,tabla_peajes_2026.csv + fuentes.csv (MITMA/BOE/concesionarias),Red de referencia gratuita post-liberalizaciones (AP-1/AP-2/AP-4/AP-7 liberadas); ver tabla_peajes_2026.csv.,38.36,1.785,68.47,Toyota Corolla 140H e-CVT 1.8,4.5,Gasolina 95 E5,2026-10-09
R2155,Zaragoza,Soria,155.272,1.742778,0.0,official_inventory_reference_B,no_toll_expected_official_network,,tabla_peajes_2026.csv + fuentes.csv (MITMA/BOE/concesionarias),Red de referencia gratuita post-liberalizaciones (AP-1/AP-2/AP-4/AP-7 liberadas); ver tabla_peajes_2026.csv.,6.987,1.785,12.47,Toyota Corolla 140H e-CVT 1.8,4.5,Gasolina 95 E5,2026-10-09
R2156,Zaragoza,Tarragona,233.222,2.224444,0.0,official_inventory_reference_B,no_toll_expected_official_network,,tabla_peajes_2026.csv + fuentes.csv (MITMA/BOE/concesionarias),Red de referencia gratuita post-liberalizaciones (AP-1/AP-2/AP-4/AP-7 liberadas); ver tabla_peajes_2026.csv.,10.495,1.785,18.73,Toyota Corolla 140H e-CVT 1.8,4.5,Gasolina 95 E5,2026-10-09
R2157,Zaragoza,Teruel,177.763,1.635556,0.0,official_inventory_reference_B,no_toll_expected_official_network,,tabla_peajes_2026.csv + fuentes.csv (MITMA/BOE/concesionarias),Red de referencia gratuita post-liberalizaciones (AP-1/AP-2/AP-4/AP-7 liberadas); ver tabla_peajes_2026.csv.,7.999,1.785,14.28,Toyota Corolla 140H e-CVT 1.8,4.5,Gasolina 95 E5,2026-10-09
R2158,Zaragoza,Toledo,388.353,3.535556,0.0,official_inventory_reference_B,no_toll_expected_official_network,,tabla_peajes_2026.csv + fuentes.csv (MITMA/BOE/concesionarias),Red de referencia gratuita post-liberalizaciones (AP-1/AP-2/AP-4/AP-7 liberadas); ver tabla_peajes_2026.csv.,17.476,1.785,31.19,Toyota Corolla 140H e-CVT 1.8,4.5,Gasolina 95 E5,2026-10-09
R2159,Zaragoza,Valencia,315.697,2.881667,0.0,official_inventory_reference_B,no_toll_expected_official_network,,tabla_peajes_2026.csv + fuentes.csv (MITMA/BOE/concesionarias),Red de referencia gratuita post-liberalizaciones (AP-1/AP-2/AP-4/AP-7 liberadas); ver tabla_peajes_2026.csv.,14.206,1.785,25.36,Toyota Corolla 140H e-CVT 1.8,4.5,Gasolina 95 E5,2026-10-09
R2160,Zaragoza,Valladolid,422.891,3.809444,0.0,official_inventory_reference_B,no_toll_expected_official_network,,tabla_peajes_2026.csv + fuentes.csv (MITMA/BOE/concesionarias),Red de referencia gratuita post-liberalizaciones (AP-1/AP-2/AP-4/AP-7 liberadas); ver tabla_peajes_2026.csv.,19.03,1.785,33.97,Toyota Corolla 140H e-CVT 1.8,4.5,Gasolina 95 E5,2026-10-09
R2161,Zaragoza,Vitoria-Gasteiz,259.056,2.360556,0.0,official_inventory_reference_B,no_toll_expected_official_network,,tabla_peajes_2026.csv + fuentes.csv (MITMA/BOE/concesionarias),Red de referencia gratuita post-liberalizaciones (AP-1/AP-2/AP-4/AP-7 liberadas); ver tabla_peajes_2026.csv.,11.658,1.785,20.81,Toyota Corolla 140H e-CVT 1.8,4.5,Gasolina 95 E5,2026-10-09
R2162,Zaragoza,Zamora,529.105,4.830278,0.0,official_inventory_reference_B,no_toll_expected_official_network,,tabla_peajes_2026.csv + fuentes.csv (MITMA/BOE/concesionarias),Red de referencia gratuita post-liberalizaciones (AP-1/AP-2/AP-4/AP-7 liberadas); ver tabla_peajes_2026.csv.,23.81,1.785,42.5,Toyota Corolla 140H e-CVT 1.8,4.5,Gasolina 95 E5,2026-10-09
