route,origin,destination,tax,gas,distance,time
R0001,A Coruña,Albacete,0.0,69.36,863.547,7.440833333333333
R0002,A Coruña,Alicante,0.0,82.55,1027.716,8.839444444444444
R0003,A Coruña,Almería,0.0,91.1,1134.12,10.000277777777777
R0004,A Coruña,Ávila,0.0,41.85,521.05,4.577222222222222
R0005,A Coruña,Badajoz,0.0,52.46,653.062,6.429166666666666
R0006,A Coruña,Barcelona,0.0,87.47,1088.998,9.45861111111111
R0007,A Coruña,Bilbao,0.0,43.74,544.55,4.878055555555555
R0008,A Coruña,Burgos,0.0,39.07,486.422,4.214444444444444
R0009,A Coruña,Cáceres,0.0,53.37,664.485,5.779444444444445
R0010,A Coruña,Cádiz,0.0,83.54,1039.998,8.979722222222222
R0011,A Coruña,Castellón de la Plana,0.0,83.26,1036.48,8.984166666666667
R0012,A Coruña,Ciudad Real,0.0,62.33,776.008,6.9383333333333335
R0013,A Coruña,Córdoba,0.0,79.12,984.94,8.68361111111111
R0014,A Coruña,Cuenca,0.0,62.26,775.113,6.758055555555556
R0015,A Coruña,Girona,0.0,92.75,1154.739,10.043888888888889
R0016,A Coruña,Granada,0.0,81.07,1009.335,8.785555555555556
R0017,A Coruña,Guadalajara,0.0,52.34,651.573,5.7652777777777775
R0018,A Coruña,Huelva,0.0,76.09,947.26,8.280277777777778
R0019,A Coruña,Huesca,0.0,68.74,855.729,7.459444444444444
R0020,A Coruña,Jaén,0.0,74.03,921.664,8.032777777777778
R0021,A Coruña,León,0.0,25.48,317.154,2.7930555555555556
R0022,A Coruña,Lleida,0.0,74.55,928.088,8.033333333333333
R0023,A Coruña,Logroño,0.0,54.44,677.717,6.027777777777778
R0024,A Coruña,Lugo,0.0,7.75,96.532,0.9344444444444444
R0025,A Coruña,Madrid,0.0,47.66,593.399,5.218055555555556
R0026,A Coruña,Málaga,0.0,91.4,1137.924,10.637222222222222
R0027,A Coruña,Murcia,0.0,80.81,1006.011,8.693055555555556
R0028,A Coruña,Ourense,0.0,13.92,173.33,1.5894444444444444
R0029,A Coruña,Oviedo,0.0,23.51,292.657,2.568888888888889
R0030,A Coruña,Palencia,0.0,35.37,440.385,3.9783333333333335
R0031,A Coruña,Pamplona,0.0,55.55,691.546,6.022777777777778
R0032,A Coruña,Pontevedra,16.35,11.19,139.27,1.4858333333333333
R0033,A Coruña,Salamanca,0.0,37.0,460.601,4.0125
R0034,A Coruña,San Sebastián,0.0,51.43,640.304,5.806666666666667
R0035,A Coruña,Santander,0.0,36.42,453.462,4.0311111111111115
R0036,A Coruña,Segovia,0.0,43.97,547.384,4.753888888888889
R0037,A Coruña,Sevilla,0.0,73.96,920.784,7.890555555555555
R0038,A Coruña,Soria,0.0,49.86,620.789,5.836666666666667
R0039,A Coruña,Tarragona,0.0,81.19,1010.803,8.831388888888888
R0040,A Coruña,Teruel,0.0,68.18,848.799,8.299722222222222
R0041,A Coruña,Toledo,0.0,52.98,659.581,5.729444444444445
R0042,A Coruña,Valencia,0.0,77.38,963.36,8.338611111111112
R0043,A Coruña,Valladolid,0.0,35.17,437.812,3.8016666666666667
R0044,A Coruña,Vitoria-Gasteiz,0.0,47.84,595.524,5.200555555555556
R0045,A Coruña,Zamora,0.0,31.9,397.097,3.5883333333333334
R0046,A Coruña,Zaragoza,0.0,62.85,782.494,6.851944444444444
R0047,Albacete,A Coruña,0.0,69.68,867.528,7.533333333333333
R0048,Albacete,Alicante,0.0,13.5,168.049,1.5447222222222223
R0049,Albacete,Almería,0.0,27.17,338.267,2.9594444444444443
R0050,Albacete,Ávila,0.0,31.26,389.158,3.533888888888889
R0051,Albacete,Badajoz,0.0,42.52,529.31,5.152777777777778
R0052,Albacete,Barcelona,0.0,41.07,511.285,4.841944444444445
R0053,Albacete,Bilbao,0.0,51.96,646.911,5.671111111111111
R0054,Albacete,Burgos,0.0,39.58,492.799,4.303055555555556
R0055,Albacete,Cáceres,0.0,41.73,519.479,4.608611111111111
R0056,Albacete,Cádiz,0.0,51.62,642.688,5.764722222222222
R0057,Albacete,Castellón de la Plana,0.0,22.28,277.339,2.5394444444444444
R0058,Albacete,Ciudad Real,0.0,17.81,221.664,2.0080555555555555
R0059,Albacete,Córdoba,0.0,31.44,391.399,3.6144444444444446
R0060,Albacete,Cuenca,0.0,13.19,164.199,1.6858333333333333
R0061,Albacete,Girona,0.0,48.5,603.816,5.56
R0062,Albacete,Granada,0.0,28.08,349.527,3.5766666666666667
R0063,Albacete,Guadalajara,0.0,22.99,286.216,2.649722222222222
R0064,Albacete,Huelva,0.0,49.86,620.783,5.5775
R0065,Albacete,Huesca,0.0,38.44,478.533,4.799722222222222
R0066,Albacete,Jaén,0.0,21.0,261.458,2.8108333333333335
R0067,Albacete,León,0.0,49.32,613.991,5.410555555555556
R0068,Albacete,Lleida,0.0,40.45,503.628,4.748888888888889
R0069,Albacete,Logroño,0.0,44.51,554.172,5.215277777777778
R0070,Albacete,Lugo,0.0,61.23,762.22,6.675
R0071,Albacete,Madrid,0.0,20.77,258.622,2.3558333333333334
R0072,Albacete,Málaga,0.0,36.87,458.962,5.318333333333333
R0073,Albacete,Murcia,0.0,11.75,146.342,1.3977777777777778
R0074,Albacete,Ourense,0.0,62.44,777.392,6.903333333333333
R0075,Albacete,Oviedo,16.2,58.11,723.378,6.395555555555555
R0076,Albacete,Palencia,0.0,39.83,495.879,4.657777777777778
R0077,Albacete,Pamplona,0.0,46.56,579.6,5.727777777777778
R0078,Albacete,Pontevedra,0.0,69.45,864.674,7.986944444444444
R0079,Albacete,Salamanca,0.0,39.19,487.918,4.352222222222222
R0080,Albacete,San Sebastián,0.0,56.39,702.06,6.1883333333333335
R0081,Albacete,Santander,0.0,56.47,703.055,6.164166666666667
R0082,Albacete,Segovia,0.0,29.47,366.929,3.3469444444444445
R0083,Albacete,Sevilla,0.0,42.44,528.365,4.806388888888889
R0084,Albacete,Soria,0.0,36.59,455.551,4.0975
R0085,Albacete,Tarragona,0.0,34.91,434.624,4.1130555555555555
R0086,Albacete,Teruel,0.0,17.39,216.474,2.6575
R0087,Albacete,Toledo,0.0,20.97,261.068,2.3633333333333333
R0088,Albacete,Valencia,0.0,15.02,187.033,1.7633333333333334
R0089,Albacete,Valladolid,0.0,39.01,485.654,4.343333333333334
R0090,Albacete,Vitoria-Gasteiz,0.0,48.36,602.091,5.296666666666667
R0091,Albacete,Zamora,0.0,43.17,537.473,4.914722222222222
R0092,Albacete,Zaragoza,0.0,32.6,405.852,4.210555555555556
R0093,Alicante,A Coruña,0.0,81.97,1020.467,8.846111111111112
R0094,Alicante,Albacete,0.0,13.46,167.601,1.535
R0095,Alicante,Almería,0.0,22.66,282.128,2.526111111111111
R0096,Alicante,Ávila,0.0,44.3,551.499,4.890555555555555
R0097,Alicante,Badajoz,0.0,55.56,691.653,6.509444444444444
R0098,Alicante,Barcelona,0.0,43.04,535.855,4.776111111111111
R0099,Alicante,Bilbao,0.0,64.16,798.707,6.984166666666667
R0100,Alicante,Burgos,0.0,52.62,655.14,5.659722222222222
R0101,Alicante,Cáceres,0.0,54.77,681.822,5.965277777777778
R0102,Alicante,Cádiz,0.0,51.42,640.203,6.376666666666667
R0103,Alicante,Castellón de la Plana,0.0,21.44,266.949,2.457222222222222
R0104,Alicante,Ciudad Real,0.0,30.85,384.008,3.3647222222222224
R0105,Alicante,Córdoba,0.0,44.48,553.742,4.970833333333333
R0106,Alicante,Cuenca,0.0,26.29,327.326,3.0430555555555556
R0107,Alicante,Girona,0.0,50.48,628.386,5.494166666666667
R0108,Alicante,Granada,0.0,28.08,349.607,3.261111111111111
R0109,Alicante,Guadalajara,0.0,36.03,448.564,4.006388888888889
R0110,Alicante,Huelva,0.0,56.25,700.228,6.395277777777777
R0111,Alicante,Huesca,0.0,44.16,549.734,5.366666666666666
R0112,Alicante,Jaén,0.0,34.27,426.596,4.215833333333333
R0113,Alicante,León,0.0,62.36,776.332,6.767222222222222
R0114,Alicante,Lleida,0.0,42.43,528.198,4.683055555555556
R0115,Alicante,Logroño,0.0,53.47,665.717,5.849444444444444
R0116,Alicante,Lugo,0.0,75.45,939.326,8.08388888888889
R0117,Alicante,Madrid,0.0,33.81,420.974,3.712222222222222
R0118,Alicante,Málaga,0.0,37.94,472.313,5.042222222222223
R0119,Alicante,Murcia,0.0,6.57,81.779,0.8638888888888889
R0120,Alicante,Ourense,0.0,74.3,924.968,8.207777777777778
R0121,Alicante,Oviedo,16.2,69.96,870.954,7.7
R0122,Alicante,Palencia,0.0,52.87,658.22,6.014444444444444
R0123,Alicante,Pamplona,0.0,54.25,675.365,5.988333333333333
R0124,Alicante,Pontevedra,0.0,82.49,1027.015,9.343333333333334
R0125,Alicante,Salamanca,0.0,52.23,650.259,5.708888888888889
R0126,Alicante,San Sebastián,0.0,61.04,759.913,6.779722222222222
R0127,Alicante,Santander,0.0,69.51,865.396,7.520833333333333
R0128,Alicante,Segovia,0.0,42.51,529.27,4.703611111111111
R0129,Alicante,Sevilla,0.0,48.42,602.787,5.589444444444444
R0130,Alicante,Soria,0.0,49.63,617.892,5.454166666666667
R0131,Alicante,Tarragona,0.0,35.73,444.807,3.921111111111111
R0132,Alicante,Teruel,0.0,26.57,330.783,3.0005555555555556
R0133,Alicante,Toledo,0.0,34.01,423.412,3.7202777777777776
R0134,Alicante,Valencia,0.0,14.19,176.646,1.6816666666666666
R0135,Alicante,Valladolid,0.0,52.05,647.995,5.699722222222222
R0136,Alicante,Vitoria-Gasteiz,0.0,61.4,764.432,6.653333333333333
R0137,Alicante,Zamora,0.0,56.21,699.814,6.271111111111111
R0138,Alicante,Zaragoza,0.0,38.32,477.053,4.777777777777778
R0139,Almería,A Coruña,0.0,92.45,1150.958,10.218055555555555
R0140,Almería,Albacete,0.0,26.8,333.698,2.8897222222222223
R0141,Almería,Alicante,0.0,22.05,274.462,2.4122222222222223
R0142,Almería,Ávila,0.0,50.68,630.983,6.165277777777778
R0143,Almería,Badajoz,0.0,63.1,785.538,7.595277777777778
R0144,Almería,Barcelona,0.0,61.27,762.746,6.671111111111111
R0145,Almería,Bilbao,0.0,78.34,975.345,8.384444444444444
R0146,Almería,Burgos,0.0,65.97,821.233,7.016666666666667
R0147,Almería,Cáceres,0.0,51.26,638.158,6.5377777777777775
R0148,Almería,Cádiz,0.0,36.96,460.078,4.723333333333334
R0149,Almería,Castellón de la Plana,0.0,39.67,493.849,4.351944444444444
R0150,Almería,Ciudad Real,0.0,34.67,431.618,4.0633333333333335
R0151,Almería,Córdoba,0.0,26.35,328.033,3.361111111111111
R0152,Almería,Cuenca,0.0,39.57,492.642,4.398333333333333
R0153,Almería,Girona,0.0,68.7,855.277,7.388888888888889
R0154,Almería,Granada,0.0,13.61,169.483,1.6075
R0155,Almería,Guadalajara,0.0,49.37,614.657,5.363333333333333
R0156,Almería,Huelva,0.0,41.78,520.103,4.741944444444444
R0157,Almería,Huesca,0.0,64.36,801.189,6.955
R0158,Almería,Jaén,0.0,18.31,227.932,2.203888888888889
R0159,Almería,León,0.0,71.65,892.058,8.086944444444445
R0160,Almería,Lleida,0.0,60.65,755.089,6.5777777777777775
R0161,Almería,Logroño,0.0,71.7,892.606,7.743333333333333
R0162,Almería,Lugo,0.0,84.75,1055.052,9.403611111111111
R0163,Almería,Madrid,0.0,47.16,587.067,5.069166666666667
R0164,Almería,Málaga,0.0,23.47,292.188,3.388888888888889
R0165,Almería,Murcia,0.0,16.23,201.998,1.8191666666666666
R0166,Almería,Ourense,0.0,84.78,1055.459,9.579722222222221
R0167,Almería,Oviedo,16.2,80.44,1001.445,9.071944444444444
R0168,Almería,Palencia,0.0,66.21,824.313,7.371111111111111
R0169,Almería,Pamplona,0.0,72.47,902.256,7.883055555555556
R0170,Almería,Pontevedra,0.0,91.79,1142.741,10.663055555555555
R0171,Almería,Salamanca,0.0,61.53,765.985,7.028333333333333
R0172,Almería,San Sebastián,0.0,79.27,986.804,8.674444444444445
R0173,Almería,Santander,0.0,82.85,1031.489,8.877777777777778
R0174,Almería,Segovia,0.0,55.86,695.363,6.060555555555555
R0175,Almería,Sevilla,0.0,33.95,422.662,3.936111111111111
R0176,Almería,Soria,0.0,62.97,783.985,6.811111111111111
R0177,Almería,Tarragona,0.0,53.95,671.7,5.815833333333333
R0178,Almería,Teruel,0.0,44.8,557.674,4.895277777777777
R0179,Almería,Toledo,0.0,40.41,503.04,4.703333333333333
R0180,Almería,Valencia,0.0,32.41,403.545,3.576111111111111
R0181,Almería,Valladolid,0.0,61.35,763.721,7.019444444444445
R0182,Almería,Vitoria-Gasteiz,0.0,74.74,930.525,8.01
R0183,Almería,Zamora,0.0,65.51,815.54,7.590833333333333
R0184,Almería,Zaragoza,0.0,58.52,728.508,6.3661111111111115
R0185,Ávila,A Coruña,0.0,42.39,527.758,4.602222222222222
R0186,Ávila,Albacete,0.0,30.97,385.521,3.4505555555555554
R0187,Ávila,Alicante,0.0,44.15,549.69,4.849166666666667
R0188,Ávila,Almería,0.0,50.26,625.715,5.996111111111111
R0189,Ávila,Badajoz,0.0,31.44,391.463,3.723611111111111
R0190,Ávila,Barcelona,0.0,59.22,737.295,6.637777777777778
R0191,Ávila,Bilbao,0.0,33.61,418.486,3.762777777777778
R0192,Ávila,Burgos,0.0,21.25,264.555,2.4019444444444447
R0193,Ávila,Cáceres,0.0,22.42,279.076,2.859166666666667
R0194,Ávila,Cádiz,0.0,50.67,630.795,5.8933333333333335
R0195,Ávila,Castellón de la Plana,0.0,44.86,558.454,4.994166666666667
R0196,Ávila,Ciudad Real,0.0,20.07,249.868,2.866388888888889
R0197,Ávila,Córdoba,0.0,38.28,476.535,4.679722222222222
R0198,Ávila,Cuenca,0.0,23.86,297.087,2.767777777777778
R0199,Ávila,Girona,0.0,64.5,803.036,7.223055555555556
R0200,Ávila,Granada,0.0,40.24,500.93,4.781666666666666
R0201,Ávila,Guadalajara,0.0,13.94,173.543,1.7752777777777777
R0202,Ávila,Huelva,0.0,51.76,644.349,5.592777777777778
R0203,Ávila,Huesca,0.0,40.49,504.028,4.639166666666667
R0204,Ávila,Jaén,0.0,33.2,413.259,4.028611111111111
R0205,Ávila,León,0.0,21.6,268.853,2.471388888888889
R0206,Ávila,Lleida,0.0,46.3,576.385,5.2125
R0207,Ávila,Logroño,0.0,30.56,380.413,3.629722222222222
R0208,Ávila,Lugo,0.0,34.69,431.852,3.7875
R0209,Ávila,Madrid,11.85,9.27,115.373,1.2277777777777779
R0210,Ávila,Málaga,0.0,49.03,610.365,6.523611111111111
R0211,Ávila,Murcia,0.0,42.41,527.985,4.7027777777777775
R0212,Ávila,Ourense,0.0,34.72,432.259,3.963611111111111
R0213,Ávila,Oviedo,16.2,30.38,378.245,3.456111111111111
R0214,Ávila,Palencia,0.0,14.98,186.462,1.7761111111111112
R0215,Ávila,Pamplona,0.0,37.73,469.683,4.210277777777778
R0216,Ávila,Pontevedra,0.0,41.73,519.541,5.0472222222222225
R0217,Ávila,Salamanca,0.0,8.41,104.713,0.9927777777777778
R0218,Ávila,San Sebastián,0.0,38.04,473.635,4.28
R0219,Ávila,Santander,0.0,30.85,384.007,3.4769444444444444
R0220,Ávila,Segovia,0.0,5.86,72.957,0.8766666666666667
R0221,Ávila,Sevilla,0.0,41.09,511.581,4.804166666666666
R0222,Ávila,Soria,0.0,20.96,260.965,2.9516666666666667
R0223,Ávila,Tarragona,0.0,52.94,659.1,6.010555555555555
R0224,Ávila,Teruel,0.0,33.55,417.726,4.230833333333333
R0225,Ávila,Toledo,0.0,10.79,134.271,1.6525
R0226,Ávila,Valencia,0.0,38.98,485.334,4.348333333333334
R0227,Ávila,Valladolid,0.0,11.29,140.512,1.4033333333333333
R0228,Ávila,Vitoria-Gasteiz,0.0,30.01,373.661,3.3880555555555554
R0229,Ávila,Zamora,0.0,14.57,181.367,1.8516666666666666
R0230,Ávila,Zaragoza,0.0,35.01,435.884,4.080277777777778
R0231,Badajoz,A Coruña,0.0,55.59,692.012,6.5697222222222225
R0232,Badajoz,Albacete,0.0,50.02,622.743,5.404444444444445
R0233,Badajoz,Alicante,0.0,55.5,690.952,6.4825
R0234,Badajoz,Almería,0.0,53.17,661.993,5.918055555555555
R0235,Badajoz,Ávila,0.0,31.5,392.114,3.7441666666666666
R0236,Badajoz,Barcelona,0.0,82.02,1021.112,8.900833333333333
R0237,Badajoz,Bilbao,0.0,55.62,692.396,6.288888888888889
R0238,Badajoz,Burgos,0.0,43.25,538.484,4.928333333333334
R0239,Badajoz,Cáceres,0.0,7.37,91.784,1.1905555555555556
R0240,Badajoz,Cádiz,0.0,29.09,362.211,3.3330555555555557
R0241,Badajoz,Castellón de la Plana,0.0,58.84,732.558,6.867222222222222
R0242,Badajoz,Ciudad Real,0.0,24.42,303.98,3.1633333333333336
R0243,Badajoz,Córdoba,0.0,24.6,306.264,3.3155555555555556
R0244,Badajoz,Cuenca,0.0,45.36,564.766,4.968055555555556
R0245,Badajoz,Girona,0.0,87.3,1086.858,9.485833333333334
R0246,Badajoz,Granada,0.0,40.6,505.389,4.635833333333333
R0247,Badajoz,Guadalajara,0.0,36.89,459.213,4.028333333333333
R0248,Badajoz,Huelva,0.0,18.89,235.193,2.7280555555555557
R0249,Badajoz,Huesca,0.0,63.28,787.832,6.901666666666666
R0250,Badajoz,Jaén,0.0,32.98,410.529,4.286111111111111
R0251,Badajoz,León,0.0,40.25,501.143,4.654166666666667
R0252,Badajoz,Lleida,0.0,69.09,860.192,7.475555555555555
R0253,Badajoz,Logroño,0.0,52.56,654.325,6.155555555555556
R0254,Badajoz,Lugo,0.0,53.35,664.165,5.970833333333333
R0255,Badajoz,Madrid,0.0,32.41,403.472,3.5805555555555557
R0256,Badajoz,Málaga,0.0,37.53,467.224,4.999444444444444
R0257,Badajoz,Murcia,0.0,53.76,669.245,6.335833333333333
R0258,Badajoz,Ourense,0.0,45.68,568.705,5.616388888888889
R0259,Badajoz,Oviedo,16.2,49.04,610.551,5.638888888888889
R0260,Badajoz,Palencia,0.0,36.98,460.363,4.301944444444445
R0261,Badajoz,Pamplona,0.0,59.73,743.597,6.7363888888888885
R0262,Badajoz,Pontevedra,0.0,44.45,553.346,5.490555555555556
R0263,Badajoz,Salamanca,0.0,23.4,291.303,2.8766666666666665
R0264,Badajoz,San Sebastián,0.0,60.05,747.549,6.806111111111111
R0265,Badajoz,Santander,0.0,52.85,657.919,6.003055555555555
R0266,Badajoz,Segovia,0.0,38.1,474.382,4.206111111111111
R0267,Badajoz,Sevilla,0.0,19.53,243.116,2.181111111111111
R0268,Badajoz,Soria,0.0,50.49,628.543,5.476111111111111
R0269,Badajoz,Tarragona,0.0,73.13,910.411,8.331111111111111
R0270,Badajoz,Teruel,0.0,55.25,687.829,6.618055555555555
R0271,Badajoz,Toledo,0.0,29.4,366.051,3.2530555555555556
R0272,Badajoz,Valencia,0.0,52.97,659.446,6.223055555555556
R0273,Badajoz,Valladolid,0.0,33.29,414.419,3.9294444444444445
R0274,Badajoz,Vitoria-Gasteiz,0.0,52.02,647.573,5.914166666666667
R0275,Badajoz,Zamora,0.0,29.35,365.36,3.687777777777778
R0276,Badajoz,Zaragoza,0.0,59.25,737.581,6.563888888888889
R0277,Barcelona,A Coruña,0.0,87.88,1094.02,9.446388888888889
R0278,Barcelona,Albacete,0.0,41.04,510.983,4.884444444444444
R0279,Barcelona,Alicante,0.0,43.09,536.439,4.8197222222222225
R0280,Barcelona,Almería,0.0,61.61,766.96,6.746666666666667
R0281,Barcelona,Ávila,0.0,59.24,737.465,6.581388888888889
R0282,Barcelona,Badajoz,0.0,82.57,1027.888,8.895833333333334
R0283,Barcelona,Bilbao,0.0,49.01,610.177,5.293888888888889
R0284,Barcelona,Burgos,0.0,48.64,605.557,5.310555555555555
R0285,Barcelona,Cáceres,0.0,74.36,925.75,8.060277777777777
R0286,Barcelona,Cádiz,0.0,89.51,1114.385,9.867777777777778
R0287,Barcelona,Castellón de la Plana,0.0,22.49,279.936,2.6894444444444443
R0288,Barcelona,Ciudad Real,0.0,55.69,693.356,6.1113888888888885
R0289,Barcelona,Córdoba,0.0,69.33,863.09,7.716388888888889
R0290,Barcelona,Cuenca,0.0,43.37,539.887,5.0713888888888885
R0291,Barcelona,Girona,0.0,8.26,102.787,1.0305555555555554
R0292,Barcelona,Granada,0.0,67.23,836.99,7.513055555555556
R0293,Barcelona,Guadalajara,0.0,45.28,563.75,4.95
R0294,Barcelona,Huelva,0.0,87.75,1092.47,9.680277777777778
R0295,Barcelona,Huesca,0.0,22.18,276.134,2.6433333333333335
R0296,Barcelona,Jaén,0.0,64.25,799.816,7.066666666666666
R0297,Barcelona,León,0.0,62.55,778.683,6.763888888888889
R0298,Barcelona,Lleida,0.0,12.71,158.264,1.5677777777777777
R0299,Barcelona,Logroño,0.0,38.33,477.186,4.158611111111111
R0300,Barcelona,Lugo,0.0,80.17,998.125,8.631666666666666
R0301,Barcelona,Madrid,0.0,49.9,621.256,5.499444444444444
R0302,Barcelona,Málaga,0.0,77.09,959.695,9.293611111111112
R0303,Barcelona,Murcia,0.0,46.19,574.985,5.179166666666666
R0304,Barcelona,Ourense,0.0,85.11,1059.607,9.258055555555556
R0305,Barcelona,Oviedo,0.0,72.23,899.19,7.864722222222222
R0306,Barcelona,Palencia,0.0,55.52,691.13,6.048333333333333
R0307,Barcelona,Pamplona,0.0,39.1,486.832,4.298055555555556
R0308,Barcelona,Pontevedra,0.0,92.12,1146.884,10.341944444444444
R0309,Barcelona,Salamanca,0.0,67.75,843.421,7.363611111111111
R0310,Barcelona,San Sebastián,0.0,45.9,571.384,5.089444444444444
R0311,Barcelona,Santander,0.0,56.8,707.151,6.210555555555556
R0312,Barcelona,Segovia,0.0,57.45,715.234,6.394444444444445
R0313,Barcelona,Sevilla,0.0,80.33,1000.05,8.909444444444444
R0314,Barcelona,Soria,0.0,37.0,460.579,4.318333333333333
R0315,Barcelona,Tarragona,0.0,7.84,97.608,1.07
R0316,Barcelona,Teruel,0.0,34.39,428.159,3.9741666666666666
R0317,Barcelona,Toledo,0.0,55.7,693.424,6.096666666666667
R0318,Barcelona,Valencia,0.0,28.16,350.561,3.2472222222222222
R0319,Barcelona,Valladolid,0.0,58.49,728.217,6.385277777777778
R0320,Barcelona,Vitoria-Gasteiz,0.0,45.33,564.368,4.936111111111111
R0321,Barcelona,Zamora,0.0,67.03,834.434,7.4063888888888885
R0322,Barcelona,Zaragoza,0.0,25.04,311.696,2.8430555555555554
R0323,Bilbao,A Coruña,0.0,51.9,646.18,5.605833333333333
R0324,Bilbao,Albacete,0.0,51.54,641.634,5.662222222222222
R0325,Bilbao,Alicante,0.0,64.11,798.096,6.964166666666666
R0326,Bilbao,Almería,0.0,75.94,945.453,8.48
R0327,Bilbao,Ávila,0.0,33.63,418.721,3.7888888888888888
R0328,Bilbao,Badajoz,0.0,55.55,691.54,6.2775
R0329,Bilbao,Barcelona,0.0,49.05,610.63,5.3175
R0330,Bilbao,Burgos,0.0,12.67,157.711,1.4691666666666667
R0331,Bilbao,Cáceres,0.0,48.51,603.926,5.325833333333334
R0332,Bilbao,Cádiz,0.0,78.67,979.444,8.525833333333333
R0333,Bilbao,Castellón de la Plana,0.0,49.59,617.391,5.539166666666667
R0334,Bilbao,Ciudad Real,0.0,48.64,605.587,5.482222222222222
R0335,Bilbao,Córdoba,0.0,63.95,796.192,7.152777777777778
R0336,Bilbao,Cuenca,0.0,44.44,553.195,4.978611111111111
R0337,Bilbao,Girona,0.0,54.33,676.376,5.9025
R0338,Bilbao,Granada,0.0,65.91,820.588,7.256111111111111
R0339,Bilbao,Guadalajara,0.0,33.84,421.346,3.812222222222222
R0340,Bilbao,Huelva,0.0,75.86,944.415,8.14638888888889
R0341,Bilbao,Huesca,0.0,25.53,317.877,3.2527777777777778
R0342,Bilbao,Jaén,0.0,58.87,732.918,6.502777777777778
R0343,Bilbao,León,0.0,26.57,330.835,2.9233333333333333
R0344,Bilbao,Lleida,0.0,36.12,449.71,3.8919444444444444
R0345,Bilbao,Logroño,0.0,11.02,137.182,1.3047222222222221
R0346,Bilbao,Lugo,0.0,44.2,550.285,4.791111111111111
R0347,Bilbao,Madrid,0.0,31.85,396.556,3.6013888888888888
R0348,Bilbao,Málaga,0.0,74.7,930.023,8.997222222222222
R0349,Bilbao,Murcia,0.0,62.98,784.09,6.914444444444444
R0350,Bilbao,Ourense,0.0,49.14,611.767,5.417777777777777
R0351,Bilbao,Oviedo,0.0,23.45,291.902,2.7080555555555557
R0352,Bilbao,Palencia,0.0,19.54,243.284,2.2069444444444444
R0353,Bilbao,Pamplona,0.0,12.47,155.204,1.511111111111111
R0354,Bilbao,Pontevedra,0.0,52.24,650.361,6.0247222222222225
R0355,Bilbao,Salamanca,0.0,31.78,395.581,3.5230555555555556
R0356,Bilbao,San Sebastián,0.0,8.21,102.256,1.0527777777777778
R0357,Bilbao,Santander,0.0,8.24,102.581,1.0663888888888888
R0358,Bilbao,Segovia,0.0,28.26,351.767,3.3505555555555557
R0359,Bilbao,Sevilla,0.0,69.1,860.231,7.436388888888889
R0360,Bilbao,Soria,0.0,17.79,221.495,2.3005555555555555
R0361,Bilbao,Tarragona,0.0,42.77,532.444,4.690277777777778
R0362,Bilbao,Teruel,0.0,38.05,473.712,4.14
R0363,Bilbao,Toledo,0.0,38.63,480.907,4.289722222222222
R0364,Bilbao,Valencia,0.0,49.13,611.643,5.386388888888889
R0365,Bilbao,Valladolid,0.0,22.52,280.368,2.5444444444444443
R0366,Bilbao,Vitoria-Gasteiz,0.0,5.16,64.289,0.715
R0367,Bilbao,Zamora,0.0,31.05,386.589,3.5658333333333334
R0368,Bilbao,Zaragoza,0.0,24.43,304.128,2.7108333333333334
R0369,Burgos,A Coruña,0.0,39.58,492.703,4.236666666666666
R0370,Burgos,Albacete,0.0,39.22,488.287,4.293888888888889
R0371,Burgos,Alicante,0.0,52.41,652.45,5.6925
R0372,Burgos,Almería,0.0,63.63,792.106,7.1113888888888885
R0373,Burgos,Ávila,0.0,21.51,267.785,2.4730555555555553
R0374,Burgos,Badajoz,0.0,43.22,538.067,4.908333333333333
R0375,Burgos,Barcelona,0.0,47.39,589.983,5.355833333333333
R0376,Burgos,Bilbao,0.0,12.76,158.88,1.4727777777777777
R0377,Burgos,Cáceres,0.0,36.39,452.99,4.01
R0378,Burgos,Cádiz,0.0,66.35,825.971,7.156666666666666
R0379,Burgos,Castellón de la Plana,0.0,41.39,515.222,5.6161111111111115
R0380,Burgos,Ciudad Real,0.0,36.33,452.24,4.113888888888889
R0381,Burgos,Córdoba,0.0,51.64,642.845,5.784166666666667
R0382,Burgos,Cuenca,0.0,32.12,399.848,3.6102777777777777
R0383,Burgos,Girona,0.0,52.67,655.729,5.940833333333333
R0384,Burgos,Granada,0.0,53.6,667.241,5.8875
R0385,Burgos,Guadalajara,0.0,21.53,267.99,2.443888888888889
R0386,Burgos,Huelva,0.0,63.53,790.942,6.777222222222222
R0387,Burgos,Huesca,0.0,29.94,372.762,3.6625
R0388,Burgos,Jaén,0.0,46.55,579.571,5.134444444444444
R0389,Burgos,León,0.0,14.29,177.933,1.6127777777777779
R0390,Burgos,Lleida,0.0,34.46,429.063,3.930277777777778
R0391,Burgos,Logroño,0.0,9.25,115.147,1.2894444444444444
R0392,Burgos,Lugo,0.0,31.87,396.806,3.4219444444444442
R0393,Burgos,Madrid,0.0,19.54,243.207,2.2327777777777778
R0394,Burgos,Málaga,0.0,62.39,776.676,7.628611111111111
R0395,Burgos,Murcia,0.0,50.66,630.743,5.545833333333333
R0396,Burgos,Ourense,0.0,36.81,458.29,4.048611111111111
R0397,Burgos,Oviedo,16.2,23.93,297.879,2.6605555555555553
R0398,Burgos,Palencia,0.0,7.21,89.793,0.8375
R0399,Burgos,Pamplona,0.0,16.88,210.089,1.9208333333333334
R0400,Burgos,Pontevedra,0.0,43.82,545.567,5.1325
R0401,Burgos,Salamanca,0.0,19.45,242.103,2.153611111111111
R0402,Burgos,San Sebastián,0.0,17.19,214.036,1.9902777777777778
R0403,Burgos,Santander,0.0,14.53,180.922,1.8947222222222222
R0404,Burgos,Segovia,0.0,15.94,198.412,1.9822222222222223
R0405,Burgos,Sevilla,0.0,56.77,706.758,6.067222222222222
R0406,Burgos,Soria,0.0,11.53,143.535,1.7555555555555555
R0407,Burgos,Tarragona,0.0,41.11,511.797,4.728611111111111
R0408,Burgos,Teruel,0.0,36.39,453.065,4.1786111111111115
R0409,Burgos,Toledo,0.0,26.31,327.56,2.921111111111111
R0410,Burgos,Valencia,0.0,47.24,588.094,5.191388888888889
R0411,Burgos,Valladolid,0.0,10.19,126.888,1.1752777777777779
R0412,Burgos,Vitoria-Gasteiz,0.0,9.16,114.054,1.0983333333333334
R0413,Burgos,Zamora,0.0,18.72,233.109,2.196388888888889
R0414,Burgos,Zaragoza,0.0,22.77,283.484,2.7491666666666665
R0415,Cáceres,A Coruña,0.0,53.75,669.117,5.752777777777778
R0416,Cáceres,Albacete,0.0,41.83,520.73,4.5777777777777775
R0417,Cáceres,Alicante,0.0,55.01,684.897,5.976111111111111
R0418,Cáceres,Almería,0.0,54.77,681.912,6.114722222222222
R0419,Cáceres,Ávila,0.0,24.23,301.699,2.722777777777778
R0420,Cáceres,Badajoz,0.0,7.61,94.747,1.228611111111111
R0421,Cáceres,Barcelona,0.0,73.83,919.099,8.074166666666667
R0422,Cáceres,Bilbao,0.0,48.31,601.455,5.256388888888889
R0423,Cáceres,Burgos,0.0,35.95,447.543,3.8958333333333335
R0424,Cáceres,Cádiz,0.0,30.74,382.664,3.477222222222222
R0425,Cáceres,Castellón de la Plana,0.0,58.36,726.503,6.360833333333333
R0426,Cáceres,Ciudad Real,0.0,24.12,300.234,3.161388888888889
R0427,Cáceres,Córdoba,0.0,25.67,319.624,3.450277777777778
R0428,Cáceres,Cuenca,0.0,37.17,462.753,4.141388888888889
R0429,Cáceres,Girona,0.0,79.11,984.845,8.659166666666666
R0430,Cáceres,Granada,0.0,42.2,525.308,4.832777777777777
R0431,Cáceres,Guadalajara,0.0,28.69,357.2,3.2016666666666667
R0432,Cáceres,Huelva,0.0,27.92,347.638,3.097777777777778
R0433,Cáceres,Huesca,0.0,55.09,685.819,6.075
R0434,Cáceres,Jaén,0.0,34.61,430.861,4.493888888888889
R0435,Cáceres,León,0.0,32.95,410.202,3.6219444444444444
R0436,Cáceres,Lleida,0.0,60.9,758.179,6.648888888888889
R0437,Cáceres,Logroño,0.0,45.25,563.384,5.123055555555555
R0438,Cáceres,Lugo,0.0,46.04,573.224,4.9383333333333335
R0439,Cáceres,Madrid,0.0,24.21,301.459,2.753888888888889
R0440,Cáceres,Málaga,0.0,38.6,480.584,5.134166666666666
R0441,Cáceres,Murcia,0.0,53.27,663.19,5.829444444444444
R0442,Cáceres,Ourense,0.0,42.52,529.344,4.946666666666666
R0443,Cáceres,Oviedo,16.2,41.74,519.61,4.606388888888889
R0444,Cáceres,Palencia,0.0,29.67,369.422,3.2694444444444444
R0445,Cáceres,Pamplona,0.0,52.42,652.656,5.703888888888889
R0446,Cáceres,Pontevedra,0.0,49.53,616.621,6.030555555555556
R0447,Cáceres,Salamanca,0.0,16.09,200.362,1.8441666666666667
R0448,Cáceres,San Sebastián,0.0,53.36,664.295,5.870277777777778
R0449,Cáceres,Santander,0.0,45.54,566.978,4.970833333333333
R0450,Cáceres,Segovia,0.0,29.91,372.369,3.3794444444444443
R0451,Cáceres,Sevilla,0.0,21.16,263.444,2.3880555555555554
R0452,Cáceres,Soria,0.0,42.29,526.53,4.649444444444445
R0453,Cáceres,Tarragona,0.0,68.1,847.852,7.492222222222222
R0454,Cáceres,Teruel,0.0,47.06,585.816,5.791388888888889
R0455,Cáceres,Toledo,0.0,21.21,264.038,2.426388888888889
R0456,Cáceres,Valencia,0.0,52.48,653.391,5.716666666666667
R0457,Cáceres,Valladolid,0.0,25.98,323.478,2.8969444444444443
R0458,Cáceres,Vitoria-Gasteiz,0.0,44.71,556.632,4.881666666666667
R0459,Cáceres,Zamora,0.0,22.04,274.419,2.6552777777777776
R0460,Cáceres,Zaragoza,0.0,49.62,617.685,5.516666666666667
R0461,Cádiz,A Coruña,0.0,84.21,1048.342,9.045833333333333
R0462,Cádiz,Albacete,0.0,51.33,639.029,5.7380555555555555
R0463,Cádiz,Alicante,0.0,51.4,639.948,6.3675
R0464,Cádiz,Almería,0.0,36.17,450.289,4.604166666666667
R0465,Cádiz,Ávila,0.0,50.97,634.584,5.934166666666667
R0466,Cádiz,Badajoz,0.0,26.37,328.311,3.2447222222222223
R0467,Cádiz,Barcelona,0.0,93.0,1157.797,10.226666666666667
R0468,Cádiz,Bilbao,0.0,78.77,980.674,8.549444444444445
R0469,Cádiz,Burgos,0.0,66.41,826.761,7.188611111111111
R0470,Cádiz,Cáceres,0.0,30.4,378.432,3.486111111111111
R0471,Cádiz,Castellón de la Plana,0.0,71.4,888.893,7.9094444444444445
R0472,Cádiz,Ciudad Real,0.0,35.49,441.882,4.261388888888889
R0473,Cádiz,Córdoba,0.0,20.79,258.875,2.433333333333333
R0474,Cádiz,Cuenca,0.0,56.93,708.806,6.402222222222222
R0475,Cádiz,Girona,0.0,100.43,1250.328,10.944722222222222
R0476,Cádiz,Granada,0.0,23.59,293.699,3.325833333333333
R0477,Cádiz,Guadalajara,0.0,56.02,697.396,6.309166666666667
R0478,Cádiz,Huelva,0.0,17.01,211.769,2.01
R0479,Cádiz,Huesca,0.0,82.41,1026.015,9.1825
R0480,Cádiz,Jaén,0.0,29.71,369.891,3.468611111111111
R0481,Cádiz,León,0.0,63.41,789.432,6.914444444444444
R0482,Cádiz,Lleida,0.0,88.23,1098.371,9.755833333333333
R0483,Cádiz,Logroño,0.0,77.54,965.348,8.874444444444444
R0484,Cádiz,Lugo,0.0,76.5,952.44,8.231388888888889
R0485,Cádiz,Madrid,0.0,52.49,653.466,5.799166666666666
R0486,Cádiz,Málaga,0.0,19.23,239.411,3.0230555555555556
R0487,Cádiz,Murcia,0.0,45.58,567.489,5.7747222222222225
R0488,Cádiz,Ourense,0.0,72.98,908.567,8.24
R0489,Cádiz,Oviedo,16.2,72.2,898.838,7.899444444444445
R0490,Cádiz,Palencia,0.0,60.14,748.651,6.562777777777778
R0491,Cádiz,Pamplona,0.0,82.89,1031.875,8.996666666666666
R0492,Cádiz,Pontevedra,0.0,79.99,995.849,9.323611111111111
R0493,Cádiz,Salamanca,0.0,46.56,579.59,5.1369444444444445
R0494,Cádiz,San Sebastián,0.0,83.2,1035.822,9.06638888888889
R0495,Cádiz,Santander,0.0,76.0,946.197,8.26361111111111
R0496,Cádiz,Segovia,0.0,58.19,724.383,6.424722222222222
R0497,Cádiz,Sevilla,0.0,10.02,124.722,1.2666666666666666
R0498,Cádiz,Soria,0.0,69.62,866.723,7.756111111111111
R0499,Cádiz,Tarragona,0.0,85.69,1066.744,9.371666666666666
R0500,Cádiz,Teruel,0.0,67.94,845.789,7.828611111111111
R0501,Cádiz,Toledo,0.0,47.84,595.618,5.398611111111111
R0502,Cádiz,Valencia,0.0,65.53,815.771,7.264722222222222
R0503,Cádiz,Valladolid,0.0,56.44,702.703,6.19
R0504,Cádiz,Vitoria-Gasteiz,0.0,75.17,935.852,8.174722222222222
R0505,Cádiz,Zamora,0.0,52.5,653.653,5.948333333333333
R0506,Cádiz,Zaragoza,0.0,76.94,957.873,8.623611111111112
R0507,Castellón de la Plana,A Coruña,0.0,83.37,1037.917,9.006666666666666
R0508,Castellón de la Plana,Albacete,0.0,19.02,236.734,2.4819444444444443
R0509,Castellón de la Plana,Alicante,0.0,21.06,262.189,2.4166666666666665
R0510,Castellón de la Plana,Almería,0.0,39.57,492.626,4.336944444444445
R0511,Castellón de la Plana,Ávila,0.0,44.51,554.179,4.9991666666666665
R0512,Castellón de la Plana,Badajoz,0.0,66.11,823.017,7.174722222222222
R0513,Castellón de la Plana,Barcelona,0.0,22.67,282.172,2.6638888888888888
R0514,Castellón de la Plana,Bilbao,0.0,49.46,615.729,5.544722222222222
R0515,Castellón de la Plana,Burgos,0.0,41.24,513.41,5.566666666666666
R0516,Castellón de la Plana,Cáceres,0.0,55.97,696.748,6.315277777777778
R0517,Castellón de la Plana,Cádiz,0.0,67.48,840.129,7.464444444444444
R0518,Castellón de la Plana,Ciudad Real,0.0,33.66,419.107,3.7088888888888887
R0519,Castellón de la Plana,Córdoba,0.0,47.53,591.701,5.353055555555556
R0520,Castellón de la Plana,Cuenca,0.0,21.34,265.636,2.668888888888889
R0521,Castellón de la Plana,Girona,0.0,30.1,374.705,3.381666666666667
R0522,Castellón de la Plana,Granada,0.0,49.26,613.232,5.4158333333333335
R0523,Castellón de la Plana,Guadalajara,0.0,32.11,399.802,4.086111111111111
R0524,Castellón de la Plana,Huelva,0.0,65.72,818.217,7.276944444444444
R0525,Castellón de la Plana,Huesca,0.0,31.43,391.317,3.620277777777778
R0526,Castellón de la Plana,Jaén,0.0,42.45,528.428,4.701666666666667
R0527,Castellón de la Plana,León,0.0,61.39,764.244,6.823888888888889
R0528,Castellón de la Plana,Lleida,0.0,22.05,274.516,2.5708333333333333
R0529,Castellón de la Plana,Logroño,0.0,38.78,482.741,4.4094444444444445
R0530,Castellón de la Plana,Lugo,0.0,74.48,927.25,8.14
R0531,Castellón de la Plana,Madrid,0.0,34.03,423.652,3.821111111111111
R0532,Castellón de la Plana,Málaga,0.0,55.06,685.447,6.890555555555555
R0533,Castellón de la Plana,Murcia,0.0,24.16,300.735,2.776111111111111
R0534,Castellón de la Plana,Ourense,0.0,75.7,942.427,8.368333333333334
R0535,Castellón de la Plana,Oviedo,16.2,64.54,803.494,8.110277777777778
R0536,Castellón de la Plana,Palencia,0.0,45.97,572.346,6.135277777777778
R0537,Castellón de la Plana,Pamplona,0.0,39.55,492.394,4.549166666666666
R0538,Castellón de la Plana,Pontevedra,0.0,82.71,1029.709,9.451944444444445
R0539,Castellón de la Plana,Salamanca,0.0,51.26,638.189,5.765
R0540,Castellón de la Plana,San Sebastián,0.0,46.34,576.943,5.3405555555555555
R0541,Castellón de la Plana,Santander,0.0,57.25,712.702,6.461388888888889
R0542,Castellón de la Plana,Segovia,0.0,42.73,531.95,4.811944444444444
R0543,Castellón de la Plana,Sevilla,0.0,58.3,725.801,6.506111111111111
R0544,Castellón de la Plana,Soria,0.0,29.65,369.125,3.8733333333333335
R0545,Castellón de la Plana,Tarragona,0.0,15.35,191.115,1.8086111111111112
R0546,Castellón de la Plana,Teruel,0.0,11.87,147.793,1.5602777777777779
R0547,Castellón de la Plana,Toledo,0.0,36.83,458.506,4.0633333333333335
R0548,Castellón de la Plana,Valencia,0.0,6.13,76.304,0.8441666666666666
R0549,Castellón de la Plana,Valladolid,0.0,52.27,650.68,5.808055555555556
R0550,Castellón de la Plana,Vitoria-Gasteiz,0.0,45.78,569.92,5.186944444444444
R0551,Castellón de la Plana,Zamora,0.0,56.43,702.503,6.379722222222222
R0552,Castellón de la Plana,Zaragoza,0.0,25.59,318.636,3.0319444444444446
R0553,Ciudad Real,A Coruña,0.0,62.99,784.204,7.013055555555556
R0554,Ciudad Real,Albacete,0.0,17.61,219.282,1.9619444444444445
R0555,Ciudad Real,Alicante,0.0,30.8,383.451,3.3605555555555555
R0556,Ciudad Real,Almería,0.0,32.29,402.005,3.850277777777778
R0557,Ciudad Real,Ávila,0.0,20.16,251.025,2.863611111111111
R0558,Ciudad Real,Badajoz,0.0,24.43,304.127,3.1683333333333334
R0559,Ciudad Real,Barcelona,0.0,55.74,693.975,6.064166666666667
R0560,Ciudad Real,Bilbao,0.0,48.67,605.92,5.4383333333333335
R0561,Ciudad Real,Burgos,0.0,36.29,451.823,4.070833333333334
R0562,Ciudad Real,Cáceres,0.0,21.96,273.435,3.132222222222222
R0563,Ciudad Real,Cádiz,0.0,35.49,441.886,4.248888888888889
R0564,Ciudad Real,Castellón de la Plana,0.0,34.14,425.069,3.745
R0565,Ciudad Real,Córdoba,0.0,15.31,190.591,2.0972222222222223
R0566,Ciudad Real,Cuenca,0.0,21.51,267.838,2.5325
R0567,Ciudad Real,Girona,0.0,63.18,786.506,6.782222222222222
R0568,Ciudad Real,Granada,0.0,22.26,277.153,2.6302777777777777
R0569,Ciudad Real,Guadalajara,0.0,20.6,256.433,2.439722222222222
R0570,Ciudad Real,Huelva,0.0,33.73,419.974,4.061388888888889
R0571,Ciudad Real,Huesca,0.0,46.99,585.058,5.313611111111111
R0572,Ciudad Real,Jaén,0.0,15.22,189.479,1.8769444444444445
R0573,Ciudad Real,León,0.0,42.19,525.296,4.8822222222222225
R0574,Ciudad Real,Lleida,0.0,52.81,657.414,5.8869444444444445
R0575,Ciudad Real,Logroño,0.0,42.12,524.391,5.0055555555555555
R0576,Ciudad Real,Lugo,0.0,55.29,688.302,6.198611111111111
R0577,Ciudad Real,Madrid,0.0,16.52,205.688,2.044722222222222
R0578,Ciudad Real,Málaga,0.0,27.43,341.43,4.201666666666667
R0579,Ciudad Real,Murcia,0.0,29.06,361.743,3.213888888888889
R0580,Ciudad Real,Ourense,0.0,55.32,688.714,6.374722222222222
R0581,Ciudad Real,Oviedo,16.2,50.98,634.7,5.866666666666666
R0582,Ciudad Real,Palencia,0.0,35.58,442.907,4.186944444444444
R0583,Ciudad Real,Pamplona,0.0,48.44,603.016,5.663333333333333
R0584,Ciudad Real,Pontevedra,0.0,62.33,775.996,7.458333333333333
R0585,Ciudad Real,Salamanca,0.0,28.51,354.928,3.7869444444444444
R0586,Ciudad Real,San Sebastián,0.0,53.1,661.068,5.955555555555556
R0587,Ciudad Real,Santander,0.0,53.18,662.066,5.931666666666667
R0588,Ciudad Real,Segovia,0.0,22.35,278.231,2.8183333333333334
R0589,Ciudad Real,Sevilla,0.0,26.31,327.558,3.2905555555555557
R0590,Ciudad Real,Soria,0.0,34.2,425.766,3.8872222222222224
R0591,Ciudad Real,Tarragona,0.0,48.43,602.922,5.208888888888889
R0592,Ciudad Real,Teruel,0.0,30.68,381.967,3.6661111111111113
R0593,Ciudad Real,Toledo,0.0,9.89,123.084,1.4008333333333334
R0594,Ciudad Real,Valencia,0.0,28.27,351.947,3.1005555555555557
R0595,Ciudad Real,Valladolid,0.0,31.89,396.967,3.8141666666666665
R0596,Ciudad Real,Vitoria-Gasteiz,0.0,45.07,561.098,5.063888888888889
R0597,Ciudad Real,Zamora,0.0,36.05,448.79,4.386111111111111
R0598,Ciudad Real,Zaragoza,0.0,41.52,516.916,4.754722222222222
R0599,Córdoba,A Coruña,0.0,79.66,991.735,8.706944444444444
R0600,Córdoba,Albacete,0.0,28.1,349.811,3.598611111111111
R0601,Córdoba,Alicante,0.0,41.16,512.415,4.998333333333333
R0602,Córdoba,Almería,0.0,25.54,318.019,3.2180555555555554
R0603,Córdoba,Ávila,0.0,37.9,471.776,4.654166666666667
R0604,Córdoba,Badajoz,0.0,21.4,266.369,3.1433333333333335
R0605,Córdoba,Barcelona,0.0,72.77,906.002,8.020555555555555
R0606,Córdoba,Bilbao,0.0,63.86,795.082,7.101111111111111
R0607,Córdoba,Burgos,0.0,51.49,640.985,5.733611111111111
R0608,Córdoba,Cáceres,0.0,25.44,316.752,3.398888888888889
R0609,Córdoba,Cádiz,0.0,20.71,257.789,2.3691666666666666
R0610,Córdoba,Castellón de la Plana,0.0,51.17,637.098,5.703333333333333
R0611,Córdoba,Ciudad Real,0.0,15.27,190.083,2.053611111111111
R0612,Córdoba,Cuenca,0.0,36.71,456.996,4.195555555555556
R0613,Córdoba,Girona,0.0,80.21,998.533,8.738611111111112
R0614,Córdoba,Granada,0.0,13.49,167.923,1.9736111111111112
R0615,Córdoba,Guadalajara,0.0,35.79,445.595,4.1025
R0616,Córdoba,Huelva,0.0,18.95,235.874,2.181111111111111
R0617,Córdoba,Huesca,0.0,62.19,774.22,6.976388888888889
R0618,Córdoba,Jaén,0.0,9.49,118.092,1.261111111111111
R0619,Córdoba,León,0.0,58.46,727.755,6.827222222222222
R0620,Córdoba,Lleida,0.0,68.0,846.576,7.549722222222222
R0621,Córdoba,Logroño,0.0,57.32,713.553,6.668055555555555
R0622,Córdoba,Lugo,0.0,71.96,895.833,7.8925
R0623,Córdoba,Madrid,0.0,31.72,394.85,3.7075
R0624,Córdoba,Málaga,0.0,12.64,157.319,2.321111111111111
R0625,Córdoba,Murcia,0.0,38.73,482.226,4.761388888888889
R0626,Córdoba,Ourense,0.0,68.03,846.89,8.1525
R0627,Córdoba,Oviedo,16.2,67.65,842.231,7.560555555555555
R0628,Córdoba,Palencia,0.0,52.25,650.438,5.880833333333333
R0629,Córdoba,Pamplona,0.0,63.63,792.178,7.3261111111111115
R0630,Córdoba,Pontevedra,0.0,67.43,839.424,8.63111111111111
R0631,Córdoba,Salamanca,0.0,41.6,517.918,5.049722222222222
R0632,Córdoba,San Sebastián,0.0,68.29,850.23,7.618333333333333
R0633,Córdoba,Santander,0.0,68.37,851.228,7.594444444444444
R0634,Córdoba,Segovia,0.0,39.02,485.768,4.512222222222222
R0635,Córdoba,Sevilla,0.0,11.52,143.451,1.4102777777777777
R0636,Córdoba,Soria,0.0,49.39,614.928,5.55
R0637,Córdoba,Tarragona,0.0,65.46,814.949,7.165277777777778
R0638,Córdoba,Teruel,0.0,47.71,593.994,5.6225
R0639,Córdoba,Toledo,0.0,27.62,343.819,3.191666666666667
R0640,Córdoba,Valencia,0.0,45.3,563.976,5.058611111111111
R0641,Córdoba,Valladolid,0.0,48.56,604.498,5.508055555555556
R0642,Córdoba,Vitoria-Gasteiz,0.0,60.26,750.26,6.726666666666667
R0643,Córdoba,Zamora,0.0,52.72,656.321,6.079722222222222
R0644,Córdoba,Zaragoza,0.0,56.72,706.078,6.4175
R0645,Cuenca,A Coruña,0.0,62.84,782.315,6.7988888888888885
R0646,Cuenca,Albacete,0.0,13.12,163.344,1.6058333333333332
R0647,Cuenca,Alicante,0.0,26.31,327.518,3.0044444444444443
R0648,Cuenca,Almería,0.0,39.98,497.702,4.418611111111111
R0649,Cuenca,Ávila,0.0,23.98,298.577,2.7911111111111113
R0650,Cuenca,Badajoz,0.0,43.64,543.27,4.943333333333333
R0651,Cuenca,Barcelona,0.0,43.44,540.779,5.032222222222222
R0652,Cuenca,Bilbao,0.0,39.61,493.097,5.138333333333334
R0653,Cuenca,Burgos,0.0,32.31,402.236,3.5605555555555557
R0654,Cuenca,Cáceres,0.0,35.43,441.14,4.1075
R0655,Cuenca,Cádiz,0.0,54.82,682.532,6.185277777777777
R0656,Cuenca,Castellón de la Plana,0.0,21.84,271.866,2.7130555555555556
R0657,Cuenca,Ciudad Real,0.0,21.01,261.505,2.428888888888889
R0658,Cuenca,Córdoba,0.0,34.64,431.24,4.034722222222222
R0659,Cuenca,Girona,0.0,50.87,633.31,5.750277777777778
R0660,Cuenca,Granada,0.0,36.6,455.635,4.136666666666667
R0661,Cuenca,Guadalajara,0.0,10.97,136.536,1.6777777777777778
R0662,Cuenca,Huelva,0.0,53.06,660.62,5.997777777777777
R0663,Cuenca,Huesca,0.0,31.87,396.819,3.862222222222222
R0664,Cuenca,Jaén,0.0,29.56,367.967,3.383611111111111
R0665,Cuenca,León,0.0,42.04,523.407,4.668055555555555
R0666,Cuenca,Lleida,0.0,42.82,533.121,4.939166666666667
R0667,Cuenca,Logroño,0.0,29.87,371.874,4.0505555555555555
R0668,Cuenca,Lugo,0.0,55.14,686.413,5.984444444444445
R0669,Cuenca,Madrid,0.0,13.5,168.052,1.6130555555555555
R0670,Cuenca,Málaga,0.0,45.39,565.071,5.878333333333333
R0671,Cuenca,Murcia,0.0,24.56,305.805,2.8577777777777778
R0672,Cuenca,Ourense,0.0,55.17,686.825,6.160277777777778
R0673,Cuenca,Oviedo,16.2,50.83,632.811,5.6525
R0674,Cuenca,Palencia,0.0,32.56,405.312,3.914722222222222
R0675,Cuenca,Pamplona,0.0,36.19,450.499,4.708333333333333
R0676,Cuenca,Pontevedra,0.0,62.18,774.107,7.243888888888889
R0677,Cuenca,Salamanca,0.0,31.92,397.352,3.6094444444444442
R0678,Cuenca,San Sebastián,0.0,42.98,535.048,5.499444444444444
R0679,Cuenca,Santander,0.0,49.2,612.479,5.421388888888889
R0680,Cuenca,Segovia,0.0,22.2,276.348,2.6041666666666665
R0681,Cuenca,Sevilla,0.0,45.64,568.204,5.226944444444444
R0682,Cuenca,Soria,0.0,24.57,305.855,3.140277777777778
R0683,Cuenca,Tarragona,0.0,36.12,449.726,4.177222222222222
R0684,Cuenca,Teruel,0.0,11.78,146.624,1.7125
R0685,Cuenca,Toledo,0.0,14.85,184.929,1.8477777777777777
R0686,Cuenca,Valencia,0.0,15.96,198.747,2.068611111111111
R0687,Cuenca,Valladolid,0.0,31.3,389.716,3.591388888888889
R0688,Cuenca,Vitoria-Gasteiz,0.0,41.09,511.511,4.5536111111111115
R0689,Cuenca,Zamora,0.0,34.71,432.139,4.119166666666667
R0690,Cuenca,Zaragoza,0.0,26.04,324.138,3.2736111111111112
R0691,Girona,A Coruña,0.0,93.39,1162.635,10.061388888888889
R0692,Girona,Albacete,0.0,48.5,603.823,5.632777777777778
R0693,Girona,Alicante,0.0,50.55,629.277,5.5680555555555555
R0694,Girona,Almería,0.0,69.06,859.716,7.488333333333333
R0695,Girona,Ávila,0.0,64.75,806.079,7.1963888888888885
R0696,Girona,Badajoz,0.0,88.08,1096.484,9.511111111111111
R0697,Girona,Barcelona,0.0,8.28,103.116,1.0419444444444443
R0698,Girona,Bilbao,0.0,54.52,678.782,5.909166666666667
R0699,Girona,Burgos,0.0,54.15,674.155,5.924444444444444
R0700,Girona,Cáceres,0.0,79.87,994.35,8.675277777777778
R0701,Girona,Cádiz,0.0,96.97,1207.222,10.616111111111111
R0702,Girona,Castellón de la Plana,0.0,29.94,372.769,3.437777777777778
R0703,Girona,Ciudad Real,0.0,63.23,787.238,6.880833333333333
R0704,Girona,Córdoba,0.0,76.87,956.973,8.48611111111111
R0705,Girona,Cuenca,0.0,50.82,632.726,5.8197222222222225
R0706,Girona,Granada,0.0,74.69,929.83,8.261388888888888
R0707,Girona,Guadalajara,0.0,50.8,632.383,5.564722222222223
R0708,Girona,Huelva,0.0,95.21,1185.319,10.428888888888888
R0709,Girona,Huesca,0.0,27.76,345.535,3.171666666666667
R0710,Girona,Jaén,0.0,71.7,892.659,7.814444444444445
R0711,Girona,León,0.0,68.06,847.279,7.378888888888889
R0712,Girona,Lleida,0.0,18.29,227.664,2.096111111111111
R0713,Girona,Logroño,0.0,43.84,545.8,4.773611111111111
R0714,Girona,Lugo,0.0,85.69,1066.731,9.246666666666666
R0715,Girona,Madrid,0.0,55.41,689.864,6.114444444444445
R0716,Girona,Málaga,0.0,84.55,1052.541,10.041666666666666
R0717,Girona,Murcia,0.0,53.64,667.823,5.927222222222222
R0718,Girona,Ourense,0.0,90.62,1128.214,9.873611111111112
R0719,Girona,Oviedo,0.0,77.74,967.801,8.48
R0720,Girona,Palencia,0.0,61.02,759.717,6.662222222222222
R0721,Girona,Pamplona,0.0,40.3,501.734,4.8180555555555555
R0722,Girona,Pontevedra,0.0,97.63,1215.497,10.9575
R0723,Girona,Salamanca,0.0,73.26,912.007,7.978055555555556
R0724,Girona,San Sebastián,0.0,51.21,637.553,5.341944444444445
R0725,Girona,Santander,0.0,62.31,775.759,6.825555555555556
R0726,Girona,Segovia,0.0,62.96,783.848,7.009444444444444
R0727,Girona,Sevilla,0.0,87.79,1092.898,9.657777777777778
R0728,Girona,Soria,0.0,42.51,529.199,4.933611111111111
R0729,Girona,Tarragona,0.0,15.3,190.455,1.8183333333333334
R0730,Girona,Teruel,0.0,44.39,552.679,4.86
R0731,Girona,Toledo,0.0,61.21,762.035,6.711666666666667
R0732,Girona,Valencia,0.0,35.62,443.403,3.9955555555555557
R0733,Girona,Valladolid,0.0,64.0,796.807,7.0
R0734,Girona,Vitoria-Gasteiz,0.0,50.84,632.972,5.551111111111111
R0735,Girona,Zamora,0.0,72.54,903.024,8.020833333333334
R0736,Girona,Zaragoza,0.0,30.55,380.298,3.457777777777778
R0737,Granada,A Coruña,0.0,81.69,1016.973,8.934166666666666
R0738,Granada,Albacete,0.0,28.25,351.643,3.595
R0739,Granada,Alicante,0.0,28.19,350.935,3.3019444444444446
R0740,Granada,Almería,0.0,13.88,172.807,1.5555555555555556
R0741,Granada,Ávila,0.0,39.92,496.993,4.880833333333333
R0742,Granada,Badajoz,0.0,37.71,469.515,4.562777777777778
R0743,Granada,Barcelona,0.0,67.41,839.208,7.560277777777777
R0744,Granada,Bilbao,0.0,65.89,820.309,7.3277777777777775
R0745,Granada,Burgos,0.0,53.51,666.22,5.960277777777778
R0746,Granada,Cáceres,0.0,41.74,519.635,4.804444444444444
R0747,Granada,Cádiz,0.0,26.96,335.619,3.3538888888888887
R0748,Granada,Castellón de la Plana,0.0,45.81,570.306,5.241388888888889
R0749,Granada,Ciudad Real,0.0,23.91,297.63,2.7802777777777776
R0750,Granada,Córdoba,0.0,13.23,164.653,2.0075
R0751,Granada,Cuenca,0.0,38.73,482.227,4.4225
R0752,Granada,Girona,0.0,74.84,931.737,8.278333333333334
R0753,Granada,Guadalajara,0.0,37.82,470.82,4.329444444444444
R0754,Granada,Huelva,0.0,28.44,354.104,3.3733333333333335
R0755,Granada,Huesca,0.0,64.22,799.453,7.203333333333333
R0756,Granada,Jaén,0.0,7.55,93.938,0.9197222222222222
R0757,Granada,León,0.0,60.89,758.059,6.803055555555556
R0758,Granada,Lleida,0.0,66.79,831.553,7.467222222222222
R0759,Granada,Logroño,0.0,59.34,738.778,6.894166666666667
R0760,Granada,Lugo,0.0,73.99,921.071,8.119444444444444
R0761,Granada,Madrid,0.0,33.74,420.086,3.9344444444444444
R0762,Granada,Málaga,0.0,10.14,126.191,2.019722222222222
R0763,Granada,Murcia,0.0,22.37,278.465,2.7086111111111113
R0764,Granada,Ourense,0.0,74.02,921.477,8.295555555555556
R0765,Granada,Oviedo,16.2,69.68,867.462,7.7875
R0766,Granada,Palencia,0.0,54.27,675.669,6.107777777777778
R0767,Granada,Pamplona,0.0,65.66,817.404,7.552777777777778
R0768,Granada,Pontevedra,0.0,81.03,1008.76,9.379166666666666
R0769,Granada,Salamanca,0.0,50.77,632.01,5.744166666666667
R0770,Granada,San Sebastián,0.0,70.32,875.461,7.845
R0771,Granada,Santander,0.0,70.4,876.456,7.8213888888888885
R0772,Granada,Segovia,0.0,41.05,510.997,4.739166666666667
R0773,Granada,Sevilla,0.0,20.62,256.663,2.5677777777777777
R0774,Granada,Soria,0.0,51.42,640.161,5.776944444444444
R0775,Granada,Tarragona,0.0,60.1,748.155,6.705
R0776,Granada,Teruel,0.0,50.37,627.118,5.865277777777778
R0777,Granada,Toledo,0.0,29.64,369.057,3.4202777777777778
R0778,Granada,Valencia,0.0,38.56,480.006,4.4655555555555555
R0779,Granada,Valladolid,0.0,50.58,629.727,5.735277777777778
R0780,Granada,Vitoria-Gasteiz,0.0,62.29,775.485,6.953333333333333
R0781,Granada,Zamora,0.0,54.75,681.557,6.307222222222222
R0782,Granada,Zaragoza,0.0,58.74,731.314,6.644722222222223
R0783,Guadalajara,A Coruña,0.0,52.75,656.652,5.778611111111111
R0784,Guadalajara,Albacete,0.0,22.74,283.094,2.6205555555555557
R0785,Guadalajara,Alicante,0.0,35.93,447.255,4.019722222222223
R0786,Guadalajara,Almería,0.0,49.6,617.442,5.433888888888889
R0787,Guadalajara,Ávila,0.0,13.89,172.908,1.7705555555555557
R0788,Guadalajara,Badajoz,0.0,37.35,464.986,4.064166666666667
R0789,Guadalajara,Barcelona,0.0,45.45,565.766,5.046944444444445
R0790,Guadalajara,Bilbao,0.0,31.57,393.04,3.8280555555555558
R0791,Guadalajara,Burgos,0.0,21.37,266.059,2.4225
R0792,Guadalajara,Cáceres,0.0,29.15,362.852,3.2283333333333335
R0793,Guadalajara,Cádiz,0.0,55.99,697.105,6.278611111111111
R0794,Guadalajara,Castellón de la Plana,0.0,32.4,403.321,4.138055555555556
R0795,Guadalajara,Ciudad Real,0.0,20.5,255.214,2.4575
R0796,Guadalajara,Córdoba,0.0,35.81,445.815,4.1275
R0797,Guadalajara,Cuenca,0.0,11.03,137.289,1.7041666666666666
R0798,Guadalajara,Girona,0.0,50.73,631.515,5.631944444444445
R0799,Guadalajara,Granada,0.0,37.77,470.21,4.230833333333333
R0800,Guadalajara,Huelva,0.0,54.53,678.824,5.869722222222222
R0801,Guadalajara,Huesca,0.0,26.71,332.496,3.0480555555555555
R0802,Guadalajara,Jaén,0.0,30.93,385.043,3.5005555555555556
R0803,Guadalajara,León,0.0,31.95,397.738,3.6475
R0804,Guadalajara,Lleida,0.0,32.52,404.85,3.6213888888888888
R0805,Guadalajara,Logroño,0.0,21.83,271.821,2.738888888888889
R0806,Guadalajara,Lugo,0.0,45.04,560.75,4.963888888888889
R0807,Guadalajara,Madrid,0.0,4.69,58.358,0.6672222222222223
R0808,Guadalajara,Málaga,0.0,46.56,579.65,5.971388888888889
R0809,Guadalajara,Murcia,0.0,34.18,425.55,3.8730555555555557
R0810,Guadalajara,Ourense,0.0,45.07,561.156,5.14
R0811,Guadalajara,Oviedo,16.2,40.74,507.141,4.631944444444445
R0812,Guadalajara,Palencia,0.0,21.62,269.135,2.7769444444444447
R0813,Guadalajara,Pamplona,0.0,28.15,350.446,3.3975
R0814,Guadalajara,Pontevedra,0.0,52.09,648.439,6.223888888888889
R0815,Guadalajara,Salamanca,0.0,21.82,271.685,2.588611111111111
R0816,Guadalajara,San Sebastián,0.0,34.94,434.999,4.189166666666667
R0817,Guadalajara,Santander,0.0,38.26,476.304,4.283611111111111
R0818,Guadalajara,Segovia,0.0,12.1,150.677,1.583611111111111
R0819,Guadalajara,Sevilla,0.0,47.76,594.628,5.159722222222222
R0820,Guadalajara,Soria,0.0,13.91,173.203,1.6222222222222222
R0821,Guadalajara,Tarragona,0.0,39.16,487.579,4.419722222222222
R0822,Guadalajara,Teruel,0.0,19.78,246.211,2.637777777777778
R0823,Guadalajara,Toledo,0.0,10.48,130.531,1.2644444444444445
R0824,Guadalajara,Valencia,0.0,30.76,382.901,3.5183333333333335
R0825,Guadalajara,Valladolid,0.0,21.64,269.406,2.5797222222222222
R0826,Guadalajara,Vitoria-Gasteiz,0.0,30.15,375.333,3.4155555555555557
R0827,Guadalajara,Zamora,0.0,25.8,321.236,3.151666666666667
R0828,Guadalajara,Zaragoza,0.0,21.23,264.357,2.4894444444444446
R0829,Huelva,A Coruña,0.0,81.37,1012.968,8.655
R0830,Huelva,Albacete,0.0,46.7,581.384,5.674722222222222
R0831,Huelva,Alicante,0.0,56.2,699.656,6.389722222222222
R0832,Huelva,Almería,0.0,40.96,509.927,4.620277777777778
R0833,Huelva,Ávila,0.0,48.13,599.183,5.542777777777777
R0834,Huelva,Badajoz,0.0,18.9,235.297,2.7383333333333333
R0835,Huelva,Barcelona,0.0,91.37,1137.563,10.095833333333333
R0836,Huelva,Bilbao,0.0,75.93,945.289,8.158333333333333
R0837,Huelva,Burgos,0.0,69.21,861.645,7.4686111111111115
R0838,Huelva,Cáceres,0.0,27.56,343.052,3.0952777777777776
R0839,Huelva,Cádiz,0.0,16.9,210.335,1.978611111111111
R0840,Huelva,Castellón de la Plana,0.0,69.78,868.661,7.776944444444444
R0841,Huelva,Ciudad Real,0.0,40.48,503.966,4.628888888888889
R0842,Huelva,Córdoba,0.0,19.17,238.647,2.3027777777777776
R0843,Huelva,Cuenca,0.0,65.83,819.496,7.499722222222222
R0844,Huelva,Girona,0.0,98.81,1230.092,10.813888888888888
R0845,Huelva,Granada,0.0,28.39,353.391,3.3475
R0846,Huelva,Guadalajara,0.0,54.42,677.548,5.915555555555556
R0847,Huelva,Huesca,0.0,80.52,1002.455,8.73
R0848,Huelva,Jaén,0.0,28.09,349.667,3.3380555555555556
R0849,Huelva,León,0.0,60.57,754.051,6.523611111111111
R0850,Huelva,Lleida,0.0,86.33,1074.809,9.303055555555556
R0851,Huelva,Logroño,0.0,75.65,941.78,8.420833333333333
R0852,Huelva,Lugo,0.0,73.66,917.066,7.8405555555555555
R0853,Huelva,Madrid,0.0,49.65,618.085,5.408333333333333
R0854,Huelva,Málaga,0.0,24.79,308.668,3.65
R0855,Huelva,Murcia,0.0,50.38,627.188,5.796944444444445
R0856,Huelva,Ourense,0.0,69.14,860.784,7.5225
R0857,Huelva,Oviedo,16.2,69.36,863.457,7.508611111111111
R0858,Huelva,Palencia,0.0,57.29,713.27,6.171666666666667
R0859,Huelva,Pamplona,0.0,80.04,996.494,8.606111111111112
R0860,Huelva,Pontevedra,0.0,65.78,818.953,7.355277777777777
R0861,Huelva,Salamanca,0.0,43.71,544.208,4.746111111111111
R0862,Huelva,San Sebastián,0.0,80.36,1000.441,8.675277777777778
R0863,Huelva,Santander,0.0,73.16,910.813,7.872777777777777
R0864,Huelva,Segovia,0.0,55.34,689.001,6.033888888888889
R0865,Huelva,Sevilla,0.0,7.32,91.136,0.8891666666666667
R0866,Huelva,Soria,0.0,67.73,843.163,7.303333333333334
R0867,Huelva,Tarragona,0.0,84.06,1046.51,9.240833333333333
R0868,Huelva,Teruel,0.0,64.46,802.48,8.151944444444444
R0869,Huelva,Toledo,0.0,56.74,706.326,6.4975
R0870,Huelva,Valencia,0.0,63.9,795.543,7.1338888888888885
R0871,Huelva,Valladolid,0.0,53.6,667.322,5.799166666666666
R0872,Huelva,Vitoria-Gasteiz,0.0,72.33,900.465,7.783611111111111
R0873,Huelva,Zamora,0.0,49.66,618.264,5.5575
R0874,Huelva,Zaragoza,0.0,75.05,934.316,8.171111111111111
R0875,Huesca,A Coruña,0.0,68.92,858.012,7.481388888888889
R0876,Huesca,Albacete,0.0,38.54,479.857,4.812777777777778
R0877,Huesca,Alicante,0.0,46.28,576.14,5.095833333333333
R0878,Huesca,Almería,0.0,64.79,806.579,7.016111111111111
R0879,Huesca,Ávila,0.0,40.28,501.456,4.616388888888889
R0880,Huesca,Badajoz,0.0,63.61,791.861,6.931111111111111
R0881,Huesca,Barcelona,0.0,22.25,277.025,2.612222222222222
R0882,Huesca,Bilbao,0.0,25.57,318.379,3.2644444444444445
R0883,Huesca,Burgos,0.0,29.68,369.532,3.3444444444444446
R0884,Huesca,Cáceres,0.0,55.4,689.727,6.095277777777778
R0885,Huesca,Cádiz,0.0,85.29,1061.859,9.614722222222222
R0886,Huesca,Castellón de la Plana,0.0,31.76,395.447,3.671111111111111
R0887,Huesca,Ciudad Real,0.0,46.76,582.093,5.324722222222222
R0888,Huesca,Córdoba,0.0,62.07,772.694,6.994722222222222
R0889,Huesca,Cuenca,0.0,31.97,398.036,3.8875
R0890,Huesca,Girona,0.0,27.19,338.452,3.1283333333333334
R0891,Huesca,Granada,0.0,64.03,797.089,7.097777777777778
R0892,Huesca,Guadalajara,0.0,26.33,327.755,2.9844444444444442
R0893,Huesca,Huelva,0.0,80.78,1005.699,8.736666666666666
R0894,Huesca,Jaén,0.0,56.98,709.421,6.344166666666666
R0895,Huesca,León,0.0,43.59,542.656,4.798611111111111
R0896,Huesca,Lleida,0.0,9.23,114.861,1.1827777777777777
R0897,Huesca,Logroño,0.0,19.37,241.177,2.193611111111111
R0898,Huesca,Lugo,0.0,61.22,762.108,6.666666666666667
R0899,Huesca,Madrid,0.0,30.94,385.237,3.5344444444444445
R0900,Huesca,Málaga,0.0,72.82,906.529,8.838611111111112
R0901,Huesca,Murcia,0.0,49.37,614.686,5.455277777777778
R0902,Huesca,Ourense,0.0,66.15,823.591,7.293611111111111
R0903,Huesca,Oviedo,0.0,53.27,663.178,5.8997222222222225
R0904,Huesca,Palencia,0.0,36.56,455.094,4.082222222222223
R0905,Huesca,Pamplona,0.0,13.03,162.22,1.876111111111111
R0906,Huesca,Pontevedra,0.0,73.17,910.874,8.377222222222223
R0907,Huesca,Salamanca,0.0,48.79,607.384,5.397777777777778
R0908,Huesca,San Sebastián,0.0,19.82,246.784,2.667777777777778
R0909,Huesca,Santander,0.0,33.36,415.356,4.180833333333333
R0910,Huesca,Segovia,0.0,33.39,415.649,4.498611111111111
R0911,Huesca,Sevilla,0.0,76.11,947.535,8.656666666666666
R0912,Huesca,Soria,0.0,18.04,224.577,2.3536111111111113
R0913,Huesca,Tarragona,0.0,17.06,212.41,2.141111111111111
R0914,Huesca,Teruel,0.0,20.22,251.763,2.2716666666666665
R0915,Huesca,Toledo,0.0,36.74,457.412,4.131666666666667
R0916,Huesca,Valencia,0.0,31.3,389.684,3.5180555555555557
R0917,Huesca,Valladolid,0.0,39.53,492.184,4.42
R0918,Huesca,Vitoria-Gasteiz,0.0,21.23,264.243,2.7755555555555556
R0919,Huesca,Zamora,0.0,48.07,598.401,5.440833333333333
R0920,Huesca,Zaragoza,0.0,6.21,77.288,0.8238888888888889
R0921,Jaén,A Coruña,0.0,74.89,932.394,8.19
R0922,Jaén,Albacete,0.0,21.06,262.169,2.823888888888889
R0923,Jaén,Alicante,0.0,32.75,407.716,3.878888888888889
R0924,Jaén,Almería,0.0,17.51,217.984,2.109166666666667
R0925,Jaén,Ávila,0.0,33.13,412.417,4.136388888888889
R0926,Jaén,Badajoz,0.0,29.9,372.179,4.226388888888889
R0927,Jaén,Barcelona,0.0,61.55,766.211,7.491666666666666
R0928,Jaén,Bilbao,0.0,59.1,735.741,6.583888888888889
R0929,Jaén,Burgos,0.0,46.72,581.623,5.215833333333333
R0930,Jaén,Cáceres,0.0,33.94,422.561,4.481388888888889
R0931,Jaén,Cádiz,0.0,26.2,326.123,3.493333333333333
R0932,Jaén,Castellón de la Plana,0.0,39.95,497.305,5.172777777777778
R0933,Jaén,Ciudad Real,0.0,17.11,213.064,2.036388888888889
R0934,Jaén,Córdoba,0.0,9.47,117.878,1.3555555555555556
R0935,Jaén,Cuenca,0.0,31.94,397.657,3.678611111111111
R0936,Jaén,Girona,0.0,68.98,858.744,8.209722222222222
R0937,Jaén,Granada,0.0,7.49,93.19,0.8947222222222222
R0938,Jaén,Guadalajara,0.0,31.03,386.253,3.5855555555555556
R0939,Jaén,Huelva,0.0,27.89,347.269,3.3205555555555555
R0940,Jaén,Huesca,0.0,57.42,714.881,6.4591666666666665
R0941,Jaén,León,0.0,54.1,673.48,6.058888888888889
R0942,Jaén,Lleida,0.0,63.24,787.247,7.033055555555555
R0943,Jaén,Logroño,0.0,52.55,654.208,6.150277777777778
R0944,Jaén,Lugo,0.0,67.19,836.497,7.375555555555556
R0945,Jaén,Madrid,0.0,26.95,335.511,3.1902777777777778
R0946,Jaén,Málaga,0.0,16.28,202.634,2.6358333333333333
R0947,Jaén,Murcia,0.0,26.93,335.246,3.285833333333333
R0948,Jaén,Ourense,0.0,67.22,836.905,7.551111111111111
R0949,Jaén,Oviedo,16.2,62.89,782.89,7.043611111111111
R0950,Jaén,Palencia,0.0,47.48,591.095,5.363611111111111
R0951,Jaén,Pamplona,0.0,58.86,732.83,6.808611111111111
R0952,Jaén,Pontevedra,0.0,74.24,924.19,8.635
R0953,Jaén,Salamanca,0.0,43.97,547.424,5.000277777777778
R0954,Jaén,San Sebastián,0.0,63.53,790.893,7.101111111111111
R0955,Jaén,Santander,0.0,63.61,791.883,7.0775
R0956,Jaén,Segovia,0.0,34.25,426.414,3.995
R0957,Jaén,Sevilla,0.0,20.47,254.842,2.549166666666667
R0958,Jaén,Soria,0.0,44.63,555.584,5.033055555555555
R0959,Jaén,Tarragona,0.0,54.23,675.158,6.636666666666667
R0960,Jaén,Teruel,0.0,43.58,542.555,5.120277777777778
R0961,Jaén,Toledo,0.0,22.86,284.587,2.6883333333333335
R0962,Jaén,Valencia,0.0,35.64,443.736,4.441388888888889
R0963,Jaén,Valladolid,0.0,43.79,545.152,4.991388888888889
R0964,Jaén,Vitoria-Gasteiz,0.0,55.5,690.923,6.209444444444444
R0965,Jaén,Zamora,0.0,47.95,596.971,5.563055555555556
R0966,Jaén,Zaragoza,0.0,51.95,646.737,5.900277777777778
R0967,León,A Coruña,0.0,26.03,324.1,2.825277777777778
R0968,León,Albacete,0.0,49.21,612.592,5.346388888888889
R0969,León,Alicante,0.0,62.39,776.76,6.745555555555556
R0970,León,Almería,0.0,70.94,883.177,7.9063888888888885
R0971,León,Ávila,0.0,21.7,270.105,2.4833333333333334
R0972,León,Badajoz,0.0,40.25,501.139,4.636666666666667
R0973,León,Barcelona,0.0,62.76,781.287,6.817222222222222
R0974,León,Bilbao,0.0,26.72,332.627,2.933611111111111
R0975,León,Burgos,0.0,14.35,178.704,1.5730555555555557
R0976,León,Cáceres,0.0,33.22,413.526,3.685
R0977,León,Cádiz,0.0,63.38,789.045,6.885277777777778
R0978,León,Castellón de la Plana,0.0,55.0,684.774,7.0569444444444445
R0979,León,Ciudad Real,0.0,42.17,525.048,4.8438888888888885
R0980,León,Córdoba,0.0,58.96,733.985,6.589444444444444
R0981,León,Cuenca,0.0,42.1,524.149,4.663611111111111
R0982,León,Girona,0.0,68.04,847.036,7.402222222222222
R0983,León,Granada,0.0,60.92,758.38,6.691388888888889
R0984,León,Guadalajara,0.0,32.18,400.608,3.671111111111111
R0985,León,Huelva,0.0,60.57,754.027,6.506111111111111
R0986,León,Huesca,0.0,44.02,548.019,4.8180555555555555
R0987,León,Jaén,0.0,53.88,670.717,5.938611111111111
R0988,León,Lleida,0.0,49.83,620.385,5.391944444444444
R0989,León,Logroño,0.0,23.66,294.562,2.8008333333333333
R0990,León,Lugo,0.0,18.33,228.197,2.0105555555555554
R0991,León,Madrid,0.0,27.51,342.435,3.123611111111111
R0992,León,Málaga,0.0,69.71,867.816,8.432777777777778
R0993,León,Murcia,0.0,60.65,755.054,6.598888888888889
R0994,León,Ourense,0.0,21.69,270.024,2.8336111111111113
R0995,León,Oviedo,16.2,10.41,129.647,1.2783333333333333
R0996,León,Palencia,0.0,9.65,120.171,1.3377777777777777
R0997,León,Pamplona,0.0,30.83,383.83,3.381111111111111
R0998,León,Pontevedra,0.0,28.52,355.075,3.730277777777778
R0999,León,Salamanca,0.0,16.84,209.636,1.9177777777777778
R1000,León,San Sebastián,0.0,31.15,387.778,3.450833333333333
R1001,León,Santander,0.0,21.24,264.481,2.3730555555555557
R1002,León,Segovia,0.0,23.81,296.431,2.6597222222222223
R1003,León,Sevilla,0.0,53.8,669.831,5.796111111111111
R1004,León,Soria,0.0,25.15,313.075,3.1952777777777777
R1005,León,Tarragona,0.0,56.48,703.105,6.190277777777778
R1006,León,Teruel,0.0,43.46,541.097,5.660277777777778
R1007,León,Toledo,0.0,32.82,408.617,3.635
R1008,León,Valencia,0.0,57.22,712.405,6.244166666666667
R1009,León,Valladolid,0.0,11.12,138.459,1.6305555555555555
R1010,León,Vitoria-Gasteiz,0.0,23.12,287.806,2.5591666666666666
R1011,León,Zamora,0.0,11.74,146.133,1.4938888888888888
R1012,León,Zaragoza,0.0,38.14,474.788,4.210833333333333
R1013,Lleida,A Coruña,0.0,74.96,933.181,8.017222222222221
R1014,Lleida,Albacete,0.0,40.46,503.745,4.793888888888889
R1015,Lleida,Alicante,0.0,42.51,529.2,4.729166666666667
R1016,Lleida,Almería,0.0,61.02,759.639,6.649444444444445
R1017,Lleida,Ávila,0.0,46.32,576.624,5.152222222222222
R1018,Lleida,Badajoz,0.0,69.65,867.041,7.467222222222222
R1019,Lleida,Barcelona,0.0,14.24,177.247,1.6355555555555557
R1020,Lleida,Bilbao,0.0,36.09,449.338,3.8647222222222224
R1021,Lleida,Burgos,0.0,35.72,444.718,3.881388888888889
R1022,Lleida,Cáceres,0.0,61.44,764.905,6.631111111111111
R1023,Lleida,Cádiz,0.0,89.07,1108.878,9.634722222222223
R1024,Lleida,Castellón de la Plana,0.0,21.9,272.691,2.598888888888889
R1025,Lleida,Ciudad Real,0.0,52.79,657.265,5.86
R1026,Lleida,Córdoba,0.0,68.11,847.872,7.5313888888888885
R1027,Lleida,Cuenca,0.0,37.71,469.498,4.431388888888889
R1028,Lleida,Girona,0.0,18.26,227.372,2.1330555555555555
R1029,Lleida,Granada,0.0,70.06,872.267,7.633333333333334
R1030,Lleida,Guadalajara,0.0,32.36,402.917,3.520277777777778
R1031,Lleida,Huelva,0.0,86.26,1073.86,9.255555555555556
R1032,Lleida,Huesca,0.0,9.53,118.656,1.1936111111111112
R1033,Lleida,Jaén,0.0,63.02,784.604,6.8805555555555555
R1034,Lleida,León,0.0,49.63,617.831,5.334444444444444
R1035,Lleida,Logroño,0.0,26.08,324.634,2.8466666666666667
R1036,Lleida,Lugo,0.0,67.25,837.284,7.2025
R1037,Lleida,Madrid,0.0,36.98,460.412,4.070277777777778
R1038,Lleida,Málaga,0.0,78.86,981.703,9.374722222222223
R1039,Lleida,Murcia,0.0,45.6,567.746,5.088611111111111
R1040,Lleida,Ourense,0.0,72.19,898.767,7.828888888888889
R1041,Lleida,Oviedo,0.0,59.31,738.354,6.435833333333333
R1042,Lleida,Palencia,0.0,42.6,530.286,4.618055555555555
R1043,Lleida,Pamplona,0.0,26.19,325.998,2.868888888888889
R1044,Lleida,Pontevedra,0.0,79.2,986.052,8.913055555555555
R1045,Lleida,Salamanca,0.0,54.25,675.398,5.970555555555555
R1046,Lleida,San Sebastián,0.0,28.96,360.484,3.678888888888889
R1047,Lleida,Santander,0.0,43.88,546.312,4.7813888888888885
R1048,Lleida,Segovia,0.0,44.53,554.388,4.965
R1049,Lleida,Sevilla,0.0,80.06,996.681,8.562777777777777
R1050,Lleida,Soria,0.0,24.4,303.827,2.961388888888889
R1051,Lleida,Tarragona,0.0,7.96,99.055,1.0083333333333333
R1052,Lleida,Teruel,0.0,25.98,323.434,2.8336111111111113
R1053,Lleida,Toledo,0.0,42.78,532.584,4.6675
R1054,Lleida,Valencia,0.0,27.58,343.324,3.1566666666666667
R1055,Lleida,Valladolid,0.0,45.57,567.367,4.9558333333333335
R1056,Lleida,Vitoria-Gasteiz,0.0,32.41,403.53,3.5069444444444446
R1057,Lleida,Zamora,0.0,54.1,673.57,5.976666666666667
R1058,Lleida,Zaragoza,0.0,12.12,150.849,1.4136111111111112
R1059,Logroño,A Coruña,0.0,48.71,606.376,5.459444444444444
R1060,Logroño,Albacete,0.0,45.7,568.949,5.573888888888889
R1061,Logroño,Alicante,0.0,53.43,665.233,5.856944444444444
R1062,Logroño,Almería,0.0,71.94,895.672,7.777222222222222
R1063,Logroño,Ávila,0.0,30.44,378.925,3.6425
R1064,Logroño,Badajoz,0.0,52.35,651.728,6.131111111111111
R1065,Logroño,Barcelona,0.0,38.38,477.768,4.21
R1066,Logroño,Bilbao,0.0,11.01,137.117,1.301111111111111
R1067,Logroño,Burgos,0.0,9.12,113.583,1.3083333333333333
R1068,Logroño,Cáceres,0.0,45.31,564.115,5.179444444444444
R1069,Logroño,Cádiz,0.0,75.48,939.634,8.379444444444445
R1070,Logroño,Castellón de la Plana,0.0,38.92,484.532,4.4319444444444445
R1071,Logroño,Ciudad Real,0.0,42.13,524.466,5.033055555555555
R1072,Logroño,Córdoba,0.0,57.44,715.073,6.704444444444444
R1073,Logroño,Cuenca,0.0,29.96,373.045,4.080277777777778
R1074,Logroño,Girona,0.0,43.66,543.517,4.795
R1075,Logroño,Granada,0.0,59.4,739.468,6.806388888888889
R1076,Logroño,Guadalajara,0.0,21.7,270.113,2.6927777777777777
R1077,Logroño,Huelva,0.0,72.66,904.616,8.000277777777777
R1078,Logroño,Huesca,0.0,19.64,244.496,2.2108333333333334
R1079,Logroño,Jaén,0.0,52.36,651.805,6.0536111111111115
R1080,Logroño,León,0.0,24.55,305.617,2.7716666666666665
R1081,Logroño,Lleida,0.0,25.45,316.862,2.7847222222222223
R1082,Logroño,Lugo,0.0,42.18,525.07,4.639722222222222
R1083,Logroño,Madrid,0.0,26.32,327.616,3.243333333333333
R1084,Logroño,Málaga,0.0,68.19,848.904,8.547777777777778
R1085,Logroño,Murcia,0.0,56.53,703.779,6.216388888888889
R1086,Logroño,Ourense,0.0,45.94,571.962,5.271388888888889
R1087,Logroño,Oviedo,0.0,34.01,423.403,3.859166666666667
R1088,Logroño,Palencia,0.0,16.34,203.475,2.060277777777778
R1089,Logroño,Pamplona,0.0,6.82,84.903,0.8555555555555555
R1090,Logroño,Pontevedra,0.0,52.95,659.247,6.355277777777777
R1091,Logroño,Salamanca,0.0,28.58,355.761,3.376388888888889
R1092,Logroño,San Sebastián,0.0,13.39,166.708,1.6297222222222223
R1093,Logroño,Santander,0.0,18.8,234.087,2.2172222222222224
R1094,Logroño,Segovia,0.0,25.06,311.946,3.2041666666666666
R1095,Logroño,Sevilla,0.0,65.9,820.42,7.290555555555556
R1096,Logroño,Soria,0.0,8.12,101.061,1.2155555555555555
R1097,Logroño,Tarragona,0.0,32.1,399.586,3.5830555555555557
R1098,Logroño,Teruel,0.0,27.38,340.857,3.0327777777777776
R1099,Logroño,Toledo,0.0,32.11,399.785,3.8405555555555555
R1100,Logroño,Valencia,0.0,38.46,478.773,4.278888888888889
R1101,Logroño,Valladolid,0.0,20.5,255.153,2.3930555555555557
R1102,Logroño,Vitoria-Gasteiz,0.0,5.15,64.123,0.9455555555555556
R1103,Logroño,Zamora,0.0,29.03,361.356,3.4138888888888888
R1104,Logroño,Zaragoza,0.0,13.76,171.259,1.603611111111111
R1105,Lugo,A Coruña,0.0,8.47,105.452,0.9927777777777778
R1106,Lugo,Albacete,0.0,62.21,774.524,6.6675
R1107,Lugo,Alicante,0.0,75.4,938.692,8.066666666666666
R1108,Lugo,Almería,0.0,83.95,1045.109,9.227222222222222
R1109,Lugo,Ávila,0.0,38.39,477.897,4.235277777777778
R1110,Lugo,Badajoz,0.0,53.26,663.069,5.957777777777777
R1111,Lugo,Barcelona,0.0,80.32,999.978,8.685555555555556
R1112,Lugo,Bilbao,0.0,40.92,509.421,4.595555555555555
R1113,Lugo,Burgos,0.0,31.92,397.402,3.441388888888889
R1114,Lugo,Cáceres,0.0,46.22,575.456,5.006111111111111
R1115,Lugo,Cádiz,0.0,76.39,950.975,8.206111111111111
R1116,Lugo,Castellón de la Plana,0.0,76.1,947.449,8.209166666666667
R1117,Lugo,Ciudad Real,0.0,55.18,686.98,6.165
R1118,Lugo,Córdoba,0.0,71.96,895.917,7.910555555555556
R1119,Lugo,Cuenca,0.0,55.11,686.081,5.984444444444445
R1120,Lugo,Girona,0.0,85.6,1065.727,9.270277777777778
R1121,Lugo,Granada,0.0,73.92,920.312,8.0125
R1122,Lugo,Guadalajara,0.0,45.19,562.54,4.992222222222222
R1123,Lugo,Huelva,0.0,73.57,915.957,7.827222222222222
R1124,Lugo,Huesca,0.0,61.59,766.71,6.686111111111111
R1125,Lugo,Jaén,0.0,66.88,832.649,7.259722222222222
R1126,Lugo,León,0.0,18.32,228.127,2.02
R1127,Lugo,Lleida,0.0,67.4,839.076,7.26
R1128,Lugo,Logroño,0.0,41.23,513.253,4.668888888888889
R1129,Lugo,Madrid,0.0,40.51,504.368,4.4447222222222225
R1130,Lugo,Málaga,0.0,82.71,1029.748,9.75361111111111
R1131,Lugo,Murcia,0.0,73.66,916.986,7.919722222222222
R1132,Lugo,Ourense,0.0,7.24,90.136,1.0530555555555556
R1133,Lugo,Oviedo,0.0,20.68,257.502,2.2855555555555553
R1134,Lugo,Palencia,0.0,27.22,338.87,3.206111111111111
R1135,Lugo,Pamplona,0.0,48.4,602.521,5.249444444444444
R1136,Lugo,Pontevedra,0.0,10.7,133.178,1.818888888888889
R1137,Lugo,Salamanca,0.0,29.85,371.573,3.2391666666666667
R1138,Lugo,San Sebastián,0.0,48.71,606.47,5.319166666666667
R1139,Lugo,Santander,0.0,33.6,418.317,3.7483333333333335
R1140,Lugo,Segovia,0.0,36.82,458.358,3.9805555555555556
R1141,Lugo,Sevilla,0.0,66.81,831.761,7.117222222222222
R1142,Lugo,Soria,0.0,42.71,531.766,5.0633333333333335
R1143,Lugo,Tarragona,0.0,74.04,921.796,8.058333333333334
R1144,Lugo,Teruel,0.0,64.8,806.723,7.4475
R1145,Lugo,Toledo,0.0,45.83,570.549,4.956111111111111
R1146,Lugo,Valencia,0.0,70.23,874.337,7.565277777777778
R1147,Lugo,Valladolid,0.0,28.02,348.781,3.0280555555555555
R1148,Lugo,Vitoria-Gasteiz,0.0,40.68,506.501,4.4275
R1149,Lugo,Zamora,0.0,24.75,308.075,2.815
R1150,Lugo,Zaragoza,0.0,55.7,693.479,6.078888888888889
R1151,Madrid,A Coruña,0.0,48.08,598.518,5.239166666666667
R1152,Madrid,Albacete,0.0,20.62,256.766,2.3194444444444446
R1153,Madrid,Alicante,0.0,33.81,420.932,3.718611111111111
R1154,Madrid,Almería,0.0,43.83,545.673,5.071666666666666
R1155,Madrid,Ávila,11.85,9.14,113.831,1.191111111111111
R1156,Madrid,Badajoz,0.0,32.37,403.006,3.563888888888889
R1157,Madrid,Barcelona,0.0,49.98,622.174,5.539444444444444
R1158,Madrid,Bilbao,0.0,31.99,398.229,3.5966666666666667
R1159,Madrid,Burgos,0.0,19.85,247.102,2.2825
R1160,Madrid,Cáceres,0.0,24.17,300.887,2.7288888888888887
R1161,Madrid,Cádiz,0.0,52.36,651.855,5.7491666666666665
R1162,Madrid,Castellón de la Plana,0.0,34.51,429.687,3.8627777777777776
R1163,Madrid,Ciudad Real,0.0,15.37,191.382,2.038611111111111
R1164,Madrid,Córdoba,0.0,32.02,398.661,3.7911111111111113
R1165,Madrid,Cuenca,0.0,13.52,168.317,1.636111111111111
R1166,Madrid,Girona,0.0,55.26,687.915,6.124722222222222
R1167,Madrid,Granada,0.0,33.81,420.888,3.8575
R1168,Madrid,Guadalajara,0.0,4.84,60.275,0.6669444444444445
R1169,Madrid,Huelva,0.0,49.55,616.837,5.37
R1170,Madrid,Huesca,0.0,31.31,389.743,3.5522222222222224
R1171,Madrid,Jaén,0.0,26.94,335.384,3.1419444444444444
R1172,Madrid,León,0.0,27.2,338.658,3.0680555555555555
R1173,Madrid,Lleida,0.0,37.05,461.272,4.114722222222222
R1174,Madrid,Logroño,0.0,26.47,329.482,3.2952777777777778
R1175,Madrid,Lugo,0.0,40.3,501.66,4.384444444444444
R1176,Madrid,Málaga,0.0,42.6,530.324,5.598611111111111
R1177,Madrid,Murcia,0.0,32.07,399.218,3.571388888888889
R1178,Madrid,Ourense,0.0,40.33,502.081,4.560833333333333
R1179,Madrid,Oviedo,16.2,35.99,448.067,4.0525
R1180,Madrid,Palencia,0.0,20.59,256.277,2.372777777777778
R1181,Madrid,Pamplona,0.0,32.68,406.86,3.890277777777778
R1182,Madrid,Pontevedra,0.0,47.34,589.368,5.644166666666667
R1183,Madrid,Salamanca,0.0,17.08,212.612,2.0094444444444446
R1184,Madrid,San Sebastián,0.0,36.42,453.384,4.113611111111111
R1185,Madrid,Santander,0.0,36.45,453.824,4.073888888888889
R1186,Madrid,Segovia,7.6,7.36,91.6,1.0041666666666667
R1187,Madrid,Sevilla,0.0,43.13,536.922,4.762777777777778
R1188,Madrid,Soria,0.0,18.44,229.619,2.1144444444444446
R1189,Madrid,Tarragona,0.0,43.7,543.98,4.912222222222222
R1190,Madrid,Teruel,0.0,24.63,306.644,3.1847222222222222
R1191,Madrid,Toledo,0.0,6.02,74.943,0.8294444444444444
R1192,Madrid,Valencia,0.0,28.64,356.567,3.2169444444444446
R1193,Madrid,Valladolid,0.0,16.9,210.339,2.0
R1194,Madrid,Vitoria-Gasteiz,0.0,28.39,353.411,3.2222222222222223
R1195,Madrid,Zamora,0.0,21.06,262.158,2.5722222222222224
R1196,Madrid,Zaragoza,0.0,25.83,321.6,2.993333333333333
R1197,Málaga,A Coruña,0.0,90.53,1127.076,10.653888888888888
R1198,Málaga,Albacete,0.0,37.09,461.755,5.314722222222223
R1199,Málaga,Alicante,0.0,37.95,472.493,5.0325
R1200,Málaga,Almería,0.0,18.43,229.433,2.9480555555555554
R1201,Málaga,Ávila,0.0,48.77,607.108,6.600833333333333
R1202,Málaga,Badajoz,0.0,34.16,425.324,4.836111111111111
R1203,Málaga,Barcelona,0.0,77.17,960.774,9.29111111111111
R1204,Málaga,Bilbao,0.0,74.74,930.423,9.048055555555555
R1205,Málaga,Burgos,0.0,62.36,776.339,7.6802777777777775
R1206,Málaga,Cáceres,0.0,38.19,475.433,5.0775
R1207,Málaga,Cádiz,0.0,19.23,239.424,3.0858333333333334
R1208,Málaga,Castellón de la Plana,0.0,55.57,691.876,6.972222222222222
R1209,Málaga,Ciudad Real,0.0,32.75,407.746,4.4991666666666665
R1210,Málaga,Córdoba,0.0,12.78,159.078,2.3705555555555557
R1211,Málaga,Cuenca,0.0,55.48,690.675,7.019166666666667
R1212,Málaga,Girona,0.0,84.61,1053.303,10.009166666666667
R1213,Málaga,Granada,0.0,10.14,126.237,1.9905555555555556
R1214,Málaga,Guadalajara,0.0,46.66,580.941,6.049444444444444
R1215,Málaga,Huelva,0.0,24.33,302.881,3.6144444444444446
R1216,Málaga,Huesca,0.0,73.06,909.572,8.92361111111111
R1217,Málaga,Jaén,0.0,16.39,204.054,2.6397222222222223
R1218,Málaga,León,0.0,69.74,868.165,8.523055555555555
R1219,Málaga,Lleida,0.0,78.87,981.934,9.497222222222222
R1220,Málaga,Logroño,0.0,68.19,848.9,8.615277777777777
R1221,Málaga,Lugo,0.0,82.83,1031.167,9.839166666666667
R1222,Málaga,Madrid,0.0,42.59,530.196,5.654444444444445
R1223,Málaga,Murcia,0.0,32.13,400.024,4.439444444444445
R1224,Málaga,Ourense,0.0,82.82,1031.091,10.085277777777778
R1225,Málaga,Oviedo,16.2,78.52,977.574,9.5075
R1226,Málaga,Palencia,0.0,63.12,785.784,7.8277777777777775
R1227,Málaga,Pamplona,0.0,74.5,927.521,9.272777777777778
R1228,Málaga,Pontevedra,0.0,82.45,1026.436,10.304166666666667
R1229,Málaga,Salamanca,0.0,54.35,676.601,6.7283333333333335
R1230,Málaga,San Sebastián,0.0,79.17,985.578,9.565
R1231,Málaga,Santander,0.0,79.25,986.575,9.54138888888889
R1232,Málaga,Segovia,0.0,49.89,621.112,6.4591666666666665
R1233,Málaga,Sevilla,0.0,17.07,212.466,2.8408333333333333
R1234,Málaga,Soria,0.0,60.27,750.283,7.496944444444445
R1235,Málaga,Tarragona,0.0,69.86,869.729,8.436388888888889
R1236,Málaga,Teruel,0.0,59.15,736.385,7.799722222222222
R1237,Málaga,Toledo,0.0,38.49,479.168,5.139444444444444
R1238,Málaga,Valencia,0.0,48.32,601.573,6.1963888888888885
R1239,Málaga,Valladolid,0.0,59.43,739.846,7.455
R1240,Málaga,Vitoria-Gasteiz,0.0,71.14,885.605,8.67361111111111
R1241,Málaga,Zamora,0.0,63.59,791.665,8.026944444444444
R1242,Málaga,Zaragoza,0.0,67.59,841.429,8.364722222222222
R1243,Murcia,A Coruña,0.0,81.44,1013.871,8.713333333333333
R1244,Murcia,Albacete,0.0,11.75,146.248,1.3480555555555556
R1245,Murcia,Alicante,0.0,6.51,80.988,0.8041666666666667
R1246,Murcia,Almería,0.0,16.65,207.266,1.8622222222222222
R1247,Murcia,Ávila,0.0,42.58,530.138,4.705555555555556
R1248,Murcia,Badajoz,0.0,53.84,670.301,6.3244444444444445
R1249,Murcia,Barcelona,0.0,46.21,575.303,5.129444444444444
R1250,Murcia,Bilbao,0.0,63.29,787.889,6.8425
R1251,Murcia,Burgos,0.0,50.91,633.805,5.474722222222222
R1252,Murcia,Cáceres,0.0,53.05,660.479,5.780555555555556
R1253,Murcia,Cádiz,0.0,45.62,567.959,5.7508333333333335
R1254,Murcia,Castellón de la Plana,0.0,24.61,306.405,2.810277777777778
R1255,Murcia,Ciudad Real,0.0,29.2,363.527,3.193888888888889
R1256,Murcia,Córdoba,0.0,35.01,435.911,4.388333333333334
R1257,Murcia,Cuenca,0.0,24.57,305.846,2.873611111111111
R1258,Murcia,Girona,0.0,53.64,667.832,5.847222222222222
R1259,Murcia,Granada,0.0,22.28,277.363,2.6352777777777776
R1260,Murcia,Guadalajara,0.0,34.32,427.226,3.821388888888889
R1261,Murcia,Huelva,0.0,49.88,620.954,5.736944444444444
R1262,Murcia,Huesca,0.0,49.3,613.743,5.4127777777777775
R1263,Murcia,Jaén,0.0,27.97,348.222,3.3530555555555557
R1264,Murcia,León,0.0,60.64,754.96,6.5825
R1265,Murcia,Lleida,0.0,45.6,567.639,5.036111111111111
R1266,Murcia,Logroño,0.0,55.84,695.168,6.387222222222222
R1267,Murcia,Lugo,0.0,73.74,917.962,7.898611111111111
R1268,Murcia,Madrid,0.0,32.1,399.617,3.5277777777777777
R1269,Murcia,Málaga,0.0,32.27,401.78,4.439722222222223
R1270,Murcia,Ourense,0.0,73.77,918.383,8.075277777777778
R1271,Murcia,Oviedo,16.2,69.43,864.369,7.566944444444444
R1272,Murcia,Palencia,0.0,51.16,636.868,5.829444444444444
R1273,Murcia,Pamplona,0.0,57.42,714.817,6.341388888888889
R1274,Murcia,Pontevedra,0.0,80.78,1005.67,9.158611111111112
R1275,Murcia,Salamanca,0.0,50.52,628.92,5.523888888888889
R1276,Murcia,San Sebastián,0.0,67.84,844.589,7.4158333333333335
R1277,Murcia,Santander,0.0,67.8,844.041,7.335833333333333
R1278,Murcia,Segovia,0.0,40.8,507.907,4.518611111111111
R1279,Murcia,Sevilla,0.0,42.62,530.542,4.962777777777778
R1280,Murcia,Soria,0.0,47.92,596.549,5.268888888888889
R1281,Murcia,Tarragona,0.0,38.9,484.258,4.274444444444445
R1282,Murcia,Teruel,0.0,29.74,370.229,3.3536111111111113
R1283,Murcia,Toledo,0.0,32.3,402.059,3.535277777777778
R1284,Murcia,Valencia,0.0,17.36,216.099,2.0344444444444445
R1285,Murcia,Valladolid,0.0,50.33,626.641,5.514444444444444
R1286,Murcia,Vitoria-Gasteiz,0.0,59.69,743.071,6.468055555555556
R1287,Murcia,Zamora,0.0,54.5,678.46,6.086388888888889
R1288,Murcia,Zaragoza,0.0,43.46,541.061,4.823888888888889
R1289,Ourense,A Coruña,0.0,14.73,183.398,1.6716666666666666
R1290,Ourense,Albacete,0.0,62.21,774.449,6.763333333333334
R1291,Ourense,Alicante,0.0,75.39,938.614,8.1625
R1292,Ourense,Almería,0.0,83.94,1045.009,9.3225
R1293,Ourense,Ávila,0.0,34.7,431.949,3.899722222222222
R1294,Ourense,Badajoz,0.0,45.67,568.555,5.489444444444445
R1295,Ourense,Barcelona,0.0,85.28,1061.626,9.243611111111111
R1296,Ourense,Bilbao,0.0,49.24,612.966,5.36
R1297,Ourense,Burgos,0.0,36.87,459.048,3.9994444444444444
R1298,Ourense,Cáceres,0.0,42.72,531.866,4.926666666666667
R1299,Ourense,Cádiz,0.0,72.89,907.385,8.126944444444444
R1300,Ourense,Castellón de la Plana,0.0,76.1,947.369,8.30638888888889
R1301,Ourense,Ciudad Real,0.0,55.18,686.903,6.260833333333333
R1302,Ourense,Córdoba,0.0,67.82,844.338,8.102222222222222
R1303,Ourense,Cuenca,0.0,55.1,686.001,6.080277777777778
R1304,Ourense,Girona,0.0,90.56,1127.367,9.828611111111112
R1305,Ourense,Granada,0.0,73.92,920.224,8.108333333333333
R1306,Ourense,Guadalajara,0.0,45.18,562.454,5.087777777777778
R1307,Ourense,Huelva,0.0,69.2,861.518,7.4875
R1308,Ourense,Huesca,0.0,66.54,828.36,7.244166666666667
R1309,Ourense,Jaén,0.0,66.87,832.549,7.355277777777777
R1310,Ourense,León,0.0,24.23,301.592,2.7127777777777777
R1311,Ourense,Lleida,0.0,72.35,900.723,7.818333333333333
R1312,Ourense,Logroño,0.0,46.18,574.91,5.226944444444444
R1313,Ourense,Lugo,0.0,7.24,90.171,1.0602777777777779
R1314,Ourense,Madrid,0.0,40.51,504.286,4.540277777777778
R1315,Ourense,Málaga,0.0,80.75,1005.312,9.785
R1316,Ourense,Murcia,0.0,73.65,916.9,8.015277777777778
R1317,Ourense,Oviedo,0.0,28.5,354.783,3.3105555555555557
R1318,Ourense,Palencia,0.0,27.87,346.989,3.4466666666666668
R1319,Ourense,Pamplona,0.0,53.35,664.172,5.807777777777778
R1320,Ourense,Pontevedra,0.0,7.49,93.308,1.2519444444444445
R1321,Ourense,Salamanca,0.0,26.34,327.976,3.1591666666666667
R1322,Ourense,San Sebastián,0.0,53.67,668.121,5.877222222222223
R1323,Ourense,Santander,0.0,43.77,544.85,4.799444444444444
R1324,Ourense,Segovia,0.0,36.81,458.28,4.076388888888889
R1325,Ourense,Sevilla,0.0,63.33,788.392,7.0475
R1326,Ourense,Soria,0.0,44.39,552.69,5.2555555555555555
R1327,Ourense,Tarragona,0.0,84.93,1057.296,9.251388888888888
R1328,Ourense,Teruel,0.0,65.98,821.438,8.086666666666666
R1329,Ourense,Toledo,0.0,45.82,570.468,5.051666666666667
R1330,Ourense,Valencia,0.0,70.22,874.249,7.660833333333334
R1331,Ourense,Valladolid,0.0,28.01,348.701,3.1238888888888887
R1332,Ourense,Vitoria-Gasteiz,0.0,45.64,568.148,4.985555555555556
R1333,Ourense,Zamora,0.0,21.24,264.468,2.7352777777777777
R1334,Ourense,Zaragoza,0.0,60.66,755.123,6.6369444444444445
R1335,Oviedo,A Coruña,0.0,24.2,301.304,2.637777777777778
R1336,Oviedo,Albacete,16.2,57.99,721.881,6.298055555555556
R1337,Oviedo,Alicante,16.2,71.17,886.046,7.696944444444444
R1338,Oviedo,Almería,16.2,79.72,992.441,8.856944444444444
R1339,Oviedo,Ávila,16.2,30.47,379.381,3.4344444444444444
R1340,Oviedo,Badajoz,16.2,49.03,610.414,5.588055555555556
R1341,Oviedo,Barcelona,0.0,72.41,901.467,7.884722222222222
R1342,Oviedo,Bilbao,0.0,23.47,292.197,2.706111111111111
R1343,Oviedo,Burgos,16.2,24.01,298.921,2.6461111111111113
R1344,Oviedo,Cáceres,16.2,41.99,522.8,4.636111111111111
R1345,Oviedo,Cádiz,16.2,72.16,898.319,7.836388888888889
R1346,Oviedo,Castellón de la Plana,16.2,64.66,804.962,8.124444444444444
R1347,Oviedo,Ciudad Real,16.2,50.95,634.335,5.795277777777778
R1348,Oviedo,Córdoba,16.2,67.09,835.272,7.8116666666666665
R1349,Oviedo,Cuenca,16.2,50.88,633.433,5.614722222222222
R1350,Oviedo,Girona,0.0,77.69,967.208,8.469722222222222
R1351,Oviedo,Granada,16.2,69.69,867.656,7.642777777777778
R1352,Oviedo,Guadalajara,16.2,40.96,509.886,4.622222222222222
R1353,Oviedo,Huelva,16.2,69.34,863.301,7.457222222222223
R1354,Oviedo,Huesca,0.0,48.61,605.184,5.804166666666666
R1355,Oviedo,Jaén,16.2,62.65,779.981,6.889722222222222
R1356,Oviedo,León,16.2,10.44,129.919,1.2508333333333332
R1357,Oviedo,Lleida,0.0,59.49,740.564,6.459444444444444
R1358,Oviedo,Logroño,0.0,33.31,414.751,3.8680555555555554
R1359,Oviedo,Lugo,0.0,20.69,257.554,2.298611111111111
R1360,Oviedo,Madrid,16.2,36.28,451.716,4.074722222222222
R1361,Oviedo,Málaga,16.2,80.02,996.246,9.494444444444444
R1362,Oviedo,Murcia,16.2,69.43,864.332,7.549722222222222
R1363,Oviedo,Ourense,0.0,28.61,356.219,3.3330555555555557
R1364,Oviedo,Palencia,16.2,19.31,240.357,2.4052777777777776
R1365,Oviedo,Pamplona,0.0,35.54,442.513,4.060833333333333
R1366,Oviedo,Pontevedra,0.0,32.08,399.342,3.7255555555555557
R1367,Oviedo,Salamanca,16.2,25.62,318.91,2.868611111111111
R1368,Oviedo,San Sebastián,0.0,31.16,387.948,3.6347222222222224
R1369,Oviedo,Santander,0.0,16.15,201.1,1.8591666666666666
R1370,Oviedo,Segovia,16.2,32.59,405.712,3.6108333333333333
R1371,Oviedo,Sevilla,16.2,77.18,960.796,8.301111111111112
R1372,Oviedo,Soria,16.2,34.8,433.257,4.262222222222222
R1373,Oviedo,Tarragona,0.0,66.13,823.273,7.2575
R1374,Oviedo,Teruel,16.2,53.12,661.279,6.728055555555556
R1375,Oviedo,Toledo,16.2,41.6,517.9,4.586111111111111
R1376,Oviedo,Valencia,16.2,66.0,821.681,7.195277777777778
R1377,Oviedo,Valladolid,16.2,23.79,296.133,2.658333333333333
R1378,Oviedo,Vitoria-Gasteiz,0.0,28.24,351.608,3.2647222222222223
R1379,Oviedo,Zamora,16.2,20.52,255.421,2.445
R1380,Oviedo,Zaragoza,0.0,47.79,594.964,5.2780555555555555
R1381,Palencia,A Coruña,0.0,34.97,435.359,4.025833333333333
R1382,Palencia,Albacete,0.0,39.46,491.312,4.646388888888889
R1383,Palencia,Alicante,0.0,52.65,655.475,6.045277777777778
R1384,Palencia,Almería,0.0,64.33,800.819,7.243333333333333
R1385,Palencia,Ávila,0.0,15.08,187.68,1.8105555555555555
R1386,Palencia,Badajoz,0.0,36.99,460.5,4.299166666666666
R1387,Palencia,Barcelona,0.0,55.7,693.47,6.105277777777777
R1388,Palencia,Bilbao,0.0,19.66,244.799,2.2219444444444445
R1389,Palencia,Burgos,0.0,7.3,90.888,0.8611111111111112
R1390,Palencia,Cáceres,0.0,29.95,372.883,3.3475
R1391,Palencia,Cádiz,0.0,60.12,748.4,6.5475
R1392,Palencia,Castellón de la Plana,0.0,45.38,564.988,6.149444444444445
R1393,Palencia,Ciudad Real,0.0,35.55,442.634,4.171944444444445
R1394,Palencia,Córdoba,0.0,55.05,685.355,6.521388888888889
R1395,Palencia,Cuenca,0.0,32.36,402.865,3.9630555555555556
R1396,Palencia,Girona,0.0,60.98,759.216,6.690277777777778
R1397,Palencia,Granada,0.0,54.3,675.959,6.019166666666667
R1398,Palencia,Guadalajara,0.0,21.77,271.015,2.796666666666667
R1399,Palencia,Huelva,0.0,57.3,713.378,6.168333333333333
R1400,Palencia,Huesca,0.0,36.97,460.194,4.105833333333333
R1401,Palencia,Jaén,0.0,47.25,588.295,5.266111111111111
R1402,Palencia,León,0.0,9.64,120.011,1.3433333333333333
R1403,Palencia,Lleida,0.0,42.9,534.069,4.718333333333334
R1404,Palencia,Logroño,0.0,16.61,206.748,2.089722222222222
R1405,Palencia,Lugo,0.0,27.27,339.444,3.2111111111111112
R1406,Palencia,Madrid,0.0,20.89,260.016,2.451388888888889
R1407,Palencia,Málaga,0.0,67.98,846.319,8.204722222222221
R1408,Palencia,Murcia,0.0,50.91,633.77,5.898611111111111
R1409,Palencia,Ourense,0.0,27.94,347.892,3.5283333333333333
R1410,Palencia,Oviedo,16.2,19.32,240.532,2.4444444444444446
R1411,Palencia,Pamplona,0.0,23.78,296.017,2.6694444444444443
R1412,Palencia,Pontevedra,0.0,34.96,435.176,4.6125
R1413,Palencia,Salamanca,0.0,13.21,164.514,1.5441666666666667
R1414,Palencia,San Sebastián,0.0,24.09,299.962,2.738888888888889
R1415,Palencia,Santander,0.0,16.12,200.64,1.8544444444444443
R1416,Palencia,Segovia,0.0,13.03,162.215,1.5555555555555556
R1417,Palencia,Sevilla,0.0,50.54,629.19,5.458333333333333
R1418,Palencia,Soria,0.0,16.54,205.942,2.301388888888889
R1419,Palencia,Tarragona,0.0,49.42,615.288,5.478055555555556
R1420,Palencia,Teruel,0.0,33.66,419.104,4.6755555555555555
R1421,Palencia,Toledo,0.0,26.2,326.205,2.9627777777777777
R1422,Palencia,Valencia,0.0,47.48,591.116,5.5441666666666665
R1423,Palencia,Valladolid,0.0,3.96,49.307,0.5658333333333333
R1424,Palencia,Vitoria-Gasteiz,0.0,16.06,199.979,1.8466666666666667
R1425,Palencia,Zamora,0.0,12.49,155.528,1.5869444444444445
R1426,Palencia,Zaragoza,0.0,31.08,386.968,3.498611111111111
R1427,Pamplona,A Coruña,0.0,56.09,698.334,6.047777777777778
R1428,Pamplona,Albacete,0.0,46.44,578.132,5.658611111111111
R1429,Pamplona,Alicante,0.0,54.17,674.419,5.941666666666666
R1430,Pamplona,Almería,0.0,72.69,904.947,7.868888888888889
R1431,Pamplona,Ávila,0.0,37.82,470.886,4.230833333333333
R1432,Pamplona,Badajoz,0.0,59.74,743.696,6.719722222222222
R1433,Pamplona,Barcelona,0.0,39.11,486.952,4.294722222222222
R1434,Pamplona,Bilbao,0.0,12.43,154.731,1.4833333333333334
R1435,Pamplona,Burgos,0.0,16.86,209.866,1.9113888888888888
R1436,Pamplona,Cáceres,0.0,52.7,656.086,5.768055555555556
R1437,Pamplona,Cádiz,0.0,82.86,1031.596,8.968055555555555
R1438,Pamplona,Castellón de la Plana,0.0,39.66,493.725,4.516944444444444
R1439,Pamplona,Ciudad Real,0.0,48.4,602.522,5.664722222222222
R1440,Pamplona,Córdoba,0.0,63.71,793.129,7.335277777777778
R1441,Pamplona,Cuenca,0.0,36.29,451.812,4.728888888888889
R1442,Pamplona,Girona,0.0,40.05,498.651,4.79
R1443,Pamplona,Granada,0.0,65.67,817.523,7.438055555555556
R1444,Pamplona,Guadalajara,0.0,27.97,348.167,3.3247222222222224
R1445,Pamplona,Huelva,0.0,80.05,996.574,8.588611111111112
R1446,Pamplona,Huesca,0.0,12.92,160.789,1.8319444444444444
R1447,Pamplona,Jaén,0.0,58.63,729.859,6.685
R1448,Pamplona,León,0.0,30.76,382.986,3.3652777777777776
R1449,Pamplona,Lleida,0.0,22.2,276.316,2.9005555555555556
R1450,Pamplona,Logroño,0.0,6.77,84.233,0.7972222222222223
R1451,Pamplona,Lugo,0.0,48.39,602.419,5.233055555555556
R1452,Pamplona,Madrid,0.0,32.59,405.674,3.875
R1453,Pamplona,Málaga,0.0,74.46,926.96,9.179444444444444
R1454,Pamplona,Murcia,0.0,57.27,712.964,6.301111111111111
R1455,Pamplona,Ourense,0.0,53.33,663.921,5.8597222222222225
R1456,Pamplona,Oviedo,0.0,35.42,441.012,4.041666666666667
R1457,Pamplona,Palencia,0.0,23.73,295.426,2.6486111111111112
R1458,Pamplona,Pontevedra,0.0,60.34,751.205,6.943611111111111
R1459,Pamplona,Salamanca,0.0,35.96,447.719,3.964722222222222
R1460,Pamplona,San Sebastián,0.0,6.68,83.125,0.8866666666666667
R1461,Pamplona,Santander,0.0,20.22,251.707,2.399722222222222
R1462,Pamplona,Segovia,0.0,32.44,403.902,3.792777777777778
R1463,Pamplona,Sevilla,0.0,73.29,912.386,7.878611111111111
R1464,Pamplona,Soria,0.0,13.93,173.434,1.7825
R1465,Pamplona,Tarragona,0.0,32.83,408.77,3.667777777777778
R1466,Pamplona,Teruel,0.0,28.12,350.04,3.1241666666666665
R1467,Pamplona,Toledo,0.0,38.38,477.843,4.472222222222222
R1468,Pamplona,Valencia,0.0,39.2,487.968,4.364166666666667
R1469,Pamplona,Valladolid,0.0,26.71,332.53,2.986666666666667
R1470,Pamplona,Vitoria-Gasteiz,0.0,8.08,100.584,0.9941666666666666
R1471,Pamplona,Zamora,0.0,35.24,438.736,4.007777777777778
R1472,Pamplona,Zaragoza,0.0,14.49,180.448,1.6880555555555556
R1473,Pontevedra,A Coruña,16.35,11.99,149.27,1.585
R1474,Pontevedra,Albacete,0.0,69.19,861.335,7.852777777777778
R1475,Pontevedra,Alicante,0.0,82.37,1025.493,9.251388888888888
R1476,Pontevedra,Almería,0.0,90.93,1131.968,10.421388888888888
R1477,Pontevedra,Ávila,0.0,41.68,518.83,4.988611111111111
R1478,Pontevedra,Badajoz,0.0,42.22,525.625,5.455277777777778
R1479,Pontevedra,Barcelona,0.0,92.25,1148.514,10.332777777777778
R1480,Pontevedra,Bilbao,0.0,52.04,647.812,5.979444444444445
R1481,Pontevedra,Burgos,0.0,42.1,524.066,5.155555555555556
R1482,Pontevedra,Cáceres,0.0,49.7,618.763,6.016388888888889
R1483,Pontevedra,Cádiz,0.0,79.87,994.274,9.216111111111111
R1484,Pontevedra,Castellón de la Plana,0.0,83.08,1034.25,9.393888888888888
R1485,Pontevedra,Ciudad Real,0.0,62.15,773.783,7.35
R1486,Pontevedra,Córdoba,0.0,67.3,837.843,8.625
R1487,Pontevedra,Cuenca,0.0,62.08,772.891,7.169444444444444
R1488,Pontevedra,Girona,0.0,97.54,1214.26,10.917777777777777
R1489,Pontevedra,Granada,0.0,80.99,1008.331,9.243055555555555
R1490,Pontevedra,Guadalajara,0.0,52.16,649.347,6.176944444444445
R1491,Pontevedra,Huelva,0.0,65.85,819.827,7.306388888888889
R1492,Pontevedra,Huesca,0.0,73.52,915.238,8.33361111111111
R1493,Pontevedra,Jaén,0.0,73.85,919.444,8.443888888888889
R1494,Pontevedra,León,0.0,28.5,354.797,3.734166666666667
R1495,Pontevedra,Lleida,0.0,79.33,987.599,8.907222222222222
R1496,Pontevedra,Logroño,0.0,53.16,661.794,6.317222222222222
R1497,Pontevedra,Lugo,0.0,10.72,133.413,1.825
R1498,Pontevedra,Madrid,0.0,47.49,591.174,5.629444444444444
R1499,Pontevedra,Málaga,0.0,80.23,998.807,10.308333333333334
R1500,Pontevedra,Murcia,0.0,80.63,1003.788,9.104444444444445
R1501,Pontevedra,Ourense,0.0,7.52,93.665,1.2594444444444444
R1502,Pontevedra,Oviedo,0.0,31.8,395.91,3.67
R1503,Pontevedra,Palencia,0.0,34.85,433.874,4.536388888888889
R1504,Pontevedra,Pamplona,0.0,60.33,751.061,6.896944444444444
R1505,Pontevedra,Salamanca,0.0,33.32,414.87,4.245555555555556
R1506,Pontevedra,San Sebastián,0.0,60.65,755.01,6.966388888888889
R1507,Pontevedra,Santander,0.0,44.72,556.724,5.132777777777778
R1508,Pontevedra,Segovia,0.0,43.79,545.162,5.165555555555556
R1509,Pontevedra,Sevilla,0.0,70.29,875.064,8.126666666666667
R1510,Pontevedra,Soria,0.0,51.37,639.576,6.344444444444444
R1511,Pontevedra,Tarragona,0.0,85.97,1070.332,9.705555555555556
R1512,Pontevedra,Teruel,0.0,71.77,893.52,8.632222222222222
R1513,Pontevedra,Toledo,0.0,52.8,657.354,6.140833333333333
R1514,Pontevedra,Valencia,0.0,77.2,961.134,8.75
R1515,Pontevedra,Valladolid,0.0,34.99,435.587,4.213055555555556
R1516,Pontevedra,Vitoria-Gasteiz,0.0,50.86,633.168,6.141666666666667
R1517,Pontevedra,Zamora,0.0,28.22,351.355,3.821388888888889
R1518,Pontevedra,Zaragoza,0.0,67.63,842.012,7.726111111111111
R1519,Salamanca,A Coruña,0.0,37.57,467.702,4.046111111111111
R1520,Salamanca,Albacete,0.0,39.0,485.554,4.286944444444444
R1521,Salamanca,Alicante,0.0,52.19,649.712,5.685555555555555
R1522,Salamanca,Almería,0.0,60.74,756.187,6.855555555555555
R1523,Salamanca,Ávila,0.0,8.43,105.005,0.9991666666666666
R1524,Salamanca,Badajoz,0.0,23.35,290.751,2.8575
R1525,Salamanca,Barcelona,0.0,67.26,837.311,7.473611111111111
R1526,Salamanca,Bilbao,0.0,31.84,396.399,3.5252777777777777
R1527,Salamanca,Burgos,0.0,19.48,242.489,2.165
R1528,Salamanca,Cáceres,0.0,16.32,203.133,1.9055555555555554
R1529,Salamanca,Cádiz,0.0,46.48,578.7,5.110833333333333
R1530,Salamanca,Castellón de la Plana,0.0,52.89,658.469,5.828333333333333
R1531,Salamanca,Ciudad Real,0.0,28.52,355.08,3.7847222222222223
R1532,Salamanca,Córdoba,0.0,41.42,515.611,5.079722222222222
R1533,Salamanca,Cuenca,0.0,31.9,397.11,3.6038888888888887
R1534,Salamanca,Girona,0.0,72.54,903.057,8.05861111111111
R1535,Salamanca,Granada,0.0,50.71,631.327,5.631388888888889
R1536,Salamanca,Guadalajara,0.0,21.97,273.566,2.611111111111111
R1537,Salamanca,Huelva,0.0,43.67,543.634,4.726666666666667
R1538,Salamanca,Huesca,0.0,49.14,611.785,5.409722222222222
R1539,Salamanca,Jaén,0.0,43.67,543.663,4.878333333333333
R1540,Salamanca,León,0.0,16.77,208.795,1.9147222222222222
R1541,Salamanca,Lleida,0.0,54.0,672.266,6.034722222222222
R1542,Salamanca,Logroño,0.0,28.67,356.927,3.4411111111111112
R1543,Salamanca,Lugo,0.0,29.86,371.787,3.231388888888889
R1544,Salamanca,Madrid,0.0,17.3,215.39,2.0636111111111113
R1545,Salamanca,Málaga,0.0,54.35,676.575,6.763055555555556
R1546,Salamanca,Murcia,0.0,50.44,628.007,5.538611111111111
R1547,Salamanca,Ourense,0.0,26.67,332.031,3.3
R1548,Salamanca,Oviedo,16.2,25.89,322.302,2.959722222222222
R1549,Salamanca,Palencia,0.0,13.2,164.384,1.5391666666666666
R1550,Salamanca,Pamplona,0.0,35.95,447.608,3.973333333333333
R1551,Salamanca,Pontevedra,0.0,33.35,415.213,4.323888888888889
R1552,Salamanca,San Sebastián,0.0,36.27,451.557,4.042777777777777
R1553,Salamanca,Santander,0.0,29.07,361.919,3.24
R1554,Salamanca,Segovia,0.0,12.22,152.139,1.7158333333333333
R1555,Salamanca,Sevilla,0.0,36.9,459.444,4.016388888888889
R1556,Salamanca,Soria,0.0,25.9,322.421,3.2977777777777777
R1557,Salamanca,Tarragona,0.0,60.98,759.129,6.846666666666667
R1558,Salamanca,Teruel,0.0,41.59,517.739,5.066388888888889
R1559,Salamanca,Toledo,0.0,19.24,239.488,2.576111111111111
R1560,Salamanca,Valencia,0.0,47.02,585.353,5.184166666666667
R1561,Salamanca,Valladolid,0.0,9.51,118.434,1.166388888888889
R1562,Salamanca,Vitoria-Gasteiz,0.0,28.13,350.178,3.198611111111111
R1563,Salamanca,Zamora,0.0,5.86,73.004,0.9483333333333334
R1564,Salamanca,Zaragoza,0.0,43.26,538.559,4.8025
R1565,San Sebastián,A Coruña,0.0,52.03,647.793,5.837777777777778
R1566,San Sebastián,Albacete,0.0,56.02,697.377,6.189166666666667
R1567,San Sebastián,Alicante,0.0,60.91,758.318,6.762777777777778
R1568,San Sebastián,Almería,0.0,79.43,988.846,8.69
R1569,San Sebastián,Ávila,0.0,38.11,474.472,4.316111111111111
R1570,San Sebastián,Badajoz,0.0,60.03,747.282,6.804722222222222
R1571,San Sebastián,Barcelona,0.0,45.85,570.851,5.115833333333334
R1572,San Sebastián,Bilbao,0.0,8.19,101.99,1.043611111111111
R1573,San Sebastián,Burgos,0.0,17.15,213.449,1.9961111111111112
R1574,San Sebastián,Cáceres,0.0,52.99,659.672,5.853055555555556
R1575,San Sebastián,Cádiz,0.0,83.15,1035.182,9.053055555555556
R1576,San Sebastián,Castellón de la Plana,0.0,46.4,577.624,5.337777777777778
R1577,San Sebastián,Ciudad Real,0.0,53.12,661.327,6.009722222222222
R1578,San Sebastián,Córdoba,0.0,68.43,851.934,7.68
R1579,San Sebastián,Cuenca,0.0,42.97,534.998,5.532777777777778
R1580,San Sebastián,Girona,0.0,51.1,636.208,5.319444444444445
R1581,San Sebastián,Granada,0.0,70.39,876.328,7.782777777777778
R1582,San Sebastián,Guadalajara,0.0,34.71,432.066,4.145833333333333
R1583,San Sebastián,Huelva,0.0,80.34,1000.16,8.67388888888889
R1584,San Sebastián,Huesca,0.0,19.66,244.699,2.6533333333333333
R1585,San Sebastián,Jaén,0.0,63.35,788.664,7.029722222222222
R1586,San Sebastián,León,0.0,31.05,386.572,3.450277777777778
R1587,San Sebastián,Lleida,0.0,32.93,409.936,3.6902777777777778
R1588,San Sebastián,Logroño,0.0,13.66,170.067,1.6577777777777778
R1589,San Sebastián,Lugo,0.0,48.68,606.005,5.3180555555555555
R1590,San Sebastián,Madrid,0.0,36.33,452.297,4.128611111111111
R1591,San Sebastián,Málaga,0.0,79.18,985.765,9.524166666666666
R1592,San Sebastián,Murcia,0.0,64.01,796.863,7.122222222222222
R1593,San Sebastián,Ourense,0.0,53.62,667.507,5.9447222222222225
R1594,San Sebastián,Oviedo,0.0,31.11,387.359,3.608888888888889
R1595,San Sebastián,Palencia,0.0,24.21,301.378,2.7830555555555554
R1596,San Sebastián,Pamplona,0.0,6.59,82.015,0.9097222222222222
R1597,San Sebastián,Pontevedra,0.0,60.63,754.791,7.028888888888889
R1598,San Sebastián,Salamanca,0.0,36.25,451.305,4.049722222222222
R1599,San Sebastián,Santander,0.0,15.91,198.053,1.9669444444444444
R1600,San Sebastián,Segovia,0.0,32.73,407.488,3.8777777777777778
R1601,San Sebastián,Sevilla,0.0,73.58,915.972,7.963611111111111
R1602,San Sebastián,Soria,0.0,20.67,257.338,2.6038888888888887
R1603,San Sebastián,Tarragona,0.0,39.57,492.669,4.488611111111111
R1604,San Sebastián,Teruel,0.0,34.86,433.945,3.9383333333333335
R1605,San Sebastián,Toledo,0.0,43.11,536.648,4.816944444444444
R1606,San Sebastián,Valencia,0.0,45.94,571.867,5.185
R1607,San Sebastián,Valladolid,0.0,27.0,336.117,3.0719444444444446
R1608,San Sebastián,Vitoria-Gasteiz,0.0,8.35,103.915,1.071388888888889
R1609,San Sebastián,Zamora,0.0,35.53,442.322,4.092777777777778
R1610,San Sebastián,Zaragoza,0.0,21.23,264.348,2.5091666666666668
R1611,Santander,A Coruña,0.0,37.04,461.108,4.110277777777778
R1612,Santander,Albacete,0.0,56.17,699.272,6.187777777777778
R1613,Santander,Alicante,0.0,69.36,863.43,7.586944444444445
R1614,Santander,Almería,0.0,80.57,1003.066,9.001944444444444
R1615,Santander,Ávila,0.0,30.98,385.732,3.538611111111111
R1616,Santander,Badajoz,0.0,52.9,658.546,6.027222222222222
R1617,Santander,Barcelona,0.0,56.94,708.895,6.270277777777777
R1618,Santander,Bilbao,0.0,8.28,103.139,1.1088888888888888
R1619,Santander,Burgos,0.0,14.63,182.082,1.9230555555555555
R1620,Santander,Cáceres,0.0,45.86,570.931,5.075555555555556
R1621,Santander,Cádiz,0.0,76.02,946.455,8.275833333333333
R1622,Santander,Castellón de la Plana,0.0,57.49,715.668,6.4925
R1623,Santander,Ciudad Real,0.0,51.46,640.694,5.900277777777778
R1624,Santander,Córdoba,0.0,68.58,853.825,7.6786111111111115
R1625,Santander,Cuenca,0.0,49.06,610.829,5.504722222222222
R1626,Santander,Girona,0.0,62.22,774.644,6.855277777777777
R1627,Santander,Granada,0.0,70.54,878.222,7.781944444444444
R1628,Santander,Guadalajara,0.0,38.47,478.973,4.338333333333333
R1629,Santander,Huelva,0.0,73.21,911.434,7.8966666666666665
R1630,Santander,Huesca,0.0,33.43,416.142,4.206944444444445
R1631,Santander,Jaén,0.0,63.5,790.548,7.028888888888889
R1632,Santander,León,0.0,21.21,264.012,2.3980555555555556
R1633,Santander,Lleida,0.0,44.02,547.993,4.845
R1634,Santander,Logroño,0.0,18.94,235.801,2.266111111111111
R1635,Santander,Lugo,0.0,33.52,417.36,3.7708333333333335
R1636,Santander,Madrid,0.0,36.48,454.193,4.1275
R1637,Santander,Málaga,0.0,79.33,987.657,9.523333333333333
R1638,Santander,Murcia,0.0,67.61,841.725,7.440277777777778
R1639,Santander,Ourense,0.0,43.77,544.956,4.892222222222222
R1640,Santander,Oviedo,0.0,16.12,200.678,1.8805555555555555
R1641,Santander,Palencia,0.0,16.14,200.945,1.875
R1642,Santander,Pamplona,0.0,20.36,253.475,2.463611111111111
R1643,Santander,Pontevedra,0.0,44.91,559.141,5.1975
R1644,Santander,Salamanca,0.0,29.12,362.574,3.272222222222222
R1645,Santander,San Sebastián,0.0,15.98,198.903,2.0375
R1646,Santander,Segovia,0.0,28.94,360.272,3.283611111111111
R1647,Santander,Sevilla,0.0,66.45,827.242,7.186388888888889
R1648,Santander,Soria,0.0,25.68,319.759,3.2519444444444443
R1649,Santander,Tarragona,0.0,50.66,630.716,5.6433333333333335
R1650,Santander,Teruel,0.0,45.94,571.978,5.093055555555556
R1651,Santander,Toledo,0.0,43.26,538.55,4.815833333333333
R1652,Santander,Valencia,0.0,57.02,709.908,6.339444444444444
R1653,Santander,Valladolid,0.0,19.87,247.366,2.2944444444444443
R1654,Santander,Vitoria-Gasteiz,0.0,13.06,162.564,1.6675
R1655,Santander,Zamora,0.0,28.4,353.584,3.315
R1656,Santander,Zaragoza,0.0,32.32,402.39,3.663611111111111
R1657,Segovia,A Coruña,0.0,61.85,770.024,6.802222222222222
R1658,Segovia,Albacete,0.0,29.33,365.196,3.285833333333333
R1659,Segovia,Alicante,0.0,42.52,529.351,4.684166666666667
R1660,Segovia,Almería,0.0,51.07,635.814,5.850833333333333
R1661,Segovia,Ávila,0.0,5.9,73.494,0.8830555555555556
R1662,Segovia,Badajoz,0.0,38.11,474.47,4.193333333333333
R1663,Segovia,Barcelona,0.0,52.21,650.008,6.489166666666667
R1664,Segovia,Bilbao,0.0,28.35,352.944,3.345833333333333
R1665,Segovia,Burgos,0.0,15.97,198.817,1.9775
R1666,Segovia,Cáceres,0.0,28.2,351.066,3.488611111111111
R1667,Segovia,Cádiz,0.0,58.1,723.327,6.378055555555555
R1668,Segovia,Castellón de la Plana,0.0,43.22,538.111,4.827222222222222
R1669,Segovia,Ciudad Real,0.0,22.3,277.648,2.7830555555555554
R1670,Segovia,Córdoba,0.0,39.08,486.573,4.527222222222222
R1671,Segovia,Cuenca,0.0,21.12,262.967,2.576388888888889
R1672,Segovia,Girona,0.0,57.49,715.757,7.074166666666667
R1673,Segovia,Granada,0.0,41.04,510.97,4.6305555555555555
R1674,Segovia,Guadalajara,0.0,12.31,153.21,1.61
R1675,Segovia,Huelva,0.0,55.29,688.306,5.998888888888889
R1676,Segovia,Huesca,0.0,33.47,416.738,4.49
R1677,Segovia,Jaén,0.0,34.0,423.296,3.8775
R1678,Segovia,León,0.0,22.87,284.718,2.7333333333333334
R1679,Segovia,Lleida,0.0,39.29,489.105,5.063888888888889
R1680,Segovia,Logroño,0.0,25.29,314.879,3.2125
R1681,Segovia,Lugo,0.0,36.9,459.326,3.9947222222222223
R1682,Segovia,Madrid,7.6,7.63,95.034,1.0625
R1683,Segovia,Málaga,0.0,49.83,620.405,6.371944444444445
R1684,Segovia,Murcia,0.0,40.78,507.646,4.5375
R1685,Segovia,Ourense,0.0,36.93,459.736,4.170555555555556
R1686,Segovia,Oviedo,16.2,32.59,405.716,3.6630555555555557
R1687,Segovia,Palencia,0.0,13.01,161.974,1.5583333333333333
R1688,Segovia,Pamplona,0.0,32.46,404.143,3.7933333333333334
R1689,Segovia,Pontevedra,0.0,43.94,547.02,5.254444444444444
R1690,Segovia,Salamanca,0.0,12.2,151.929,1.7097222222222221
R1691,Segovia,San Sebastián,0.0,32.78,408.088,3.8627777777777776
R1692,Segovia,Santander,0.0,28.88,359.507,3.26
R1693,Segovia,Sevilla,0.0,48.53,604.114,5.288611111111111
R1694,Segovia,Soria,0.0,15.25,189.895,2.1841666666666666
R1695,Segovia,Tarragona,0.0,45.93,571.829,5.862222222222222
R1696,Segovia,Teruel,0.0,31.92,397.405,4.063611111111111
R1697,Segovia,Toledo,0.0,12.95,161.215,1.573888888888889
R1698,Segovia,Valencia,0.0,37.35,464.995,4.183055555555556
R1699,Segovia,Valladolid,0.0,9.38,116.813,1.1677777777777778
R1700,Segovia,Vitoria-Gasteiz,0.0,24.75,308.115,2.971111111111111
R1701,Segovia,Zamora,0.0,17.66,219.81,2.1825
R1702,Segovia,Zaragoza,0.0,27.59,343.511,3.8827777777777777
R1703,Sevilla,A Coruña,0.0,74.5,927.458,7.921944444444445
R1704,Sevilla,Albacete,0.0,39.22,488.283,4.8805555555555555
R1705,Sevilla,Alicante,0.0,48.68,605.995,5.6275
R1706,Sevilla,Almería,0.0,33.44,416.33,3.863888888888889
R1707,Sevilla,Ávila,0.0,41.26,513.685,4.809722222222222
R1708,Sevilla,Badajoz,0.0,16.66,207.432,2.120833333333333
R1709,Sevilla,Barcelona,0.0,83.9,1044.463,9.301944444444445
R1710,Sevilla,Bilbao,0.0,69.06,859.799,7.4255555555555555
R1711,Sevilla,Burgos,0.0,56.7,705.882,6.064722222222223
R1712,Sevilla,Cáceres,0.0,20.69,257.556,2.3627777777777776
R1713,Sevilla,Cádiz,0.0,9.92,123.536,1.2438888888888888
R1714,Sevilla,Castellón de la Plana,0.0,76.77,955.8,8.289444444444445
R1715,Sevilla,Ciudad Real,0.0,33.0,410.866,3.8336111111111113
R1716,Sevilla,Córdoba,0.0,11.69,145.547,1.5086111111111111
R1717,Sevilla,Cuenca,0.0,55.74,693.881,6.062777777777778
R1718,Sevilla,Girona,0.0,91.33,1136.996,10.019722222222223
R1719,Sevilla,Granada,0.0,20.86,259.746,2.5855555555555556
R1720,Sevilla,Guadalajara,0.0,47.26,588.328,5.122777777777777
R1721,Sevilla,Huelva,0.0,7.3,90.869,0.8794444444444445
R1722,Sevilla,Huesca,0.0,73.65,916.955,7.996944444444445
R1723,Sevilla,Jaén,0.0,20.61,256.567,2.543888888888889
R1724,Sevilla,León,0.0,53.7,668.549,5.791111111111111
R1725,Sevilla,Lleida,0.0,80.03,996.296,8.620833333333334
R1726,Sevilla,Logroño,0.0,68.78,856.282,7.687777777777778
R1727,Sevilla,Lugo,0.0,66.8,831.563,7.1075
R1728,Sevilla,Madrid,0.0,42.78,532.587,4.675277777777778
R1729,Sevilla,Málaga,0.0,17.27,215.022,2.8872222222222224
R1730,Sevilla,Murcia,0.0,42.86,533.536,5.0344444444444445
R1731,Sevilla,Ourense,0.0,69.7,867.749,7.591111111111111
R1732,Sevilla,Oviedo,16.2,62.49,777.953,6.775833333333333
R1733,Sevilla,Palencia,0.0,50.43,627.772,5.438888888888889
R1734,Sevilla,Pamplona,0.0,73.18,911.0,7.873055555555555
R1735,Sevilla,Pontevedra,0.0,62.65,779.924,7.585
R1736,Sevilla,Salamanca,0.0,36.85,458.706,4.0136111111111115
R1737,Sevilla,San Sebastián,0.0,73.49,914.943,7.9425
R1738,Sevilla,Santander,0.0,66.29,825.315,7.139722222222222
R1739,Sevilla,Segovia,0.0,48.48,603.498,5.300833333333333
R1740,Sevilla,Soria,0.0,60.86,757.66,6.570833333333334
R1741,Sevilla,Tarragona,0.0,76.58,953.411,8.446666666666667
R1742,Sevilla,Teruel,0.0,59.47,740.36,6.918611111111111
R1743,Sevilla,Toledo,0.0,39.77,495.166,4.3475
R1744,Sevilla,Valencia,0.0,56.42,702.444,6.338888888888889
R1745,Sevilla,Valladolid,0.0,46.73,581.823,5.066111111111111
R1746,Sevilla,Vitoria-Gasteiz,0.0,65.46,814.97,7.050833333333333
R1747,Sevilla,Zamora,0.0,42.79,532.767,4.824722222222222
R1748,Sevilla,Zaragoza,0.0,68.18,848.813,7.438055555555556
R1749,Soria,A Coruña,0.0,50.61,630.068,5.980833333333333
R1750,Soria,Albacete,0.0,36.4,453.156,4.081666666666667
R1751,Soria,Alicante,0.0,44.43,553.127,5.3180555555555555
R1752,Soria,Almería,0.0,63.26,787.501,6.895
R1753,Soria,Ávila,0.0,20.97,261.1,2.9588888888888887
R1754,Soria,Badajoz,0.0,51.01,635.047,5.525277777777778
R1755,Soria,Barcelona,0.0,37.02,460.849,4.333333333333333
R1756,Soria,Bilbao,0.0,17.87,222.439,2.308333333333333
R1757,Soria,Burgos,0.0,11.51,143.307,1.7547222222222223
R1758,Soria,Cáceres,0.0,42.81,532.915,4.689166666666667
R1759,Soria,Cádiz,0.0,69.66,867.17,7.739722222222222
R1760,Soria,Castellón de la Plana,0.0,29.92,372.434,3.8933333333333335
R1761,Soria,Ciudad Real,0.0,34.16,425.277,3.9183333333333334
R1762,Soria,Córdoba,0.0,49.47,615.876,5.588333333333333
R1763,Soria,Cuenca,0.0,24.54,305.476,3.1569444444444446
R1764,Soria,Girona,0.0,42.3,526.598,4.918333333333333
R1765,Soria,Granada,0.0,51.43,640.273,5.691666666666666
R1766,Soria,Guadalajara,0.0,13.73,170.912,1.5775
R1767,Soria,Huelva,0.0,68.19,848.883,7.330555555555556
R1768,Soria,Huesca,0.0,18.28,227.576,2.3341666666666665
R1769,Soria,Jaén,0.0,44.59,555.096,4.961944444444445
R1770,Soria,León,0.0,25.13,312.878,3.198888888888889
R1771,Soria,Lleida,0.0,24.09,299.942,2.9080555555555554
R1772,Soria,Logroño,0.0,8.13,101.21,1.218611111111111
R1773,Soria,Lugo,0.0,42.76,532.326,5.066944444444444
R1774,Soria,Madrid,0.0,18.31,227.896,2.1241666666666665
R1775,Soria,Málaga,0.0,60.22,749.708,7.433055555555556
R1776,Soria,Murcia,0.0,47.84,595.611,5.333888888888889
R1777,Soria,Ourense,0.0,44.52,554.243,5.358333333333333
R1778,Soria,Oviedo,16.2,34.81,433.393,4.300277777777778
R1779,Soria,Palencia,0.0,16.49,205.302,2.2936111111111113
R1780,Soria,Pamplona,0.0,14.01,174.364,1.8183333333333334
R1781,Soria,Pontevedra,0.0,51.53,641.527,6.4425
R1782,Soria,Salamanca,0.0,25.97,323.307,3.3275
R1783,Soria,San Sebastián,0.0,20.8,258.913,2.6108333333333333
R1784,Soria,Santander,0.0,25.66,319.413,3.225
R1785,Soria,Segovia,0.0,15.27,190.078,2.203611111111111
R1786,Soria,Sevilla,0.0,61.42,764.691,6.620277777777778
R1787,Soria,Tarragona,0.0,30.74,382.67,3.706111111111111
R1788,Soria,Teruel,0.0,18.37,228.75,2.4966666666666666
R1789,Soria,Toledo,0.0,24.15,300.594,2.7255555555555557
R1790,Soria,Valencia,0.0,29.45,366.667,3.7402777777777776
R1791,Soria,Valladolid,0.0,16.99,211.489,2.3644444444444446
R1792,Soria,Vitoria-Gasteiz,0.0,14.19,176.629,1.9505555555555556
R1793,Soria,Zamora,0.0,25.25,314.319,3.370277777777778
R1794,Soria,Zaragoza,0.0,12.4,154.338,1.7266666666666666
R1795,Tarragona,A Coruña,0.0,81.58,1015.594,8.778333333333334
R1796,Tarragona,Albacete,0.0,33.75,420.226,4.019722222222223
R1797,Tarragona,Alicante,0.0,35.8,445.682,3.955
R1798,Tarragona,Almería,0.0,54.31,676.119,5.875277777777778
R1799,Tarragona,Ávila,0.0,52.94,659.043,5.913611111111111
R1800,Tarragona,Badajoz,0.0,76.27,949.457,8.228333333333333
R1801,Tarragona,Barcelona,0.0,7.74,96.369,1.0483333333333333
R1802,Tarragona,Bilbao,0.0,42.71,531.758,4.626111111111111
R1803,Tarragona,Burgos,0.0,42.34,527.134,4.642777777777778
R1804,Tarragona,Cáceres,0.0,68.06,847.325,7.3925
R1805,Tarragona,Cádiz,0.0,82.22,1023.627,9.003055555555555
R1806,Tarragona,Castellón de la Plana,0.0,15.2,189.171,1.8247222222222221
R1807,Tarragona,Ciudad Real,0.0,48.4,602.599,5.246666666666667
R1808,Tarragona,Córdoba,0.0,62.04,772.333,6.851666666666667
R1809,Tarragona,Cuenca,0.0,37.77,470.206,4.4425
R1810,Tarragona,Girona,0.0,15.17,188.9,1.7663888888888888
R1811,Tarragona,Granada,0.0,76.68,954.683,8.395
R1812,Tarragona,Guadalajara,0.0,38.98,485.324,4.280833333333334
R1813,Tarragona,Huelva,0.0,92.88,1156.276,10.016944444444444
R1814,Tarragona,Huesca,0.0,17.28,215.082,2.11
R1815,Tarragona,Jaén,0.0,56.95,709.056,6.201944444444444
R1816,Tarragona,León,0.0,56.25,700.251,6.095833333333333
R1817,Tarragona,Lleida,0.0,7.85,97.729,0.9566666666666667
R1818,Tarragona,Logroño,0.0,32.03,398.763,3.4905555555555554
R1819,Tarragona,Lugo,0.0,73.87,919.699,7.963888888888889
R1820,Tarragona,Madrid,0.0,43.6,542.831,4.831388888888889
R1821,Tarragona,Málaga,0.0,85.48,1064.118,10.136388888888888
R1822,Tarragona,Murcia,0.0,38.9,484.23,4.314444444444445
R1823,Tarragona,Ourense,0.0,78.81,981.184,8.590277777777779
R1824,Tarragona,Oviedo,0.0,65.93,820.766,7.197222222222222
R1825,Tarragona,Palencia,0.0,49.21,612.689,5.379166666666666
R1826,Tarragona,Pamplona,0.0,32.81,408.409,3.6302777777777777
R1827,Tarragona,Pontevedra,0.0,85.82,1068.468,9.674166666666666
R1828,Tarragona,Salamanca,0.0,60.87,757.824,6.7316666666666665
R1829,Tarragona,San Sebastián,0.0,39.6,492.961,4.421666666666667
R1830,Tarragona,Santander,0.0,50.5,628.73,5.542777777777777
R1831,Tarragona,Segovia,0.0,51.15,636.812,5.726666666666667
R1832,Tarragona,Sevilla,0.0,86.68,1079.101,9.323611111111111
R1833,Tarragona,Soria,0.0,30.7,382.154,3.6502777777777777
R1834,Tarragona,Teruel,0.0,27.1,337.4,3.109166666666667
R1835,Tarragona,Toledo,0.0,49.4,615.006,5.4286111111111115
R1836,Tarragona,Valencia,0.0,20.87,259.797,2.3825
R1837,Tarragona,Valladolid,0.0,52.19,649.784,5.717222222222222
R1838,Tarragona,Vitoria-Gasteiz,0.0,39.03,485.948,4.2683333333333335
R1839,Tarragona,Zamora,0.0,60.73,755.995,6.737777777777778
R1840,Tarragona,Zaragoza,0.0,18.74,233.274,2.175
R1841,Teruel,A Coruña,0.0,68.99,858.94,8.345
R1842,Teruel,Albacete,0.0,18.42,229.351,2.6519444444444447
R1843,Teruel,Alicante,0.0,26.33,327.779,3.0116666666666667
R1844,Teruel,Almería,0.0,44.84,558.245,4.932777777777778
R1845,Teruel,Ávila,0.0,33.8,420.825,4.279166666666667
R1846,Teruel,Badajoz,0.0,57.24,712.601,6.658611111111111
R1847,Teruel,Barcelona,0.0,34.14,425.047,3.933333333333333
R1848,Teruel,Bilbao,0.0,38.26,476.34,4.1975
R1849,Teruel,Burgos,0.0,41.29,513.987,4.931111111111111
R1850,Teruel,Cáceres,0.0,49.04,610.472,5.823333333333333
R1851,Teruel,Cádiz,0.0,65.17,811.358,7.453888888888889
R1852,Teruel,Castellón de la Plana,0.0,11.81,147.074,1.5863888888888888
R1853,Teruel,Ciudad Real,0.0,31.35,390.335,3.6980555555555554
R1854,Teruel,Córdoba,0.0,44.99,560.066,5.302777777777778
R1855,Teruel,Cuenca,0.0,11.85,147.534,1.7247222222222223
R1856,Teruel,Girona,0.0,41.57,517.578,4.651111111111111
R1857,Teruel,Granada,0.0,46.95,584.46,5.405555555555556
R1858,Teruel,Guadalajara,0.0,19.85,247.105,2.6466666666666665
R1859,Teruel,Huelva,0.0,63.41,789.447,7.266666666666667
R1860,Teruel,Huesca,0.0,20.24,251.919,2.2730555555555556
R1861,Teruel,Jaén,0.0,40.25,501.042,4.726388888888889
R1862,Teruel,León,0.0,43.66,543.585,5.6625
R1863,Teruel,Lleida,0.0,21.72,270.383,3.0880555555555556
R1864,Teruel,Logroño,0.0,27.58,343.348,3.0619444444444444
R1865,Teruel,Lugo,0.0,64.96,808.673,7.4725
R1866,Teruel,Madrid,0.0,24.47,304.613,3.1972222222222224
R1867,Teruel,Málaga,0.0,60.33,751.036,7.485555555555556
R1868,Teruel,Murcia,0.0,29.42,366.324,3.371111111111111
R1869,Teruel,Ourense,0.0,64.99,809.079,7.648611111111111
R1870,Teruel,Oviedo,16.2,61.26,762.62,6.756388888888889
R1871,Teruel,Palencia,0.0,33.71,419.66,4.6947222222222225
R1872,Teruel,Pamplona,0.0,28.35,352.994,3.2016666666666667
R1873,Teruel,Pontevedra,0.0,72.0,896.364,8.7325
R1874,Teruel,Salamanca,0.0,41.74,519.605,5.0975
R1875,Teruel,San Sebastián,0.0,35.15,437.546,3.9930555555555554
R1876,Teruel,Santander,0.0,46.05,573.316,5.114166666666667
R1877,Teruel,Segovia,0.0,32.02,398.6,4.092222222222222
R1878,Teruel,Sevilla,0.0,55.99,697.027,6.495555555555556
R1879,Teruel,Soria,0.0,18.45,229.735,2.524722222222222
R1880,Teruel,Tarragona,0.0,26.85,334.22,3.0855555555555556
R1881,Teruel,Toledo,0.0,26.52,330.116,3.54
R1882,Teruel,Valencia,0.0,11.35,141.321,1.4336111111111112
R1883,Teruel,Valladolid,0.0,34.21,425.842,4.765555555555555
R1884,Teruel,Vitoria-Gasteiz,0.0,34.58,430.533,3.839722222222222
R1885,Teruel,Zamora,0.0,45.72,569.152,5.660277777777778
R1886,Teruel,Zaragoza,0.0,14.4,179.238,1.6841666666666666
R1887,Toledo,A Coruña,0.0,53.66,668.046,5.802222222222222
R1888,Toledo,Albacete,0.0,20.71,257.86,2.328611111111111
R1889,Toledo,Alicante,0.0,33.36,415.322,3.8905555555555558
R1890,Toledo,Almería,0.0,39.57,492.619,4.5216666666666665
R1891,Toledo,Ávila,0.0,10.83,134.861,1.6527777777777777
R1892,Toledo,Badajoz,0.0,29.52,367.466,3.2708333333333335
R1893,Toledo,Barcelona,0.0,55.76,694.156,6.160833333333334
R1894,Toledo,Bilbao,0.0,38.7,481.754,4.286944444444444
R1895,Toledo,Burgos,0.0,26.32,327.658,2.918888888888889
R1896,Toledo,Cáceres,0.0,21.31,265.331,2.4355555555555557
R1897,Toledo,Cádiz,0.0,47.77,594.732,5.355555555555555
R1898,Toledo,Castellón de la Plana,0.0,35.64,443.713,4.105555555555555
R1899,Toledo,Ciudad Real,0.0,9.73,121.187,1.3902777777777777
R1900,Toledo,Córdoba,0.0,27.59,343.438,3.203888888888889
R1901,Toledo,Cuenca,0.0,14.65,182.333,1.8791666666666667
R1902,Toledo,Girona,0.0,61.04,759.903,6.745833333333334
R1903,Toledo,Granada,0.0,29.55,367.834,3.3069444444444445
R1904,Toledo,Guadalajara,0.0,10.62,132.26,1.2883333333333333
R1905,Toledo,Huelva,0.0,46.01,572.821,5.168333333333333
R1906,Toledo,Huesca,0.0,37.02,460.883,4.161944444444444
R1907,Toledo,Jaén,0.0,22.5,280.169,2.553888888888889
R1908,Toledo,León,0.0,32.86,409.134,3.671388888888889
R1909,Toledo,Lleida,0.0,42.83,533.243,4.735555555555556
R1910,Toledo,Logroño,0.0,32.15,400.21,3.8536111111111113
R1911,Toledo,Lugo,0.0,45.96,572.146,4.987777777777778
R1912,Toledo,Madrid,0.0,6.09,75.763,0.8577777777777778
R1913,Toledo,Málaga,0.0,38.34,477.27,5.048333333333333
R1914,Toledo,Murcia,0.0,32.16,400.325,3.5805555555555557
R1915,Toledo,Ourense,0.0,45.99,572.552,5.163888888888889
R1916,Toledo,Oviedo,16.2,41.65,518.538,4.655833333333334
R1917,Toledo,Palencia,0.0,26.25,326.744,2.976111111111111
R1918,Toledo,Pamplona,0.0,38.46,478.84,4.511388888888889
R1919,Toledo,Pontevedra,0.0,53.0,659.837,6.2475
R1920,Toledo,Salamanca,0.0,19.18,238.762,2.576388888888889
R1921,Toledo,San Sebastián,0.0,43.13,536.904,4.804166666666666
R1922,Toledo,Santander,0.0,42.11,524.293,4.677222222222222
R1923,Toledo,Segovia,0.0,13.02,162.069,1.6075
R1924,Toledo,Sevilla,0.0,39.93,497.101,4.366666666666666
R1925,Toledo,Soria,0.0,24.22,301.587,2.7358333333333333
R1926,Toledo,Tarragona,0.0,49.48,615.966,5.533611111111111
R1927,Toledo,Teruel,0.0,26.22,326.374,3.536111111111111
R1928,Toledo,Valencia,0.0,29.77,370.591,3.4608333333333334
R1929,Toledo,Valladolid,0.0,22.56,280.805,2.6033333333333335
R1930,Toledo,Vitoria-Gasteiz,0.0,35.1,436.928,3.9122222222222223
R1931,Toledo,Zamora,0.0,26.72,332.625,3.1752777777777776
R1932,Toledo,Zaragoza,0.0,31.55,392.741,3.6030555555555557
R1933,Valencia,A Coruña,0.0,78.03,971.448,8.428333333333333
R1934,Valencia,Albacete,0.0,14.96,186.24,1.7602777777777778
R1935,Valencia,Alicante,0.0,14.26,177.544,1.6905555555555556
R1936,Valencia,Almería,0.0,32.77,408.01,3.611666666666667
R1937,Valencia,Ávila,0.0,39.17,487.7,4.420555555555556
R1938,Valencia,Badajoz,0.0,60.77,756.549,6.595555555555555
R1939,Valencia,Barcelona,0.0,28.18,350.779,3.221111111111111
R1940,Valencia,Bilbao,0.0,59.88,745.468,6.5575
R1941,Valencia,Burgos,0.0,47.5,591.372,5.189444444444445
R1942,Valencia,Cáceres,0.0,52.25,650.453,5.73
R1943,Valencia,Cádiz,0.0,62.14,773.656,6.885833333333333
R1944,Valencia,Castellón de la Plana,0.0,6.58,81.869,0.9019444444444444
R1945,Valencia,Ciudad Real,0.0,28.33,352.636,3.1327777777777777
R1946,Valencia,Córdoba,0.0,41.96,522.365,4.7347222222222225
R1947,Valencia,Cuenca,0.0,16.0,199.162,2.0894444444444447
R1948,Valencia,Girona,0.0,35.61,443.309,3.9391666666666665
R1949,Valencia,Granada,0.0,38.4,478.094,4.3838888888888885
R1950,Valencia,Guadalajara,0.0,30.91,384.779,3.536388888888889
R1951,Valencia,Huelva,0.0,60.38,751.745,6.698611111111111
R1952,Valencia,Huesca,0.0,31.21,388.523,3.495
R1953,Valencia,Jaén,0.0,36.88,459.091,4.084444444444444
R1954,Valencia,León,0.0,57.23,712.536,6.2972222222222225
R1955,Valencia,Lleida,0.0,27.56,343.116,3.1280555555555556
R1956,Valencia,Logroño,0.0,38.55,479.942,4.283888888888889
R1957,Valencia,Lugo,0.0,69.14,860.783,7.5616666666666665
R1958,Valencia,Madrid,0.0,28.69,357.178,3.2425
R1959,Valencia,Málaga,0.0,48.26,600.801,6.164444444444444
R1960,Valencia,Murcia,0.0,17.36,216.089,2.05
R1961,Valencia,Ourense,0.0,70.36,875.954,7.789722222222222
R1962,Valencia,Oviedo,16.2,66.02,821.94,7.281944444444444
R1963,Valencia,Palencia,0.0,47.75,594.435,5.5441666666666665
R1964,Valencia,Pamplona,0.0,39.33,489.602,4.423611111111111
R1965,Valencia,Pontevedra,0.0,77.37,963.239,8.873611111111112
R1966,Valencia,Salamanca,0.0,45.92,571.715,5.186388888888889
R1967,Valencia,San Sebastián,0.0,46.12,574.14,5.215
R1968,Valencia,Santander,0.0,57.02,709.91,6.336111111111111
R1969,Valencia,Segovia,0.0,37.39,465.479,4.233333333333333
R1970,Valencia,Sevilla,0.0,52.96,659.325,5.927222222222222
R1971,Valencia,Soria,0.0,29.43,366.333,3.7466666666666666
R1972,Valencia,Tarragona,0.0,20.86,259.729,2.3658333333333332
R1973,Valencia,Teruel,0.0,11.65,145.005,1.4355555555555555
R1974,Valencia,Toledo,0.0,31.49,392.029,3.4844444444444442
R1975,Valencia,Valladolid,0.0,46.93,584.207,5.229166666666667
R1976,Valencia,Vitoria-Gasteiz,0.0,45.55,567.127,5.0616666666666665
R1977,Valencia,Zamora,0.0,51.09,636.027,5.801388888888889
R1978,Valencia,Zaragoza,0.0,25.37,315.843,2.906111111111111
R1979,Valladolid,A Coruña,0.0,35.75,445.112,3.8338888888888887
R1980,Valladolid,Albacete,0.0,38.9,484.329,4.294444444444444
R1981,Valladolid,Alicante,0.0,52.09,648.497,5.692777777777778
R1982,Valladolid,Almería,0.0,60.64,754.9,6.853611111111111
R1983,Valladolid,Ávila,0.0,11.39,141.834,1.4305555555555556
R1984,Valladolid,Badajoz,0.0,33.31,414.654,3.9191666666666665
R1985,Valladolid,Barcelona,0.0,58.58,729.341,6.416111111111111
R1986,Valladolid,Bilbao,0.0,22.55,280.688,2.5327777777777776
R1987,Valladolid,Burgos,0.0,10.18,126.761,1.1719444444444445
R1988,Valladolid,Cáceres,0.0,27.32,340.075,3.091111111111111
R1989,Valladolid,Cádiz,0.0,56.43,702.559,6.1675
R1990,Valladolid,Castellón de la Plana,0.0,52.79,657.264,5.837777777777778
R1991,Valladolid,Ciudad Real,0.0,31.87,396.787,3.7919444444444443
R1992,Valladolid,Córdoba,0.0,48.65,605.721,5.536111111111111
R1993,Valladolid,Cuenca,0.0,30.61,381.137,3.5794444444444444
R1994,Valladolid,Girona,0.0,63.87,795.088,7.001111111111111
R1995,Valladolid,Granada,0.0,50.61,630.115,5.638888888888889
R1996,Valladolid,Guadalajara,0.0,21.88,272.35,2.618888888888889
R1997,Valladolid,Huelva,0.0,53.62,667.538,5.788333333333333
R1998,Valladolid,Huesca,0.0,39.85,496.068,4.416944444444445
R1999,Valladolid,Jaén,0.0,43.57,542.45,4.886111111111111
R2000,Valladolid,León,0.0,11.08,137.895,1.6191666666666666
R2001,Valladolid,Lleida,0.0,45.66,568.428,4.990833333333334
R2002,Valladolid,Logroño,0.0,19.49,242.617,2.399722222222222
R2003,Valladolid,Lugo,0.0,28.05,349.212,3.0194444444444444
R2004,Valladolid,Madrid,0.0,17.2,214.17,2.071111111111111
R2005,Valladolid,Málaga,0.0,59.4,739.551,7.380277777777778
R2006,Valladolid,Murcia,0.0,50.35,626.789,5.546388888888889
R2007,Valladolid,Ourense,0.0,30.96,385.492,3.5330555555555554
R2008,Valladolid,Oviedo,16.2,20.77,258.598,2.7330555555555556
R2009,Valladolid,Palencia,0.0,3.91,48.646,0.5458333333333333
R2010,Valladolid,Pamplona,0.0,26.66,331.878,2.979722222222222
R2011,Valladolid,Pontevedra,0.0,35.09,436.903,4.279166666666667
R2012,Valladolid,Salamanca,0.0,9.53,118.676,1.1641666666666666
R2013,Valladolid,San Sebastián,0.0,26.98,335.841,3.0502777777777776
R2014,Valladolid,Santander,0.0,19.77,246.175,2.2472222222222222
R2015,Valladolid,Segovia,0.0,9.37,116.617,1.1616666666666666
R2016,Valladolid,Sevilla,0.0,46.86,583.343,5.078055555555555
R2017,Valladolid,Soria,0.0,16.99,211.556,2.3452777777777776
R2018,Valladolid,Tarragona,0.0,52.3,651.151,5.788888888888889
R2019,Valladolid,Teruel,0.0,34.12,424.736,4.7175
R2020,Valladolid,Toledo,0.0,22.52,280.361,2.582777777777778
R2021,Valladolid,Valencia,0.0,46.92,584.142,5.1930555555555555
R2022,Valladolid,Vitoria-Gasteiz,0.0,18.95,235.863,2.1580555555555554
R2023,Valladolid,Zamora,0.0,8.81,109.682,1.2069444444444444
R2024,Valladolid,Zaragoza,0.0,33.96,422.843,3.8097222222222222
R2025,Vitoria-Gasteiz,A Coruña,0.0,54.54,679.014,5.848333333333334
R2026,Vitoria-Gasteiz,Albacete,0.0,48.09,598.645,5.318333333333333
R2027,Vitoria-Gasteiz,Alicante,0.0,61.27,762.813,6.716666666666667
R2028,Vitoria-Gasteiz,Almería,0.0,72.48,902.389,8.126388888888888
R2029,Vitoria-Gasteiz,Ávila,0.0,30.18,375.744,3.444722222222222
R2030,Vitoria-Gasteiz,Badajoz,0.0,52.09,648.551,5.933611111111111
R2031,Vitoria-Gasteiz,Barcelona,0.0,45.5,566.472,4.983611111111111
R2032,Vitoria-Gasteiz,Bilbao,0.0,5.25,65.33,0.7372222222222222
R2033,Vitoria-Gasteiz,Burgos,0.0,9.22,114.727,1.125
R2034,Vitoria-Gasteiz,Cáceres,0.0,45.06,560.94,4.981944444444444
R2035,Vitoria-Gasteiz,Cádiz,0.0,75.41,938.796,8.223055555555556
R2036,Vitoria-Gasteiz,Castellón de la Plana,0.0,46.05,573.246,5.2058333333333335
R2037,Vitoria-Gasteiz,Ciudad Real,0.0,45.19,562.602,5.138333333333334
R2038,Vitoria-Gasteiz,Córdoba,0.0,60.5,753.21,6.808888888888889
R2039,Vitoria-Gasteiz,Cuenca,0.0,40.98,510.2,4.634722222222222
R2040,Vitoria-Gasteiz,Girona,0.0,50.78,632.219,5.568611111111111
R2041,Vitoria-Gasteiz,Granada,0.0,62.46,777.604,6.911666666666667
R2042,Vitoria-Gasteiz,Guadalajara,0.0,27.82,346.39,3.4430555555555555
R2043,Vitoria-Gasteiz,Huelva,0.0,72.6,903.775,7.8438888888888885
R2044,Vitoria-Gasteiz,Huesca,0.0,20.92,260.403,2.741111111111111
R2045,Vitoria-Gasteiz,Jaén,0.0,55.42,689.939,6.158611111111111
R2046,Vitoria-Gasteiz,León,0.0,23.12,287.847,2.5791666666666666
R2047,Vitoria-Gasteiz,Lleida,0.0,33.18,413.074,3.6755555555555555
R2048,Vitoria-Gasteiz,Logroño,0.0,5.03,62.61,0.9183333333333333
R2049,Vitoria-Gasteiz,Lugo,0.0,40.75,507.3,4.447222222222222
R2050,Vitoria-Gasteiz,Madrid,0.0,28.4,353.569,3.2575
R2051,Vitoria-Gasteiz,Málaga,0.0,71.25,887.04,8.653055555555556
R2052,Vitoria-Gasteiz,Murcia,0.0,59.53,741.105,6.570277777777778
R2053,Vitoria-Gasteiz,Ourense,0.0,45.69,568.783,5.074166666666667
R2054,Vitoria-Gasteiz,Oviedo,0.0,28.24,351.62,3.2955555555555556
R2055,Vitoria-Gasteiz,Palencia,0.0,16.09,200.3,1.8627777777777779
R2056,Vitoria-Gasteiz,Pamplona,0.0,7.85,97.725,0.9988888888888889
R2057,Vitoria-Gasteiz,Pontevedra,0.0,53.88,670.805,6.293611111111111
R2058,Vitoria-Gasteiz,Salamanca,0.0,28.32,352.575,3.1783333333333332
R2059,Vitoria-Gasteiz,San Sebastián,0.0,8.23,102.508,1.0788888888888888
R2060,Vitoria-Gasteiz,Santander,0.0,13.04,162.304,1.6533333333333333
R2061,Vitoria-Gasteiz,Segovia,0.0,24.8,308.759,3.006388888888889
R2062,Vitoria-Gasteiz,Sevilla,0.0,65.83,819.58,7.133611111111111
R2063,Vitoria-Gasteiz,Soria,0.0,14.25,177.351,1.9666666666666666
R2064,Vitoria-Gasteiz,Tarragona,0.0,39.22,488.282,4.356388888888889
R2065,Vitoria-Gasteiz,Teruel,0.0,34.5,429.556,3.806388888888889
R2066,Vitoria-Gasteiz,Toledo,0.0,35.18,437.925,3.9458333333333333
R2067,Vitoria-Gasteiz,Valencia,0.0,45.58,567.483,5.0525
R2068,Vitoria-Gasteiz,Valladolid,0.0,19.07,237.395,2.200833333333333
R2069,Vitoria-Gasteiz,Zamora,0.0,27.6,343.593,3.221388888888889
R2070,Vitoria-Gasteiz,Zaragoza,0.0,20.88,259.967,2.3769444444444443
R2071,Zamora,A Coruña,0.0,32.62,406.078,3.641388888888889
R2072,Zamora,Albacete,0.0,43.04,535.88,4.8525
R2073,Zamora,Alicante,0.0,56.23,700.048,6.250555555555556
R2074,Zamora,Almería,0.0,64.78,806.449,7.411388888888889
R2075,Zamora,Ávila,0.0,14.65,182.431,1.8744444444444444
R2076,Zamora,Badajoz,0.0,29.34,365.3,3.6758333333333333
R2077,Zamora,Barcelona,0.0,67.21,836.772,7.455555555555556
R2078,Zamora,Bilbao,0.0,31.18,388.114,3.5719444444444446
R2079,Zamora,Burgos,0.0,18.81,234.191,2.211388888888889
R2080,Zamora,Cáceres,0.0,22.31,277.687,2.7241666666666666
R2081,Zamora,Cádiz,0.0,52.47,653.205,5.924444444444444
R2082,Zamora,Castellón de la Plana,0.0,56.93,708.805,6.393888888888889
R2083,Zamora,Ciudad Real,0.0,36.01,448.339,4.349722222222222
R2084,Zamora,Córdoba,0.0,47.4,590.16,5.898055555555556
R2085,Zamora,Cuenca,0.0,35.94,447.433,4.1691666666666665
R2086,Zamora,Girona,0.0,72.5,902.523,8.040555555555555
R2087,Zamora,Granada,0.0,54.75,681.663,6.196944444444444
R2088,Zamora,Guadalajara,0.0,26.02,323.898,3.1766666666666667
R2089,Zamora,Huelva,0.0,49.66,618.181,5.545
R2090,Zamora,Huesca,0.0,48.48,603.505,5.456388888888889
R2091,Zamora,Jaén,0.0,47.71,593.999,5.443888888888889
R2092,Zamora,León,0.0,11.82,147.168,1.5105555555555557
R2093,Zamora,Lleida,0.0,55.29,688.274,6.168611111111111
R2094,Zamora,Logroño,0.0,28.12,350.049,3.4391666666666665
R2095,Zamora,Lugo,0.0,24.92,310.18,2.8269444444444445
R2096,Zamora,Madrid,0.0,21.34,265.721,2.629166666666667
R2097,Zamora,Málaga,0.0,60.33,751.124,7.581388888888889
R2098,Zamora,Murcia,0.0,54.49,678.34,6.104166666666667
R2099,Zamora,Ourense,0.0,21.39,266.305,2.832222222222222
R2100,Zamora,Oviedo,16.2,20.61,256.581,2.495
R2101,Zamora,Palencia,0.0,12.54,156.088,1.5852777777777778
R2102,Zamora,Pamplona,0.0,35.29,439.318,4.019722222222223
R2103,Zamora,Pontevedra,0.0,28.4,353.589,3.9163888888888887
R2104,Zamora,Salamanca,0.0,5.93,73.785,0.9566666666666667
R2105,Zamora,San Sebastián,0.0,35.61,443.262,4.089166666666666
R2106,Zamora,Santander,0.0,28.41,353.627,3.286111111111111
R2107,Zamora,Segovia,0.0,17.65,219.717,2.1655555555555557
R2108,Zamora,Sevilla,0.0,42.89,533.996,4.835
R2109,Zamora,Soria,0.0,25.23,314.116,3.345
R2110,Zamora,Tarragona,0.0,59.98,746.716,6.879444444444444
R2111,Zamora,Teruel,0.0,45.63,568.093,5.630833333333333
R2112,Zamora,Toledo,0.0,26.66,331.91,3.1405555555555558
R2113,Zamora,Valencia,0.0,51.06,635.689,5.749722222222222
R2114,Zamora,Valladolid,0.0,8.85,110.138,1.2127777777777777
R2115,Zamora,Vitoria-Gasteiz,0.0,27.57,343.288,3.1972222222222224
R2116,Zamora,Zaragoza,0.0,42.59,530.271,4.849166666666667
R2117,Zaragoza,A Coruña,0.0,63.35,788.711,6.870555555555556
R2118,Zaragoza,Albacete,0.0,32.6,405.87,4.177222222222222
R2119,Zaragoza,Alicante,0.0,40.34,502.151,4.459444444444444
R2120,Zaragoza,Almería,0.0,58.85,732.614,6.380277777777778
R2121,Zaragoza,Ávila,0.0,34.73,432.392,4.020555555555555
R2122,Zaragoza,Badajoz,0.0,58.06,722.811,6.334722222222222
R2123,Zaragoza,Barcelona,0.0,25.01,311.4,2.8513888888888888
R2124,Zaragoza,Bilbao,0.0,24.49,304.862,2.7183333333333333
R2125,Zaragoza,Burgos,0.0,24.12,300.242,2.735
R2126,Zaragoza,Cáceres,0.0,49.86,620.679,5.499444444444444
R2127,Zaragoza,Cádiz,0.0,76.7,954.929,8.549722222222222
R2128,Zaragoza,Castellón de la Plana,0.0,25.82,321.454,3.0347222222222223
R2129,Zaragoza,Ciudad Real,0.0,41.21,513.031,4.7283333333333335
R2130,Zaragoza,Córdoba,0.0,56.52,703.637,6.398611111111111
R2131,Zaragoza,Cuenca,0.0,26.11,325.012,3.266111111111111
R2132,Zaragoza,Girona,0.0,30.3,377.158,3.4363888888888887
R2133,Zaragoza,Granada,0.0,58.48,728.031,6.501388888888889
R2134,Zaragoza,Guadalajara,0.0,20.78,258.695,2.388333333333333
R2135,Zaragoza,Huelva,0.0,75.24,936.64,8.140555555555556
R2136,Zaragoza,Huesca,0.0,6.12,76.15,0.7847222222222222
R2137,Zaragoza,Jaén,0.0,51.44,640.367,5.748333333333333
R2138,Zaragoza,León,0.0,38.02,473.369,4.1883333333333335
R2139,Zaragoza,Lleida,0.0,12.09,150.494,1.426111111111111
R2140,Zaragoza,Logroño,0.0,13.81,171.872,1.5827777777777778
R2141,Zaragoza,Lugo,0.0,55.65,692.805,6.056111111111111
R2142,Zaragoza,Madrid,0.0,25.4,316.177,2.9383333333333335
R2143,Zaragoza,Málaga,0.0,67.27,837.468,8.242777777777778
R2144,Zaragoza,Murcia,0.0,43.43,540.701,4.819166666666667
R2145,Zaragoza,Ourense,0.0,60.59,754.293,6.682777777777778
R2146,Zaragoza,Oviedo,0.0,47.7,593.881,5.289166666666667
R2147,Zaragoza,Palencia,0.0,30.99,385.807,3.4716666666666667
R2148,Zaragoza,Pamplona,0.0,14.58,181.514,1.7222222222222223
R2149,Zaragoza,Pontevedra,0.0,67.6,841.576,7.766666666666667
R2150,Zaragoza,Salamanca,0.0,43.22,538.096,4.787222222222222
R2151,Zaragoza,San Sebastián,0.0,21.37,266.074,2.513888888888889
R2152,Zaragoza,Santander,0.0,32.28,401.827,3.635
R2153,Zaragoza,Segovia,0.0,27.82,346.351,3.8880555555555554
R2154,Zaragoza,Sevilla,0.0,68.47,852.455,7.430555555555555
R2155,Zaragoza,Soria,0.0,12.47,155.272,1.7427777777777778
R2156,Zaragoza,Tarragona,0.0,18.73,233.222,2.2244444444444444
R2157,Zaragoza,Teruel,0.0,14.28,177.763,1.6355555555555557
R2158,Zaragoza,Toledo,0.0,31.19,388.353,3.5355555555555553
R2159,Zaragoza,Valencia,0.0,25.36,315.697,2.881666666666667
R2160,Zaragoza,Valladolid,0.0,33.97,422.891,3.8094444444444444
R2161,Zaragoza,Vitoria-Gasteiz,0.0,20.81,259.056,2.3605555555555555
R2162,Zaragoza,Zamora,0.0,42.5,529.105,4.830277777777778
